platform,account_id,post_id,published_at,likes,comments,metrics_observed_at,source,measurement_protocol
instagram,synthetic_instagram_01,synthetic_instagram_01_post_0001,2025-01-01T08:00:00-04:00,72,9,2025-01-03T08:00:00-04:00,synthetic,synthetic_fixed_48h
instagram,synthetic_instagram_01,synthetic_instagram_01_post_0002,2025-01-01T11:00:00-04:00,107,9,2025-01-03T11:00:00-04:00,synthetic,synthetic_fixed_48h
instagram,synthetic_instagram_01,synthetic_instagram_01_post_0003,2025-01-01T20:00:00-04:00,34,6,2025-01-03T20:00:00-04:00,synthetic,synthetic_fixed_48h
facebook,synthetic_facebook_01,synthetic_facebook_01_post_0001,2025-01-01T22:00:00-04:00,19,4,2025-01-03T22:00:00-04:00,synthetic,synthetic_fixed_48h
facebook,synthetic_facebook_02,synthetic_facebook_02_post_0001,2025-01-01T22:00:00-04:00,41,0,2025-01-03T22:00:00-04:00,synthetic,synthetic_fixed_48h
instagram,synthetic_instagram_03,synthetic_instagram_03_post_0001,2025-01-01T22:00:00-04:00,84,11,2025-01-03T22:00:00-04:00,synthetic,synthetic_fixed_48h
facebook,synthetic_facebook_03,synthetic_facebook_03_post_0001,2025-01-02T01:00:00-04:00,86,6,2025-01-04T01:00:00-04:00,synthetic,synthetic_fixed_48h
facebook,synthetic_facebook_02,synthetic_facebook_02_post_0002,2025-01-02T06:00:00-04:00,53,4,2025-01-04T06:00:00-04:00,synthetic,synthetic_fixed_48h
facebook,synthetic_facebook_03,synthetic_facebook_03_post_0002,2025-01-02T12:00:00-04:00,68,3,2025-01-04T12:00:00-04:00,synthetic,synthetic_fixed_48h
instagram,synthetic_instagram_01,synthetic_instagram_01_post_0004,2025-01-02T12:00:00-04:00,36,2,2025-01-04T12:00:00-04:00,synthetic,synthetic_fixed_48h
facebook,synthetic_facebook_01,synthetic_facebook_01_post_0002,2025-01-02T15:00:00-04:00,26,0,2025-01-04T15:00:00-04:00,synthetic,synthetic_fixed_48h
instagram,synthetic_instagram_03,synthetic_instagram_03_post_0002,2025-01-02T20:00:00-04:00,106,10,2025-01-04T20:00:00-04:00,synthetic,synthetic_fixed_48h
instagram,synthetic_instagram_03,synthetic_instagram_03_post_0003,2025-01-03T08:00:00-04:00,49,4,2025-01-05T08:00:00-04:00,synthetic,synthetic_fixed_48h
instagram,synthetic_instagram_02,synthetic_instagram_02_post_0001,2025-01-03T11:00:00-04:00,47,2,2025-01-05T11:00:00-04:00,synthetic,synthetic_fixed_48h
instagram,synthetic_instagram_01,synthetic_instagram_01_post_0005,2025-01-03T13:00:00-04:00,79,6,2025-01-05T13:00:00-04:00,synthetic,synthetic_fixed_48h
facebook,synthetic_facebook_02,synthetic_facebook_02_post_0003,2025-01-03T23:00:00-04:00,38,1,2025-01-05T23:00:00-04:00,synthetic,synthetic_fixed_48h
facebook,synthetic_facebook_03,synthetic_facebook_03_post_0003,2025-01-03T23:00:00-04:00,62,2,2025-01-05T23:00:00-04:00,synthetic,synthetic_fixed_48h
instagram,synthetic_instagram_01,synthetic_instagram_01_post_0006,2025-01-04T04:00:00-04:00,34,4,2025-01-06T04:00:00-04:00,synthetic,synthetic_fixed_48h
facebook,synthetic_facebook_03,synthetic_facebook_03_post_0004,2025-01-04T09:00:00-04:00,55,1,2025-01-06T09:00:00-04:00,synthetic,synthetic_fixed_48h
instagram,synthetic_instagram_01,synthetic_instagram_01_post_0007,2025-01-04T16:00:00-04:00,51,2,2025-01-06T16:00:00-04:00,synthetic,synthetic_fixed_48h
facebook,synthetic_facebook_02,synthetic_facebook_02_post_0004,2025-01-04T22:00:00-04:00,58,2,2025-01-06T22:00:00-04:00,synthetic,synthetic_fixed_48h
instagram,synthetic_instagram_01,synthetic_instagram_01_post_0008,2025-01-04T23:00:00-04:00,43,2,2025-01-06T23:00:00-04:00,synthetic,synthetic_fixed_48h
facebook,synthetic_facebook_01,synthetic_facebook_01_post_0003,2025-01-05T00:00:00-04:00,49,5,2025-01-07T00:00:00-04:00,synthetic,synthetic_fixed_48h
instagram,synthetic_instagram_03,synthetic_instagram_03_post_0004,2025-01-05T04:00:00-04:00,48,5,2025-01-07T04:00:00-04:00,synthetic,synthetic_fixed_48h
facebook,synthetic_facebook_03,synthetic_facebook_03_post_0005,2025-01-05T06:00:00-04:00,43,6,2025-01-07T06:00:00-04:00,synthetic,synthetic_fixed_48h
facebook,synthetic_facebook_03,synthetic_facebook_03_post_0006,2025-01-05T21:00:00-04:00,84,6,2025-01-07T21:00:00-04:00,synthetic,synthetic_fixed_48h
instagram,synthetic_instagram_01,synthetic_instagram_01_post_0009,2025-01-06T05:00:00-04:00,82,7,2025-01-08T05:00:00-04:00,synthetic,synthetic_fixed_48h
instagram,synthetic_instagram_02,synthetic_instagram_02_post_0002,2025-01-06T11:00:00-04:00,88,8,2025-01-08T11:00:00-04:00,synthetic,synthetic_fixed_48h
instagram,synthetic_instagram_02,synthetic_instagram_02_post_0003,2025-01-06T21:00:00-04:00,65,5,2025-01-08T21:00:00-04:00,synthetic,synthetic_fixed_48h
instagram,synthetic_instagram_01,synthetic_instagram_01_post_0010,2025-01-07T10:00:00-04:00,131,8,2025-01-09T10:00:00-04:00,synthetic,synthetic_fixed_48h
instagram,synthetic_instagram_02,synthetic_instagram_02_post_0004,2025-01-07T13:00:00-04:00,62,6,2025-01-09T13:00:00-04:00,synthetic,synthetic_fixed_48h
facebook,synthetic_facebook_01,synthetic_facebook_01_post_0004,2025-01-07T22:00:00-04:00,33,1,2025-01-09T22:00:00-04:00,synthetic,synthetic_fixed_48h
facebook,synthetic_facebook_01,synthetic_facebook_01_post_0005,2025-01-08T02:00:00-04:00,41,0,2025-01-10T02:00:00-04:00,synthetic,synthetic_fixed_48h
facebook,synthetic_facebook_01,synthetic_facebook_01_post_0006,2025-01-08T05:00:00-04:00,60,4,2025-01-10T05:00:00-04:00,synthetic,synthetic_fixed_48h
instagram,synthetic_instagram_03,synthetic_instagram_03_post_0005,2025-01-08T09:00:00-04:00,48,1,2025-01-10T09:00:00-04:00,synthetic,synthetic_fixed_48h
instagram,synthetic_instagram_03,synthetic_instagram_03_post_0006,2025-01-08T12:00:00-04:00,38,3,2025-01-10T12:00:00-04:00,synthetic,synthetic_fixed_48h
facebook,synthetic_facebook_02,synthetic_facebook_02_post_0005,2025-01-08T13:00:00-04:00,114,7,2025-01-10T13:00:00-04:00,synthetic,synthetic_fixed_48h
instagram,synthetic_instagram_03,synthetic_instagram_03_post_0007,2025-01-09T16:00:00-04:00,213,18,2025-01-11T16:00:00-04:00,synthetic,synthetic_fixed_48h
facebook,synthetic_facebook_02,synthetic_facebook_02_post_0006,2025-01-09T18:00:00-04:00,109,5,2025-01-11T18:00:00-04:00,synthetic,synthetic_fixed_48h
instagram,synthetic_instagram_02,synthetic_instagram_02_post_0005,2025-01-09T23:00:00-04:00,99,10,2025-01-11T23:00:00-04:00,synthetic,synthetic_fixed_48h
facebook,synthetic_facebook_01,synthetic_facebook_01_post_0007,2025-01-10T00:00:00-04:00,24,2,2025-01-12T00:00:00-04:00,synthetic,synthetic_fixed_48h
instagram,synthetic_instagram_02,synthetic_instagram_02_post_0006,2025-01-10T04:00:00-04:00,52,6,2025-01-12T04:00:00-04:00,synthetic,synthetic_fixed_48h
facebook,synthetic_facebook_03,synthetic_facebook_03_post_0007,2025-01-10T13:00:00-04:00,72,5,2025-01-12T13:00:00-04:00,synthetic,synthetic_fixed_48h
facebook,synthetic_facebook_03,synthetic_facebook_03_post_0008,2025-01-10T21:00:00-04:00,190,16,2025-01-12T21:00:00-04:00,synthetic,synthetic_fixed_48h
instagram,synthetic_instagram_02,synthetic_instagram_02_post_0007,2025-01-11T03:00:00-04:00,85,7,2025-01-13T03:00:00-04:00,synthetic,synthetic_fixed_48h
facebook,synthetic_facebook_01,synthetic_facebook_01_post_0008,2025-01-11T09:00:00-04:00,56,4,2025-01-13T09:00:00-04:00,synthetic,synthetic_fixed_48h
instagram,synthetic_instagram_02,synthetic_instagram_02_post_0008,2025-01-11T10:00:00-04:00,54,4,2025-01-13T10:00:00-04:00,synthetic,synthetic_fixed_48h
facebook,synthetic_facebook_03,synthetic_facebook_03_post_0009,2025-01-11T14:00:00-04:00,75,7,2025-01-13T14:00:00-04:00,synthetic,synthetic_fixed_48h
instagram,synthetic_instagram_01,synthetic_instagram_01_post_0011,2025-01-11T14:00:00-04:00,58,2,2025-01-13T14:00:00-04:00,synthetic,synthetic_fixed_48h
facebook,synthetic_facebook_01,synthetic_facebook_01_post_0009,2025-01-12T05:00:00-04:00,96,8,2025-01-14T05:00:00-04:00,synthetic,synthetic_fixed_48h
instagram,synthetic_instagram_02,synthetic_instagram_02_post_0009,2025-01-12T06:00:00-04:00,32,1,2025-01-14T06:00:00-04:00,synthetic,synthetic_fixed_48h
instagram,synthetic_instagram_03,synthetic_instagram_03_post_0008,2025-01-12T06:00:00-04:00,95,6,2025-01-14T06:00:00-04:00,synthetic,synthetic_fixed_48h
facebook,synthetic_facebook_02,synthetic_facebook_02_post_0007,2025-01-12T07:00:00-04:00,58,5,2025-01-14T07:00:00-04:00,synthetic,synthetic_fixed_48h
facebook,synthetic_facebook_02,synthetic_facebook_02_post_0008,2025-01-12T11:00:00-04:00,78,4,2025-01-14T11:00:00-04:00,synthetic,synthetic_fixed_48h
instagram,synthetic_instagram_01,synthetic_instagram_01_post_0012,2025-01-12T11:00:00-04:00,90,8,2025-01-14T11:00:00-04:00,synthetic,synthetic_fixed_48h
instagram,synthetic_instagram_03,synthetic_instagram_03_post_0009,2025-01-12T21:00:00-04:00,84,6,2025-01-14T21:00:00-04:00,synthetic,synthetic_fixed_48h
facebook,synthetic_facebook_03,synthetic_facebook_03_post_0010,2025-01-13T11:00:00-04:00,76,4,2025-01-15T11:00:00-04:00,synthetic,synthetic_fixed_48h
facebook,synthetic_facebook_01,synthetic_facebook_01_post_0010,2025-01-13T20:00:00-04:00,41,0,2025-01-15T20:00:00-04:00,synthetic,synthetic_fixed_48h
instagram,synthetic_instagram_03,synthetic_instagram_03_post_0010,2025-01-13T22:00:00-04:00,97,9,2025-01-15T22:00:00-04:00,synthetic,synthetic_fixed_48h
facebook,synthetic_facebook_02,synthetic_facebook_02_post_0009,2025-01-14T03:00:00-04:00,35,4,2025-01-16T03:00:00-04:00,synthetic,synthetic_fixed_48h
facebook,synthetic_facebook_03,synthetic_facebook_03_post_0011,2025-01-14T09:00:00-04:00,61,1,2025-01-16T09:00:00-04:00,synthetic,synthetic_fixed_48h
instagram,synthetic_instagram_02,synthetic_instagram_02_post_0010,2025-01-14T09:00:00-04:00,107,6,2025-01-16T09:00:00-04:00,synthetic,synthetic_fixed_48h
instagram,synthetic_instagram_03,synthetic_instagram_03_post_0011,2025-01-14T09:00:00-04:00,46,4,2025-01-16T09:00:00-04:00,synthetic,synthetic_fixed_48h
instagram,synthetic_instagram_03,synthetic_instagram_03_post_0012,2025-01-14T12:00:00-04:00,43,4,2025-01-16T12:00:00-04:00,synthetic,synthetic_fixed_48h
instagram,synthetic_instagram_02,synthetic_instagram_02_post_0011,2025-01-15T00:00:00-04:00,113,11,2025-01-17T00:00:00-04:00,synthetic,synthetic_fixed_48h
facebook,synthetic_facebook_01,synthetic_facebook_01_post_0011,2025-01-15T03:00:00-04:00,54,2,2025-01-17T03:00:00-04:00,synthetic,synthetic_fixed_48h
facebook,synthetic_facebook_02,synthetic_facebook_02_post_0010,2025-01-15T03:00:00-04:00,67,4,2025-01-17T03:00:00-04:00,synthetic,synthetic_fixed_48h
instagram,synthetic_instagram_03,synthetic_instagram_03_post_0013,2025-01-15T03:00:00-04:00,118,10,2025-01-17T03:00:00-04:00,synthetic,synthetic_fixed_48h
facebook,synthetic_facebook_02,synthetic_facebook_02_post_0011,2025-01-15T08:00:00-04:00,50,5,2025-01-17T08:00:00-04:00,synthetic,synthetic_fixed_48h
instagram,synthetic_instagram_02,synthetic_instagram_02_post_0012,2025-01-15T11:00:00-04:00,158,12,2025-01-17T11:00:00-04:00,synthetic,synthetic_fixed_48h
facebook,synthetic_facebook_01,synthetic_facebook_01_post_0012,2025-01-15T15:00:00-04:00,24,2,2025-01-17T15:00:00-04:00,synthetic,synthetic_fixed_48h
facebook,synthetic_facebook_02,synthetic_facebook_02_post_0012,2025-01-15T16:00:00-04:00,266,17,2025-01-17T16:00:00-04:00,synthetic,synthetic_fixed_48h
instagram,synthetic_instagram_02,synthetic_instagram_02_post_0013,2025-01-15T18:00:00-04:00,130,9,2025-01-17T18:00:00-04:00,synthetic,synthetic_fixed_48h
instagram,synthetic_instagram_01,synthetic_instagram_01_post_0013,2025-01-16T09:00:00-04:00,75,11,2025-01-18T09:00:00-04:00,synthetic,synthetic_fixed_48h
instagram,synthetic_instagram_03,synthetic_instagram_03_post_0014,2025-01-16T13:00:00-04:00,92,2,2025-01-18T13:00:00-04:00,synthetic,synthetic_fixed_48h
instagram,synthetic_instagram_02,synthetic_instagram_02_post_0014,2025-01-16T18:00:00-04:00,94,9,2025-01-18T18:00:00-04:00,synthetic,synthetic_fixed_48h
facebook,synthetic_facebook_01,synthetic_facebook_01_post_0013,2025-01-16T19:00:00-04:00,21,0,2025-01-18T19:00:00-04:00,synthetic,synthetic_fixed_48h
instagram,synthetic_instagram_03,synthetic_instagram_03_post_0015,2025-01-16T23:00:00-04:00,118,8,2025-01-18T23:00:00-04:00,synthetic,synthetic_fixed_48h
facebook,synthetic_facebook_03,synthetic_facebook_03_post_0012,2025-01-17T08:00:00-04:00,61,5,2025-01-19T08:00:00-04:00,synthetic,synthetic_fixed_48h
facebook,synthetic_facebook_01,synthetic_facebook_01_post_0014,2025-01-17T20:00:00-04:00,16,3,2025-01-19T20:00:00-04:00,synthetic,synthetic_fixed_48h
instagram,synthetic_instagram_02,synthetic_instagram_02_post_0015,2025-01-17T22:00:00-04:00,173,18,2025-01-19T22:00:00-04:00,synthetic,synthetic_fixed_48h
instagram,synthetic_instagram_03,synthetic_instagram_03_post_0016,2025-01-18T03:00:00-04:00,173,15,2025-01-20T03:00:00-04:00,synthetic,synthetic_fixed_48h
facebook,synthetic_facebook_01,synthetic_facebook_01_post_0015,2025-01-18T07:00:00-04:00,78,7,2025-01-20T07:00:00-04:00,synthetic,synthetic_fixed_48h
instagram,synthetic_instagram_03,synthetic_instagram_03_post_0017,2025-01-18T09:00:00-04:00,103,7,2025-01-20T09:00:00-04:00,synthetic,synthetic_fixed_48h
instagram,synthetic_instagram_02,synthetic_instagram_02_post_0016,2025-01-18T10:00:00-04:00,81,5,2025-01-20T10:00:00-04:00,synthetic,synthetic_fixed_48h
facebook,synthetic_facebook_02,synthetic_facebook_02_post_0013,2025-01-19T05:00:00-04:00,25,0,2025-01-21T05:00:00-04:00,synthetic,synthetic_fixed_48h
facebook,synthetic_facebook_03,synthetic_facebook_03_post_0013,2025-01-19T06:00:00-04:00,30,1,2025-01-21T06:00:00-04:00,synthetic,synthetic_fixed_48h
facebook,synthetic_facebook_01,synthetic_facebook_01_post_0016,2025-01-19T12:00:00-04:00,95,7,2025-01-21T12:00:00-04:00,synthetic,synthetic_fixed_48h
instagram,synthetic_instagram_01,synthetic_instagram_01_post_0014,2025-01-19T12:00:00-04:00,233,17,2025-01-21T12:00:00-04:00,synthetic,synthetic_fixed_48h
instagram,synthetic_instagram_02,synthetic_instagram_02_post_0017,2025-01-19T12:00:00-04:00,59,2,2025-01-21T12:00:00-04:00,synthetic,synthetic_fixed_48h
instagram,synthetic_instagram_02,synthetic_instagram_02_post_0018,2025-01-19T14:00:00-04:00,115,9,2025-01-21T14:00:00-04:00,synthetic,synthetic_fixed_48h
instagram,synthetic_instagram_01,synthetic_instagram_01_post_0015,2025-01-19T19:00:00-04:00,82,7,2025-01-21T19:00:00-04:00,synthetic,synthetic_fixed_48h
instagram,synthetic_instagram_02,synthetic_instagram_02_post_0019,2025-01-19T19:00:00-04:00,155,12,2025-01-21T19:00:00-04:00,synthetic,synthetic_fixed_48h
instagram,synthetic_instagram_01,synthetic_instagram_01_post_0016,2025-01-20T05:00:00-04:00,110,11,2025-01-22T05:00:00-04:00,synthetic,synthetic_fixed_48h
instagram,synthetic_instagram_03,synthetic_instagram_03_post_0018,2025-01-20T07:00:00-04:00,87,10,2025-01-22T07:00:00-04:00,synthetic,synthetic_fixed_48h
instagram,synthetic_instagram_03,synthetic_instagram_03_post_0019,2025-01-20T09:00:00-04:00,44,4,2025-01-22T09:00:00-04:00,synthetic,synthetic_fixed_48h
facebook,synthetic_facebook_02,synthetic_facebook_02_post_0014,2025-01-21T00:00:00-04:00,46,4,2025-01-23T00:00:00-04:00,synthetic,synthetic_fixed_48h
instagram,synthetic_instagram_01,synthetic_instagram_01_post_0017,2025-01-21T00:00:00-04:00,43,3,2025-01-23T00:00:00-04:00,synthetic,synthetic_fixed_48h
instagram,synthetic_instagram_02,synthetic_instagram_02_post_0020,2025-01-21T03:00:00-04:00,57,2,2025-01-23T03:00:00-04:00,synthetic,synthetic_fixed_48h
facebook,synthetic_facebook_01,synthetic_facebook_01_post_0017,2025-01-21T04:00:00-04:00,59,5,2025-01-23T04:00:00-04:00,synthetic,synthetic_fixed_48h
instagram,synthetic_instagram_02,synthetic_instagram_02_post_0021,2025-01-21T07:00:00-04:00,61,4,2025-01-23T07:00:00-04:00,synthetic,synthetic_fixed_48h
facebook,synthetic_facebook_01,synthetic_facebook_01_post_0018,2025-01-21T11:00:00-04:00,64,4,2025-01-23T11:00:00-04:00,synthetic,synthetic_fixed_48h
facebook,synthetic_facebook_03,synthetic_facebook_03_post_0014,2025-01-21T12:00:00-04:00,88,5,2025-01-23T12:00:00-04:00,synthetic,synthetic_fixed_48h
facebook,synthetic_facebook_03,synthetic_facebook_03_post_0015,2025-01-21T14:00:00-04:00,55,6,2025-01-23T14:00:00-04:00,synthetic,synthetic_fixed_48h
instagram,synthetic_instagram_03,synthetic_instagram_03_post_0020,2025-01-22T00:00:00-04:00,153,6,2025-01-24T00:00:00-04:00,synthetic,synthetic_fixed_48h
facebook,synthetic_facebook_01,synthetic_facebook_01_post_0019,2025-01-22T01:00:00-04:00,46,4,2025-01-24T01:00:00-04:00,synthetic,synthetic_fixed_48h
instagram,synthetic_instagram_01,synthetic_instagram_01_post_0018,2025-01-22T03:00:00-04:00,70,4,2025-01-24T03:00:00-04:00,synthetic,synthetic_fixed_48h
instagram,synthetic_instagram_03,synthetic_instagram_03_post_0021,2025-01-22T05:00:00-04:00,61,2,2025-01-24T05:00:00-04:00,synthetic,synthetic_fixed_48h
instagram,synthetic_instagram_01,synthetic_instagram_01_post_0019,2025-01-22T10:00:00-04:00,105,10,2025-01-24T10:00:00-04:00,synthetic,synthetic_fixed_48h
facebook,synthetic_facebook_03,synthetic_facebook_03_post_0016,2025-01-22T16:00:00-04:00,82,8,2025-01-24T16:00:00-04:00,synthetic,synthetic_fixed_48h
instagram,synthetic_instagram_02,synthetic_instagram_02_post_0022,2025-01-22T22:00:00-04:00,151,14,2025-01-24T22:00:00-04:00,synthetic,synthetic_fixed_48h
instagram,synthetic_instagram_02,synthetic_instagram_02_post_0023,2025-01-23T16:00:00-04:00,161,15,2025-01-25T16:00:00-04:00,synthetic,synthetic_fixed_48h
facebook,synthetic_facebook_03,synthetic_facebook_03_post_0017,2025-01-23T17:00:00-04:00,177,12,2025-01-25T17:00:00-04:00,synthetic,synthetic_fixed_48h
instagram,synthetic_instagram_02,synthetic_instagram_02_post_0024,2025-01-23T19:00:00-04:00,184,12,2025-01-25T19:00:00-04:00,synthetic,synthetic_fixed_48h
instagram,synthetic_instagram_03,synthetic_instagram_03_post_0022,2025-01-23T23:00:00-04:00,152,12,2025-01-25T23:00:00-04:00,synthetic,synthetic_fixed_48h
instagram,synthetic_instagram_01,synthetic_instagram_01_post_0020,2025-01-24T01:00:00-04:00,20,5,2025-01-26T01:00:00-04:00,synthetic,synthetic_fixed_48h
instagram,synthetic_instagram_02,synthetic_instagram_02_post_0025,2025-01-24T01:00:00-04:00,134,11,2025-01-26T01:00:00-04:00,synthetic,synthetic_fixed_48h
facebook,synthetic_facebook_03,synthetic_facebook_03_post_0018,2025-01-24T02:00:00-04:00,162,8,2025-01-26T02:00:00-04:00,synthetic,synthetic_fixed_48h
facebook,synthetic_facebook_01,synthetic_facebook_01_post_0020,2025-01-24T06:00:00-04:00,70,1,2025-01-26T06:00:00-04:00,synthetic,synthetic_fixed_48h
instagram,synthetic_instagram_03,synthetic_instagram_03_post_0023,2025-01-24T12:00:00-04:00,68,5,2025-01-26T12:00:00-04:00,synthetic,synthetic_fixed_48h
instagram,synthetic_instagram_01,synthetic_instagram_01_post_0021,2025-01-24T13:00:00-04:00,122,13,2025-01-26T13:00:00-04:00,synthetic,synthetic_fixed_48h
facebook,synthetic_facebook_03,synthetic_facebook_03_post_0019,2025-01-24T17:00:00-04:00,74,6,2025-01-26T17:00:00-04:00,synthetic,synthetic_fixed_48h
facebook,synthetic_facebook_02,synthetic_facebook_02_post_0015,2025-01-24T19:00:00-04:00,70,4,2025-01-26T19:00:00-04:00,synthetic,synthetic_fixed_48h
facebook,synthetic_facebook_03,synthetic_facebook_03_post_0020,2025-01-24T20:00:00-04:00,213,14,2025-01-26T20:00:00-04:00,synthetic,synthetic_fixed_48h
facebook,synthetic_facebook_03,synthetic_facebook_03_post_0021,2025-01-25T08:00:00-04:00,52,0,2025-01-27T08:00:00-04:00,synthetic,synthetic_fixed_48h
facebook,synthetic_facebook_03,synthetic_facebook_03_post_0022,2025-01-25T14:00:00-04:00,87,9,2025-01-27T14:00:00-04:00,synthetic,synthetic_fixed_48h
facebook,synthetic_facebook_01,synthetic_facebook_01_post_0021,2025-01-25T20:00:00-04:00,25,1,2025-01-27T20:00:00-04:00,synthetic,synthetic_fixed_48h
facebook,synthetic_facebook_02,synthetic_facebook_02_post_0016,2025-01-26T05:00:00-04:00,43,1,2025-01-28T05:00:00-04:00,synthetic,synthetic_fixed_48h
facebook,synthetic_facebook_02,synthetic_facebook_02_post_0017,2025-01-26T13:00:00-04:00,163,13,2025-01-28T13:00:00-04:00,synthetic,synthetic_fixed_48h
facebook,synthetic_facebook_01,synthetic_facebook_01_post_0022,2025-01-26T17:00:00-04:00,34,2,2025-01-28T17:00:00-04:00,synthetic,synthetic_fixed_48h
facebook,synthetic_facebook_02,synthetic_facebook_02_post_0018,2025-01-26T22:00:00-04:00,35,2,2025-01-28T22:00:00-04:00,synthetic,synthetic_fixed_48h
facebook,synthetic_facebook_03,synthetic_facebook_03_post_0023,2025-01-27T00:00:00-04:00,63,4,2025-01-29T00:00:00-04:00,synthetic,synthetic_fixed_48h
facebook,synthetic_facebook_02,synthetic_facebook_02_post_0019,2025-01-27T03:00:00-04:00,47,2,2025-01-29T03:00:00-04:00,synthetic,synthetic_fixed_48h
facebook,synthetic_facebook_02,synthetic_facebook_02_post_0020,2025-01-27T10:00:00-04:00,87,6,2025-01-29T10:00:00-04:00,synthetic,synthetic_fixed_48h
facebook,synthetic_facebook_01,synthetic_facebook_01_post_0023,2025-01-27T12:00:00-04:00,72,5,2025-01-29T12:00:00-04:00,synthetic,synthetic_fixed_48h
facebook,synthetic_facebook_01,synthetic_facebook_01_post_0024,2025-01-27T17:00:00-04:00,74,5,2025-01-29T17:00:00-04:00,synthetic,synthetic_fixed_48h
facebook,synthetic_facebook_02,synthetic_facebook_02_post_0021,2025-01-27T17:00:00-04:00,82,6,2025-01-29T17:00:00-04:00,synthetic,synthetic_fixed_48h
instagram,synthetic_instagram_01,synthetic_instagram_01_post_0022,2025-01-27T20:00:00-04:00,97,7,2025-01-29T20:00:00-04:00,synthetic,synthetic_fixed_48h
instagram,synthetic_instagram_03,synthetic_instagram_03_post_0024,2025-01-27T23:00:00-04:00,238,20,2025-01-29T23:00:00-04:00,synthetic,synthetic_fixed_48h
facebook,synthetic_facebook_01,synthetic_facebook_01_post_0025,2025-01-28T06:00:00-04:00,96,8,2025-01-30T06:00:00-04:00,synthetic,synthetic_fixed_48h
facebook,synthetic_facebook_01,synthetic_facebook_01_post_0026,2025-01-28T09:00:00-04:00,152,9,2025-01-30T09:00:00-04:00,synthetic,synthetic_fixed_48h
facebook,synthetic_facebook_02,synthetic_facebook_02_post_0022,2025-01-28T12:00:00-04:00,53,6,2025-01-30T12:00:00-04:00,synthetic,synthetic_fixed_48h
instagram,synthetic_instagram_02,synthetic_instagram_02_post_0026,2025-01-28T19:00:00-04:00,94,6,2025-01-30T19:00:00-04:00,synthetic,synthetic_fixed_48h
facebook,synthetic_facebook_01,synthetic_facebook_01_post_0027,2025-01-29T00:00:00-04:00,54,6,2025-01-31T00:00:00-04:00,synthetic,synthetic_fixed_48h
instagram,synthetic_instagram_01,synthetic_instagram_01_post_0023,2025-01-29T05:00:00-04:00,68,6,2025-01-31T05:00:00-04:00,synthetic,synthetic_fixed_48h
instagram,synthetic_instagram_02,synthetic_instagram_02_post_0027,2025-01-29T16:00:00-04:00,141,13,2025-01-31T16:00:00-04:00,synthetic,synthetic_fixed_48h
facebook,synthetic_facebook_01,synthetic_facebook_01_post_0028,2025-01-30T03:00:00-04:00,123,9,2025-02-01T03:00:00-04:00,synthetic,synthetic_fixed_48h
facebook,synthetic_facebook_01,synthetic_facebook_01_post_0029,2025-01-30T14:00:00-04:00,53,1,2025-02-01T14:00:00-04:00,synthetic,synthetic_fixed_48h
instagram,synthetic_instagram_03,synthetic_instagram_03_post_0025,2025-01-30T14:00:00-04:00,65,7,2025-02-01T14:00:00-04:00,synthetic,synthetic_fixed_48h
instagram,synthetic_instagram_01,synthetic_instagram_01_post_0024,2025-01-30T18:00:00-04:00,46,5,2025-02-01T18:00:00-04:00,synthetic,synthetic_fixed_48h
facebook,synthetic_facebook_02,synthetic_facebook_02_post_0023,2025-01-30T20:00:00-04:00,68,7,2025-02-01T20:00:00-04:00,synthetic,synthetic_fixed_48h
instagram,synthetic_instagram_01,synthetic_instagram_01_post_0025,2025-01-30T20:00:00-04:00,24,2,2025-02-01T20:00:00-04:00,synthetic,synthetic_fixed_48h
instagram,synthetic_instagram_02,synthetic_instagram_02_post_0028,2025-01-31T06:00:00-04:00,80,6,2025-02-02T06:00:00-04:00,synthetic,synthetic_fixed_48h
facebook,synthetic_facebook_01,synthetic_facebook_01_post_0030,2025-01-31T11:00:00-04:00,60,5,2025-02-02T11:00:00-04:00,synthetic,synthetic_fixed_48h
instagram,synthetic_instagram_01,synthetic_instagram_01_post_0026,2025-01-31T22:00:00-04:00,23,0,2025-02-02T22:00:00-04:00,synthetic,synthetic_fixed_48h
instagram,synthetic_instagram_03,synthetic_instagram_03_post_0026,2025-02-01T06:00:00-04:00,73,6,2025-02-03T06:00:00-04:00,synthetic,synthetic_fixed_48h
facebook,synthetic_facebook_03,synthetic_facebook_03_post_0024,2025-02-01T11:00:00-04:00,89,5,2025-02-03T11:00:00-04:00,synthetic,synthetic_fixed_48h
facebook,synthetic_facebook_01,synthetic_facebook_01_post_0031,2025-02-01T13:00:00-04:00,55,4,2025-02-03T13:00:00-04:00,synthetic,synthetic_fixed_48h
facebook,synthetic_facebook_02,synthetic_facebook_02_post_0024,2025-02-01T21:00:00-04:00,74,3,2025-02-03T21:00:00-04:00,synthetic,synthetic_fixed_48h
instagram,synthetic_instagram_01,synthetic_instagram_01_post_0027,2025-02-02T01:00:00-04:00,23,1,2025-02-04T01:00:00-04:00,synthetic,synthetic_fixed_48h
facebook,synthetic_facebook_02,synthetic_facebook_02_post_0025,2025-02-02T03:00:00-04:00,23,3,2025-02-04T03:00:00-04:00,synthetic,synthetic_fixed_48h
facebook,synthetic_facebook_03,synthetic_facebook_03_post_0025,2025-02-02T05:00:00-04:00,54,4,2025-02-04T05:00:00-04:00,synthetic,synthetic_fixed_48h
facebook,synthetic_facebook_02,synthetic_facebook_02_post_0026,2025-02-02T06:00:00-04:00,49,4,2025-02-04T06:00:00-04:00,synthetic,synthetic_fixed_48h
instagram,synthetic_instagram_01,synthetic_instagram_01_post_0028,2025-02-02T11:00:00-04:00,83,8,2025-02-04T11:00:00-04:00,synthetic,synthetic_fixed_48h
instagram,synthetic_instagram_03,synthetic_instagram_03_post_0027,2025-02-02T15:00:00-04:00,79,7,2025-02-04T15:00:00-04:00,synthetic,synthetic_fixed_48h
facebook,synthetic_facebook_02,synthetic_facebook_02_post_0027,2025-02-02T19:00:00-04:00,88,2,2025-02-04T19:00:00-04:00,synthetic,synthetic_fixed_48h
facebook,synthetic_facebook_01,synthetic_facebook_01_post_0032,2025-02-02T20:00:00-04:00,34,1,2025-02-04T20:00:00-04:00,synthetic,synthetic_fixed_48h
instagram,synthetic_instagram_01,synthetic_instagram_01_post_0029,2025-02-03T03:00:00-04:00,45,0,2025-02-05T03:00:00-04:00,synthetic,synthetic_fixed_48h
facebook,synthetic_facebook_01,synthetic_facebook_01_post_0033,2025-02-03T04:00:00-04:00,47,1,2025-02-05T04:00:00-04:00,synthetic,synthetic_fixed_48h
instagram,synthetic_instagram_03,synthetic_instagram_03_post_0028,2025-02-03T05:00:00-04:00,110,9,2025-02-05T05:00:00-04:00,synthetic,synthetic_fixed_48h
instagram,synthetic_instagram_01,synthetic_instagram_01_post_0030,2025-02-03T06:00:00-04:00,86,5,2025-02-05T06:00:00-04:00,synthetic,synthetic_fixed_48h
facebook,synthetic_facebook_01,synthetic_facebook_01_post_0034,2025-02-03T09:00:00-04:00,127,6,2025-02-05T09:00:00-04:00,synthetic,synthetic_fixed_48h
facebook,synthetic_facebook_02,synthetic_facebook_02_post_0028,2025-02-03T10:00:00-04:00,132,7,2025-02-05T10:00:00-04:00,synthetic,synthetic_fixed_48h
facebook,synthetic_facebook_01,synthetic_facebook_01_post_0035,2025-02-03T12:00:00-04:00,67,4,2025-02-05T12:00:00-04:00,synthetic,synthetic_fixed_48h
instagram,synthetic_instagram_01,synthetic_instagram_01_post_0031,2025-02-03T19:00:00-04:00,90,7,2025-02-05T19:00:00-04:00,synthetic,synthetic_fixed_48h
instagram,synthetic_instagram_02,synthetic_instagram_02_post_0029,2025-02-04T03:00:00-04:00,52,4,2025-02-06T03:00:00-04:00,synthetic,synthetic_fixed_48h
facebook,synthetic_facebook_03,synthetic_facebook_03_post_0026,2025-02-04T04:00:00-04:00,77,5,2025-02-06T04:00:00-04:00,synthetic,synthetic_fixed_48h
facebook,synthetic_facebook_02,synthetic_facebook_02_post_0029,2025-02-04T06:00:00-04:00,54,2,2025-02-06T06:00:00-04:00,synthetic,synthetic_fixed_48h
instagram,synthetic_instagram_02,synthetic_instagram_02_post_0030,2025-02-04T11:00:00-04:00,147,13,2025-02-06T11:00:00-04:00,synthetic,synthetic_fixed_48h
facebook,synthetic_facebook_02,synthetic_facebook_02_post_0030,2025-02-05T03:00:00-04:00,62,5,2025-02-07T03:00:00-04:00,synthetic,synthetic_fixed_48h
instagram,synthetic_instagram_02,synthetic_instagram_02_post_0031,2025-02-05T03:00:00-04:00,43,0,2025-02-07T03:00:00-04:00,synthetic,synthetic_fixed_48h
facebook,synthetic_facebook_02,synthetic_facebook_02_post_0031,2025-02-05T04:00:00-04:00,67,5,2025-02-07T04:00:00-04:00,synthetic,synthetic_fixed_48h
instagram,synthetic_instagram_03,synthetic_instagram_03_post_0029,2025-02-05T07:00:00-04:00,62,5,2025-02-07T07:00:00-04:00,synthetic,synthetic_fixed_48h
facebook,synthetic_facebook_01,synthetic_facebook_01_post_0036,2025-02-05T08:00:00-04:00,47,5,2025-02-07T08:00:00-04:00,synthetic,synthetic_fixed_48h
instagram,synthetic_instagram_01,synthetic_instagram_01_post_0032,2025-02-05T11:00:00-04:00,141,12,2025-02-07T11:00:00-04:00,synthetic,synthetic_fixed_48h
facebook,synthetic_facebook_01,synthetic_facebook_01_post_0037,2025-02-05T12:00:00-04:00,46,5,2025-02-07T12:00:00-04:00,synthetic,synthetic_fixed_48h
instagram,synthetic_instagram_01,synthetic_instagram_01_post_0033,2025-02-05T14:00:00-04:00,150,17,2025-02-07T14:00:00-04:00,synthetic,synthetic_fixed_48h
facebook,synthetic_facebook_02,synthetic_facebook_02_post_0032,2025-02-05T20:00:00-04:00,97,9,2025-02-07T20:00:00-04:00,synthetic,synthetic_fixed_48h
facebook,synthetic_facebook_02,synthetic_facebook_02_post_0033,2025-02-05T21:00:00-04:00,83,3,2025-02-07T21:00:00-04:00,synthetic,synthetic_fixed_48h
facebook,synthetic_facebook_02,synthetic_facebook_02_post_0034,2025-02-05T23:00:00-04:00,58,1,2025-02-07T23:00:00-04:00,synthetic,synthetic_fixed_48h
facebook,synthetic_facebook_02,synthetic_facebook_02_post_0035,2025-02-06T04:00:00-04:00,50,4,2025-02-08T04:00:00-04:00,synthetic,synthetic_fixed_48h
facebook,synthetic_facebook_02,synthetic_facebook_02_post_0036,2025-02-06T07:00:00-04:00,58,7,2025-02-08T07:00:00-04:00,synthetic,synthetic_fixed_48h
instagram,synthetic_instagram_03,synthetic_instagram_03_post_0030,2025-02-06T09:00:00-04:00,47,1,2025-02-08T09:00:00-04:00,synthetic,synthetic_fixed_48h
facebook,synthetic_facebook_01,synthetic_facebook_01_post_0038,2025-02-06T11:00:00-04:00,48,4,2025-02-08T11:00:00-04:00,synthetic,synthetic_fixed_48h
facebook,synthetic_facebook_02,synthetic_facebook_02_post_0037,2025-02-06T12:00:00-04:00,132,9,2025-02-08T12:00:00-04:00,synthetic,synthetic_fixed_48h
instagram,synthetic_instagram_02,synthetic_instagram_02_post_0032,2025-02-06T13:00:00-04:00,96,11,2025-02-08T13:00:00-04:00,synthetic,synthetic_fixed_48h
instagram,synthetic_instagram_01,synthetic_instagram_01_post_0034,2025-02-06T16:00:00-04:00,127,7,2025-02-08T16:00:00-04:00,synthetic,synthetic_fixed_48h
instagram,synthetic_instagram_02,synthetic_instagram_02_post_0033,2025-02-07T05:00:00-04:00,36,1,2025-02-09T05:00:00-04:00,synthetic,synthetic_fixed_48h
facebook,synthetic_facebook_03,synthetic_facebook_03_post_0027,2025-02-07T11:00:00-04:00,94,9,2025-02-09T11:00:00-04:00,synthetic,synthetic_fixed_48h
facebook,synthetic_facebook_03,synthetic_facebook_03_post_0028,2025-02-07T17:00:00-04:00,170,12,2025-02-09T17:00:00-04:00,synthetic,synthetic_fixed_48h
facebook,synthetic_facebook_02,synthetic_facebook_02_post_0038,2025-02-07T19:00:00-04:00,51,5,2025-02-09T19:00:00-04:00,synthetic,synthetic_fixed_48h
instagram,synthetic_instagram_03,synthetic_instagram_03_post_0031,2025-02-08T05:00:00-04:00,152,11,2025-02-10T05:00:00-04:00,synthetic,synthetic_fixed_48h
instagram,synthetic_instagram_01,synthetic_instagram_01_post_0035,2025-02-08T06:00:00-04:00,52,5,2025-02-10T06:00:00-04:00,synthetic,synthetic_fixed_48h
instagram,synthetic_instagram_02,synthetic_instagram_02_post_0034,2025-02-08T07:00:00-04:00,33,1,2025-02-10T07:00:00-04:00,synthetic,synthetic_fixed_48h
facebook,synthetic_facebook_02,synthetic_facebook_02_post_0039,2025-02-08T17:00:00-04:00,75,4,2025-02-10T17:00:00-04:00,synthetic,synthetic_fixed_48h
instagram,synthetic_instagram_03,synthetic_instagram_03_post_0032,2025-02-08T18:00:00-04:00,141,8,2025-02-10T18:00:00-04:00,synthetic,synthetic_fixed_48h
facebook,synthetic_facebook_02,synthetic_facebook_02_post_0040,2025-02-08T19:00:00-04:00,23,0,2025-02-10T19:00:00-04:00,synthetic,synthetic_fixed_48h
facebook,synthetic_facebook_01,synthetic_facebook_01_post_0039,2025-02-08T21:00:00-04:00,20,4,2025-02-10T21:00:00-04:00,synthetic,synthetic_fixed_48h
facebook,synthetic_facebook_02,synthetic_facebook_02_post_0041,2025-02-08T22:00:00-04:00,18,0,2025-02-10T22:00:00-04:00,synthetic,synthetic_fixed_48h
facebook,synthetic_facebook_02,synthetic_facebook_02_post_0042,2025-02-08T23:00:00-04:00,37,2,2025-02-10T23:00:00-04:00,synthetic,synthetic_fixed_48h
instagram,synthetic_instagram_02,synthetic_instagram_02_post_0035,2025-02-09T03:00:00-04:00,31,3,2025-02-11T03:00:00-04:00,synthetic,synthetic_fixed_48h
facebook,synthetic_facebook_02,synthetic_facebook_02_post_0043,2025-02-09T07:00:00-04:00,35,0,2025-02-11T07:00:00-04:00,synthetic,synthetic_fixed_48h
instagram,synthetic_instagram_01,synthetic_instagram_01_post_0036,2025-02-09T10:00:00-04:00,58,3,2025-02-11T10:00:00-04:00,synthetic,synthetic_fixed_48h
instagram,synthetic_instagram_03,synthetic_instagram_03_post_0033,2025-02-09T17:00:00-04:00,178,15,2025-02-11T17:00:00-04:00,synthetic,synthetic_fixed_48h
instagram,synthetic_instagram_03,synthetic_instagram_03_post_0034,2025-02-10T00:00:00-04:00,163,9,2025-02-12T00:00:00-04:00,synthetic,synthetic_fixed_48h
instagram,synthetic_instagram_02,synthetic_instagram_02_post_0036,2025-02-10T08:00:00-04:00,40,3,2025-02-12T08:00:00-04:00,synthetic,synthetic_fixed_48h
facebook,synthetic_facebook_03,synthetic_facebook_03_post_0029,2025-02-10T18:00:00-04:00,50,5,2025-02-12T18:00:00-04:00,synthetic,synthetic_fixed_48h
instagram,synthetic_instagram_01,synthetic_instagram_01_post_0037,2025-02-10T18:00:00-04:00,39,1,2025-02-12T18:00:00-04:00,synthetic,synthetic_fixed_48h
instagram,synthetic_instagram_01,synthetic_instagram_01_post_0038,2025-02-10T21:00:00-04:00,50,6,2025-02-12T21:00:00-04:00,synthetic,synthetic_fixed_48h
facebook,synthetic_facebook_03,synthetic_facebook_03_post_0030,2025-02-11T00:00:00-04:00,58,6,2025-02-13T00:00:00-04:00,synthetic,synthetic_fixed_48h
instagram,synthetic_instagram_03,synthetic_instagram_03_post_0035,2025-02-11T02:00:00-04:00,72,7,2025-02-13T02:00:00-04:00,synthetic,synthetic_fixed_48h
instagram,synthetic_instagram_03,synthetic_instagram_03_post_0036,2025-02-11T05:00:00-04:00,73,8,2025-02-13T05:00:00-04:00,synthetic,synthetic_fixed_48h
instagram,synthetic_instagram_02,synthetic_instagram_02_post_0037,2025-02-11T08:00:00-04:00,52,5,2025-02-13T08:00:00-04:00,synthetic,synthetic_fixed_48h
facebook,synthetic_facebook_03,synthetic_facebook_03_post_0031,2025-02-11T12:00:00-04:00,41,6,2025-02-13T12:00:00-04:00,synthetic,synthetic_fixed_48h
facebook,synthetic_facebook_02,synthetic_facebook_02_post_0044,2025-02-12T04:00:00-04:00,37,2,2025-02-14T04:00:00-04:00,synthetic,synthetic_fixed_48h
instagram,synthetic_instagram_01,synthetic_instagram_01_post_0039,2025-02-12T04:00:00-04:00,35,4,2025-02-14T04:00:00-04:00,synthetic,synthetic_fixed_48h
instagram,synthetic_instagram_03,synthetic_instagram_03_post_0037,2025-02-12T11:00:00-04:00,100,9,2025-02-14T11:00:00-04:00,synthetic,synthetic_fixed_48h
facebook,synthetic_facebook_02,synthetic_facebook_02_post_0045,2025-02-13T00:00:00-04:00,52,3,2025-02-15T00:00:00-04:00,synthetic,synthetic_fixed_48h
facebook,synthetic_facebook_01,synthetic_facebook_01_post_0040,2025-02-13T01:00:00-04:00,24,0,2025-02-15T01:00:00-04:00,synthetic,synthetic_fixed_48h
instagram,synthetic_instagram_03,synthetic_instagram_03_post_0038,2025-02-13T02:00:00-04:00,142,8,2025-02-15T02:00:00-04:00,synthetic,synthetic_fixed_48h
facebook,synthetic_facebook_02,synthetic_facebook_02_post_0046,2025-02-13T04:00:00-04:00,36,0,2025-02-15T04:00:00-04:00,synthetic,synthetic_fixed_48h
instagram,synthetic_instagram_01,synthetic_instagram_01_post_0040,2025-02-13T11:00:00-04:00,95,4,2025-02-15T11:00:00-04:00,synthetic,synthetic_fixed_48h
instagram,synthetic_instagram_03,synthetic_instagram_03_post_0039,2025-02-13T14:00:00-04:00,57,5,2025-02-15T14:00:00-04:00,synthetic,synthetic_fixed_48h
instagram,synthetic_instagram_02,synthetic_instagram_02_post_0038,2025-02-13T16:00:00-04:00,115,7,2025-02-15T16:00:00-04:00,synthetic,synthetic_fixed_48h
instagram,synthetic_instagram_03,synthetic_instagram_03_post_0040,2025-02-13T22:00:00-04:00,234,20,2025-02-15T22:00:00-04:00,synthetic,synthetic_fixed_48h
facebook,synthetic_facebook_03,synthetic_facebook_03_post_0032,2025-02-14T04:00:00-04:00,35,3,2025-02-16T04:00:00-04:00,synthetic,synthetic_fixed_48h
facebook,synthetic_facebook_02,synthetic_facebook_02_post_0047,2025-02-14T07:00:00-04:00,57,2,2025-02-16T07:00:00-04:00,synthetic,synthetic_fixed_48h
instagram,synthetic_instagram_01,synthetic_instagram_01_post_0041,2025-02-14T10:00:00-04:00,119,11,2025-02-16T10:00:00-04:00,synthetic,synthetic_fixed_48h
facebook,synthetic_facebook_03,synthetic_facebook_03_post_0033,2025-02-14T13:00:00-04:00,80,0,2025-02-16T13:00:00-04:00,synthetic,synthetic_fixed_48h
facebook,synthetic_facebook_01,synthetic_facebook_01_post_0041,2025-02-14T17:00:00-04:00,20,2,2025-02-16T17:00:00-04:00,synthetic,synthetic_fixed_48h
instagram,synthetic_instagram_03,synthetic_instagram_03_post_0041,2025-02-14T18:00:00-04:00,337,30,2025-02-16T18:00:00-04:00,synthetic,synthetic_fixed_48h
facebook,synthetic_facebook_01,synthetic_facebook_01_post_0042,2025-02-14T21:00:00-04:00,17,0,2025-02-16T21:00:00-04:00,synthetic,synthetic_fixed_48h
instagram,synthetic_instagram_03,synthetic_instagram_03_post_0042,2025-02-15T00:00:00-04:00,359,28,2025-02-17T00:00:00-04:00,synthetic,synthetic_fixed_48h
instagram,synthetic_instagram_02,synthetic_instagram_02_post_0039,2025-02-15T14:00:00-04:00,123,6,2025-02-17T14:00:00-04:00,synthetic,synthetic_fixed_48h
instagram,synthetic_instagram_03,synthetic_instagram_03_post_0043,2025-02-16T04:00:00-04:00,128,8,2025-02-18T04:00:00-04:00,synthetic,synthetic_fixed_48h
instagram,synthetic_instagram_01,synthetic_instagram_01_post_0042,2025-02-16T13:00:00-04:00,161,12,2025-02-18T13:00:00-04:00,synthetic,synthetic_fixed_48h
instagram,synthetic_instagram_02,synthetic_instagram_02_post_0040,2025-02-16T13:00:00-04:00,78,9,2025-02-18T13:00:00-04:00,synthetic,synthetic_fixed_48h
facebook,synthetic_facebook_03,synthetic_facebook_03_post_0034,2025-02-16T15:00:00-04:00,110,7,2025-02-18T15:00:00-04:00,synthetic,synthetic_fixed_48h
instagram,synthetic_instagram_02,synthetic_instagram_02_post_0041,2025-02-16T16:00:00-04:00,101,8,2025-02-18T16:00:00-04:00,synthetic,synthetic_fixed_48h
instagram,synthetic_instagram_03,synthetic_instagram_03_post_0044,2025-02-17T07:00:00-04:00,151,12,2025-02-19T07:00:00-04:00,synthetic,synthetic_fixed_48h
facebook,synthetic_facebook_03,synthetic_facebook_03_post_0035,2025-02-17T16:00:00-04:00,88,6,2025-02-19T16:00:00-04:00,synthetic,synthetic_fixed_48h
instagram,synthetic_instagram_02,synthetic_instagram_02_post_0042,2025-02-18T02:00:00-04:00,37,1,2025-02-20T02:00:00-04:00,synthetic,synthetic_fixed_48h
instagram,synthetic_instagram_01,synthetic_instagram_01_post_0043,2025-02-18T04:00:00-04:00,58,2,2025-02-20T04:00:00-04:00,synthetic,synthetic_fixed_48h
facebook,synthetic_facebook_03,synthetic_facebook_03_post_0036,2025-02-18T14:00:00-04:00,46,3,2025-02-20T14:00:00-04:00,synthetic,synthetic_fixed_48h
instagram,synthetic_instagram_02,synthetic_instagram_02_post_0043,2025-02-18T15:00:00-04:00,74,5,2025-02-20T15:00:00-04:00,synthetic,synthetic_fixed_48h
facebook,synthetic_facebook_02,synthetic_facebook_02_post_0048,2025-02-19T03:00:00-04:00,111,8,2025-02-21T03:00:00-04:00,synthetic,synthetic_fixed_48h
facebook,synthetic_facebook_03,synthetic_facebook_03_post_0037,2025-02-19T07:00:00-04:00,20,0,2025-02-21T07:00:00-04:00,synthetic,synthetic_fixed_48h
instagram,synthetic_instagram_02,synthetic_instagram_02_post_0044,2025-02-19T10:00:00-04:00,78,6,2025-02-21T10:00:00-04:00,synthetic,synthetic_fixed_48h
facebook,synthetic_facebook_03,synthetic_facebook_03_post_0038,2025-02-19T16:00:00-04:00,58,3,2025-02-21T16:00:00-04:00,synthetic,synthetic_fixed_48h
facebook,synthetic_facebook_03,synthetic_facebook_03_post_0039,2025-02-19T19:00:00-04:00,69,6,2025-02-21T19:00:00-04:00,synthetic,synthetic_fixed_48h
instagram,synthetic_instagram_03,synthetic_instagram_03_post_0045,2025-02-20T06:00:00-04:00,126,10,2025-02-22T06:00:00-04:00,synthetic,synthetic_fixed_48h
facebook,synthetic_facebook_03,synthetic_facebook_03_post_0040,2025-02-20T07:00:00-04:00,30,0,2025-02-22T07:00:00-04:00,synthetic,synthetic_fixed_48h
facebook,synthetic_facebook_03,synthetic_facebook_03_post_0041,2025-02-20T11:00:00-04:00,32,2,2025-02-22T11:00:00-04:00,synthetic,synthetic_fixed_48h
instagram,synthetic_instagram_02,synthetic_instagram_02_post_0045,2025-02-20T16:00:00-04:00,121,7,2025-02-22T16:00:00-04:00,synthetic,synthetic_fixed_48h
instagram,synthetic_instagram_01,synthetic_instagram_01_post_0044,2025-02-20T20:00:00-04:00,32,7,2025-02-22T20:00:00-04:00,synthetic,synthetic_fixed_48h
instagram,synthetic_instagram_02,synthetic_instagram_02_post_0046,2025-02-20T20:00:00-04:00,135,10,2025-02-22T20:00:00-04:00,synthetic,synthetic_fixed_48h
instagram,synthetic_instagram_02,synthetic_instagram_02_post_0047,2025-02-21T20:00:00-04:00,118,9,2025-02-23T20:00:00-04:00,synthetic,synthetic_fixed_48h
instagram,synthetic_instagram_03,synthetic_instagram_03_post_0046,2025-02-22T10:00:00-04:00,159,14,2025-02-24T10:00:00-04:00,synthetic,synthetic_fixed_48h
instagram,synthetic_instagram_02,synthetic_instagram_02_post_0048,2025-02-22T13:00:00-04:00,132,11,2025-02-24T13:00:00-04:00,synthetic,synthetic_fixed_48h
facebook,synthetic_facebook_01,synthetic_facebook_01_post_0043,2025-02-22T15:00:00-04:00,53,0,2025-02-24T15:00:00-04:00,synthetic,synthetic_fixed_48h
facebook,synthetic_facebook_02,synthetic_facebook_02_post_0049,2025-02-23T00:00:00-04:00,31,0,2025-02-25T00:00:00-04:00,synthetic,synthetic_fixed_48h
facebook,synthetic_facebook_03,synthetic_facebook_03_post_0042,2025-02-23T09:00:00-04:00,28,5,2025-02-25T09:00:00-04:00,synthetic,synthetic_fixed_48h
facebook,synthetic_facebook_02,synthetic_facebook_02_post_0050,2025-02-23T14:00:00-04:00,46,1,2025-02-25T14:00:00-04:00,synthetic,synthetic_fixed_48h
instagram,synthetic_instagram_03,synthetic_instagram_03_post_0047,2025-02-23T14:00:00-04:00,103,7,2025-02-25T14:00:00-04:00,synthetic,synthetic_fixed_48h
facebook,synthetic_facebook_02,synthetic_facebook_02_post_0051,2025-02-23T18:00:00-04:00,61,4,2025-02-25T18:00:00-04:00,synthetic,synthetic_fixed_48h
facebook,synthetic_facebook_03,synthetic_facebook_03_post_0043,2025-02-23T22:00:00-04:00,85,4,2025-02-25T22:00:00-04:00,synthetic,synthetic_fixed_48h
instagram,synthetic_instagram_03,synthetic_instagram_03_post_0048,2025-02-23T23:00:00-04:00,215,17,2025-02-25T23:00:00-04:00,synthetic,synthetic_fixed_48h
facebook,synthetic_facebook_02,synthetic_facebook_02_post_0052,2025-02-24T02:00:00-04:00,28,1,2025-02-26T02:00:00-04:00,synthetic,synthetic_fixed_48h
facebook,synthetic_facebook_03,synthetic_facebook_03_post_0044,2025-02-24T11:00:00-04:00,58,5,2025-02-26T11:00:00-04:00,synthetic,synthetic_fixed_48h
facebook,synthetic_facebook_01,synthetic_facebook_01_post_0044,2025-02-24T12:00:00-04:00,38,0,2025-02-26T12:00:00-04:00,synthetic,synthetic_fixed_48h
instagram,synthetic_instagram_03,synthetic_instagram_03_post_0049,2025-02-24T20:00:00-04:00,116,14,2025-02-26T20:00:00-04:00,synthetic,synthetic_fixed_48h
instagram,synthetic_instagram_02,synthetic_instagram_02_post_0049,2025-02-25T01:00:00-04:00,45,2,2025-02-27T01:00:00-04:00,synthetic,synthetic_fixed_48h
facebook,synthetic_facebook_02,synthetic_facebook_02_post_0053,2025-02-25T02:00:00-04:00,32,3,2025-02-27T02:00:00-04:00,synthetic,synthetic_fixed_48h
facebook,synthetic_facebook_03,synthetic_facebook_03_post_0045,2025-02-25T02:00:00-04:00,47,0,2025-02-27T02:00:00-04:00,synthetic,synthetic_fixed_48h
facebook,synthetic_facebook_01,synthetic_facebook_01_post_0045,2025-02-25T10:00:00-04:00,52,3,2025-02-27T10:00:00-04:00,synthetic,synthetic_fixed_48h
instagram,synthetic_instagram_02,synthetic_instagram_02_post_0050,2025-02-25T10:00:00-04:00,37,4,2025-02-27T10:00:00-04:00,synthetic,synthetic_fixed_48h
facebook,synthetic_facebook_02,synthetic_facebook_02_post_0054,2025-02-25T16:00:00-04:00,77,8,2025-02-27T16:00:00-04:00,synthetic,synthetic_fixed_48h
facebook,synthetic_facebook_01,synthetic_facebook_01_post_0046,2025-02-25T20:00:00-04:00,21,3,2025-02-27T20:00:00-04:00,synthetic,synthetic_fixed_48h
instagram,synthetic_instagram_03,synthetic_instagram_03_post_0050,2025-02-26T03:00:00-04:00,83,9,2025-02-28T03:00:00-04:00,synthetic,synthetic_fixed_48h
instagram,synthetic_instagram_01,synthetic_instagram_01_post_0045,2025-02-26T05:00:00-04:00,48,2,2025-02-28T05:00:00-04:00,synthetic,synthetic_fixed_48h
instagram,synthetic_instagram_03,synthetic_instagram_03_post_0051,2025-02-26T07:00:00-04:00,39,1,2025-02-28T07:00:00-04:00,synthetic,synthetic_fixed_48h
facebook,synthetic_facebook_02,synthetic_facebook_02_post_0055,2025-02-26T15:00:00-04:00,48,5,2025-02-28T15:00:00-04:00,synthetic,synthetic_fixed_48h
facebook,synthetic_facebook_01,synthetic_facebook_01_post_0047,2025-02-26T21:00:00-04:00,18,1,2025-02-28T21:00:00-04:00,synthetic,synthetic_fixed_48h
instagram,synthetic_instagram_02,synthetic_instagram_02_post_0051,2025-02-27T00:00:00-04:00,128,13,2025-03-01T00:00:00-04:00,synthetic,synthetic_fixed_48h
facebook,synthetic_facebook_01,synthetic_facebook_01_post_0048,2025-02-27T02:00:00-04:00,9,1,2025-03-01T02:00:00-04:00,synthetic,synthetic_fixed_48h
instagram,synthetic_instagram_03,synthetic_instagram_03_post_0052,2025-02-27T13:00:00-04:00,68,3,2025-03-01T13:00:00-04:00,synthetic,synthetic_fixed_48h
facebook,synthetic_facebook_01,synthetic_facebook_01_post_0049,2025-02-27T16:00:00-04:00,39,5,2025-03-01T16:00:00-04:00,synthetic,synthetic_fixed_48h
facebook,synthetic_facebook_02,synthetic_facebook_02_post_0056,2025-02-27T22:00:00-04:00,30,4,2025-03-01T22:00:00-04:00,synthetic,synthetic_fixed_48h
instagram,synthetic_instagram_01,synthetic_instagram_01_post_0046,2025-02-27T22:00:00-04:00,42,3,2025-03-01T22:00:00-04:00,synthetic,synthetic_fixed_48h
facebook,synthetic_facebook_02,synthetic_facebook_02_post_0057,2025-02-27T23:00:00-04:00,24,0,2025-03-01T23:00:00-04:00,synthetic,synthetic_fixed_48h
facebook,synthetic_facebook_01,synthetic_facebook_01_post_0050,2025-02-28T07:00:00-04:00,68,2,2025-03-02T07:00:00-04:00,synthetic,synthetic_fixed_48h
facebook,synthetic_facebook_03,synthetic_facebook_03_post_0046,2025-02-28T07:00:00-04:00,59,3,2025-03-02T07:00:00-04:00,synthetic,synthetic_fixed_48h
facebook,synthetic_facebook_02,synthetic_facebook_02_post_0058,2025-02-28T09:00:00-04:00,50,1,2025-03-02T09:00:00-04:00,synthetic,synthetic_fixed_48h
facebook,synthetic_facebook_03,synthetic_facebook_03_post_0047,2025-02-28T12:00:00-04:00,72,3,2025-03-02T12:00:00-04:00,synthetic,synthetic_fixed_48h
instagram,synthetic_instagram_02,synthetic_instagram_02_post_0052,2025-02-28T12:00:00-04:00,60,2,2025-03-02T12:00:00-04:00,synthetic,synthetic_fixed_48h
facebook,synthetic_facebook_02,synthetic_facebook_02_post_0059,2025-02-28T18:00:00-04:00,88,4,2025-03-02T18:00:00-04:00,synthetic,synthetic_fixed_48h
instagram,synthetic_instagram_03,synthetic_instagram_03_post_0053,2025-02-28T18:00:00-04:00,160,13,2025-03-02T18:00:00-04:00,synthetic,synthetic_fixed_48h
instagram,synthetic_instagram_01,synthetic_instagram_01_post_0047,2025-02-28T23:00:00-04:00,8,2,2025-03-02T23:00:00-04:00,synthetic,synthetic_fixed_48h
instagram,synthetic_instagram_01,synthetic_instagram_01_post_0048,2025-03-01T00:00:00-04:00,35,3,2025-03-03T00:00:00-04:00,synthetic,synthetic_fixed_48h
instagram,synthetic_instagram_02,synthetic_instagram_02_post_0053,2025-03-01T04:00:00-04:00,28,4,2025-03-03T04:00:00-04:00,synthetic,synthetic_fixed_48h
instagram,synthetic_instagram_02,synthetic_instagram_02_post_0054,2025-03-01T08:00:00-04:00,38,3,2025-03-03T08:00:00-04:00,synthetic,synthetic_fixed_48h
instagram,synthetic_instagram_03,synthetic_instagram_03_post_0054,2025-03-01T11:00:00-04:00,67,2,2025-03-03T11:00:00-04:00,synthetic,synthetic_fixed_48h
facebook,synthetic_facebook_02,synthetic_facebook_02_post_0060,2025-03-02T02:00:00-04:00,30,0,2025-03-04T02:00:00-04:00,synthetic,synthetic_fixed_48h
instagram,synthetic_instagram_02,synthetic_instagram_02_post_0055,2025-03-02T04:00:00-04:00,16,0,2025-03-04T04:00:00-04:00,synthetic,synthetic_fixed_48h
instagram,synthetic_instagram_01,synthetic_instagram_01_post_0049,2025-03-02T12:00:00-04:00,67,5,2025-03-04T12:00:00-04:00,synthetic,synthetic_fixed_48h
instagram,synthetic_instagram_03,synthetic_instagram_03_post_0055,2025-03-02T18:00:00-04:00,76,9,2025-03-04T18:00:00-04:00,synthetic,synthetic_fixed_48h
facebook,synthetic_facebook_02,synthetic_facebook_02_post_0061,2025-03-02T20:00:00-04:00,23,3,2025-03-04T20:00:00-04:00,synthetic,synthetic_fixed_48h
facebook,synthetic_facebook_03,synthetic_facebook_03_post_0048,2025-03-02T22:00:00-04:00,229,12,2025-03-04T22:00:00-04:00,synthetic,synthetic_fixed_48h
instagram,synthetic_instagram_01,synthetic_instagram_01_post_0050,2025-03-02T22:00:00-04:00,34,3,2025-03-04T22:00:00-04:00,synthetic,synthetic_fixed_48h
instagram,synthetic_instagram_02,synthetic_instagram_02_post_0056,2025-03-03T00:00:00-04:00,36,5,2025-03-05T00:00:00-04:00,synthetic,synthetic_fixed_48h
instagram,synthetic_instagram_03,synthetic_instagram_03_post_0056,2025-03-03T01:00:00-04:00,222,17,2025-03-05T01:00:00-04:00,synthetic,synthetic_fixed_48h
instagram,synthetic_instagram_01,synthetic_instagram_01_post_0051,2025-03-03T06:00:00-04:00,42,3,2025-03-05T06:00:00-04:00,synthetic,synthetic_fixed_48h
instagram,synthetic_instagram_02,synthetic_instagram_02_post_0057,2025-03-03T13:00:00-04:00,73,8,2025-03-05T13:00:00-04:00,synthetic,synthetic_fixed_48h
facebook,synthetic_facebook_01,synthetic_facebook_01_post_0051,2025-03-03T14:00:00-04:00,65,2,2025-03-05T14:00:00-04:00,synthetic,synthetic_fixed_48h
instagram,synthetic_instagram_03,synthetic_instagram_03_post_0057,2025-03-03T16:00:00-04:00,77,9,2025-03-05T16:00:00-04:00,synthetic,synthetic_fixed_48h
instagram,synthetic_instagram_03,synthetic_instagram_03_post_0058,2025-03-03T21:00:00-04:00,146,17,2025-03-05T21:00:00-04:00,synthetic,synthetic_fixed_48h
facebook,synthetic_facebook_01,synthetic_facebook_01_post_0052,2025-03-03T22:00:00-04:00,41,2,2025-03-05T22:00:00-04:00,synthetic,synthetic_fixed_48h
instagram,synthetic_instagram_02,synthetic_instagram_02_post_0058,2025-03-04T00:00:00-04:00,47,1,2025-03-06T00:00:00-04:00,synthetic,synthetic_fixed_48h
facebook,synthetic_facebook_01,synthetic_facebook_01_post_0053,2025-03-04T06:00:00-04:00,58,2,2025-03-06T06:00:00-04:00,synthetic,synthetic_fixed_48h
instagram,synthetic_instagram_02,synthetic_instagram_02_post_0059,2025-03-04T09:00:00-04:00,42,4,2025-03-06T09:00:00-04:00,synthetic,synthetic_fixed_48h
instagram,synthetic_instagram_02,synthetic_instagram_02_post_0060,2025-03-04T10:00:00-04:00,34,2,2025-03-06T10:00:00-04:00,synthetic,synthetic_fixed_48h
facebook,synthetic_facebook_01,synthetic_facebook_01_post_0054,2025-03-04T12:00:00-04:00,40,4,2025-03-06T12:00:00-04:00,synthetic,synthetic_fixed_48h
facebook,synthetic_facebook_01,synthetic_facebook_01_post_0055,2025-03-04T17:00:00-04:00,19,3,2025-03-06T17:00:00-04:00,synthetic,synthetic_fixed_48h
facebook,synthetic_facebook_03,synthetic_facebook_03_post_0049,2025-03-04T22:00:00-04:00,83,9,2025-03-06T22:00:00-04:00,synthetic,synthetic_fixed_48h
instagram,synthetic_instagram_03,synthetic_instagram_03_post_0059,2025-03-05T00:00:00-04:00,140,11,2025-03-07T00:00:00-04:00,synthetic,synthetic_fixed_48h
instagram,synthetic_instagram_02,synthetic_instagram_02_post_0061,2025-03-05T04:00:00-04:00,41,1,2025-03-07T04:00:00-04:00,synthetic,synthetic_fixed_48h
instagram,synthetic_instagram_03,synthetic_instagram_03_post_0060,2025-03-05T05:00:00-04:00,61,4,2025-03-07T05:00:00-04:00,synthetic,synthetic_fixed_48h
facebook,synthetic_facebook_01,synthetic_facebook_01_post_0056,2025-03-05T09:00:00-04:00,21,0,2025-03-07T09:00:00-04:00,synthetic,synthetic_fixed_48h
instagram,synthetic_instagram_03,synthetic_instagram_03_post_0061,2025-03-05T09:00:00-04:00,24,5,2025-03-07T09:00:00-04:00,synthetic,synthetic_fixed_48h
facebook,synthetic_facebook_03,synthetic_facebook_03_post_0050,2025-03-05T10:00:00-04:00,80,4,2025-03-07T10:00:00-04:00,synthetic,synthetic_fixed_48h
facebook,synthetic_facebook_03,synthetic_facebook_03_post_0051,2025-03-05T13:00:00-04:00,111,8,2025-03-07T13:00:00-04:00,synthetic,synthetic_fixed_48h
instagram,synthetic_instagram_03,synthetic_instagram_03_post_0062,2025-03-05T13:00:00-04:00,42,2,2025-03-07T13:00:00-04:00,synthetic,synthetic_fixed_48h
facebook,synthetic_facebook_03,synthetic_facebook_03_post_0052,2025-03-05T16:00:00-04:00,175,10,2025-03-07T16:00:00-04:00,synthetic,synthetic_fixed_48h
facebook,synthetic_facebook_01,synthetic_facebook_01_post_0057,2025-03-05T20:00:00-04:00,17,3,2025-03-07T20:00:00-04:00,synthetic,synthetic_fixed_48h
instagram,synthetic_instagram_02,synthetic_instagram_02_post_0062,2025-03-05T21:00:00-04:00,69,6,2025-03-07T21:00:00-04:00,synthetic,synthetic_fixed_48h
facebook,synthetic_facebook_03,synthetic_facebook_03_post_0053,2025-03-05T22:00:00-04:00,92,7,2025-03-07T22:00:00-04:00,synthetic,synthetic_fixed_48h
instagram,synthetic_instagram_03,synthetic_instagram_03_post_0063,2025-03-06T00:00:00-04:00,106,8,2025-03-08T00:00:00-04:00,synthetic,synthetic_fixed_48h
instagram,synthetic_instagram_01,synthetic_instagram_01_post_0052,2025-03-06T02:00:00-04:00,24,4,2025-03-08T02:00:00-04:00,synthetic,synthetic_fixed_48h
facebook,synthetic_facebook_01,synthetic_facebook_01_post_0058,2025-03-06T03:00:00-04:00,5,0,2025-03-08T03:00:00-04:00,synthetic,synthetic_fixed_48h
facebook,synthetic_facebook_03,synthetic_facebook_03_post_0054,2025-03-06T05:00:00-04:00,43,0,2025-03-08T05:00:00-04:00,synthetic,synthetic_fixed_48h
facebook,synthetic_facebook_01,synthetic_facebook_01_post_0059,2025-03-06T15:00:00-04:00,26,3,2025-03-08T15:00:00-04:00,synthetic,synthetic_fixed_48h
facebook,synthetic_facebook_02,synthetic_facebook_02_post_0062,2025-03-06T16:00:00-04:00,39,4,2025-03-08T16:00:00-04:00,synthetic,synthetic_fixed_48h
instagram,synthetic_instagram_02,synthetic_instagram_02_post_0063,2025-03-07T01:00:00-04:00,50,4,2025-03-09T01:00:00-04:00,synthetic,synthetic_fixed_48h
facebook,synthetic_facebook_01,synthetic_facebook_01_post_0060,2025-03-07T08:00:00-04:00,79,7,2025-03-09T08:00:00-04:00,synthetic,synthetic_fixed_48h
instagram,synthetic_instagram_03,synthetic_instagram_03_post_0064,2025-03-07T08:00:00-04:00,51,3,2025-03-09T08:00:00-04:00,synthetic,synthetic_fixed_48h
facebook,synthetic_facebook_03,synthetic_facebook_03_post_0055,2025-03-07T12:00:00-04:00,116,10,2025-03-09T12:00:00-04:00,synthetic,synthetic_fixed_48h
instagram,synthetic_instagram_01,synthetic_instagram_01_post_0053,2025-03-07T14:00:00-04:00,25,4,2025-03-09T14:00:00-04:00,synthetic,synthetic_fixed_48h
instagram,synthetic_instagram_01,synthetic_instagram_01_post_0054,2025-03-07T20:00:00-04:00,25,1,2025-03-09T20:00:00-04:00,synthetic,synthetic_fixed_48h
instagram,synthetic_instagram_03,synthetic_instagram_03_post_0065,2025-03-07T22:00:00-04:00,164,14,2025-03-09T22:00:00-04:00,synthetic,synthetic_fixed_48h
instagram,synthetic_instagram_01,synthetic_instagram_01_post_0055,2025-03-07T23:00:00-04:00,43,4,2025-03-09T23:00:00-04:00,synthetic,synthetic_fixed_48h
instagram,synthetic_instagram_02,synthetic_instagram_02_post_0064,2025-03-08T04:00:00-04:00,19,3,2025-03-10T04:00:00-04:00,synthetic,synthetic_fixed_48h
facebook,synthetic_facebook_02,synthetic_facebook_02_post_0063,2025-03-08T05:00:00-04:00,34,3,2025-03-10T05:00:00-04:00,synthetic,synthetic_fixed_48h
facebook,synthetic_facebook_01,synthetic_facebook_01_post_0061,2025-03-08T11:00:00-04:00,29,1,2025-03-10T11:00:00-04:00,synthetic,synthetic_fixed_48h
facebook,synthetic_facebook_03,synthetic_facebook_03_post_0056,2025-03-08T14:00:00-04:00,66,7,2025-03-10T14:00:00-04:00,synthetic,synthetic_fixed_48h
facebook,synthetic_facebook_01,synthetic_facebook_01_post_0062,2025-03-08T17:00:00-04:00,18,3,2025-03-10T17:00:00-04:00,synthetic,synthetic_fixed_48h
facebook,synthetic_facebook_02,synthetic_facebook_02_post_0064,2025-03-08T18:00:00-04:00,36,0,2025-03-10T18:00:00-04:00,synthetic,synthetic_fixed_48h
instagram,synthetic_instagram_02,synthetic_instagram_02_post_0065,2025-03-08T20:00:00-04:00,106,11,2025-03-10T20:00:00-04:00,synthetic,synthetic_fixed_48h
instagram,synthetic_instagram_02,synthetic_instagram_02_post_0066,2025-03-09T03:00:00-04:00,25,2,2025-03-11T03:00:00-04:00,synthetic,synthetic_fixed_48h
instagram,synthetic_instagram_03,synthetic_instagram_03_post_0066,2025-03-09T18:00:00-04:00,46,3,2025-03-11T18:00:00-04:00,synthetic,synthetic_fixed_48h
instagram,synthetic_instagram_02,synthetic_instagram_02_post_0067,2025-03-09T19:00:00-04:00,74,5,2025-03-11T19:00:00-04:00,synthetic,synthetic_fixed_48h
facebook,synthetic_facebook_01,synthetic_facebook_01_post_0063,2025-03-10T14:00:00-04:00,31,2,2025-03-12T14:00:00-04:00,synthetic,synthetic_fixed_48h
instagram,synthetic_instagram_02,synthetic_instagram_02_post_0068,2025-03-10T16:00:00-04:00,83,5,2025-03-12T16:00:00-04:00,synthetic,synthetic_fixed_48h
facebook,synthetic_facebook_02,synthetic_facebook_02_post_0065,2025-03-10T17:00:00-04:00,61,5,2025-03-12T17:00:00-04:00,synthetic,synthetic_fixed_48h
facebook,synthetic_facebook_03,synthetic_facebook_03_post_0057,2025-03-10T20:00:00-04:00,122,9,2025-03-12T20:00:00-04:00,synthetic,synthetic_fixed_48h
instagram,synthetic_instagram_01,synthetic_instagram_01_post_0056,2025-03-11T02:00:00-04:00,35,4,2025-03-13T02:00:00-04:00,synthetic,synthetic_fixed_48h
facebook,synthetic_facebook_03,synthetic_facebook_03_post_0058,2025-03-11T06:00:00-04:00,15,0,2025-03-13T06:00:00-04:00,synthetic,synthetic_fixed_48h
instagram,synthetic_instagram_02,synthetic_instagram_02_post_0069,2025-03-11T14:00:00-04:00,151,11,2025-03-13T14:00:00-04:00,synthetic,synthetic_fixed_48h
instagram,synthetic_instagram_01,synthetic_instagram_01_post_0057,2025-03-11T19:00:00-04:00,62,7,2025-03-13T19:00:00-04:00,synthetic,synthetic_fixed_48h
instagram,synthetic_instagram_02,synthetic_instagram_02_post_0070,2025-03-12T03:00:00-04:00,88,8,2025-03-14T03:00:00-04:00,synthetic,synthetic_fixed_48h
facebook,synthetic_facebook_03,synthetic_facebook_03_post_0059,2025-03-12T04:00:00-04:00,38,2,2025-03-14T04:00:00-04:00,synthetic,synthetic_fixed_48h
instagram,synthetic_instagram_03,synthetic_instagram_03_post_0067,2025-03-12T13:00:00-04:00,26,4,2025-03-14T13:00:00-04:00,synthetic,synthetic_fixed_48h
instagram,synthetic_instagram_03,synthetic_instagram_03_post_0068,2025-03-12T21:00:00-04:00,187,16,2025-03-14T21:00:00-04:00,synthetic,synthetic_fixed_48h
facebook,synthetic_facebook_03,synthetic_facebook_03_post_0060,2025-03-12T22:00:00-04:00,72,11,2025-03-14T22:00:00-04:00,synthetic,synthetic_fixed_48h
instagram,synthetic_instagram_02,synthetic_instagram_02_post_0071,2025-03-13T01:00:00-04:00,41,3,2025-03-15T01:00:00-04:00,synthetic,synthetic_fixed_48h
facebook,synthetic_facebook_02,synthetic_facebook_02_post_0066,2025-03-13T08:00:00-04:00,60,2,2025-03-15T08:00:00-04:00,synthetic,synthetic_fixed_48h
facebook,synthetic_facebook_01,synthetic_facebook_01_post_0064,2025-03-13T11:00:00-04:00,43,6,2025-03-15T11:00:00-04:00,synthetic,synthetic_fixed_48h
facebook,synthetic_facebook_01,synthetic_facebook_01_post_0065,2025-03-13T12:00:00-04:00,39,5,2025-03-15T12:00:00-04:00,synthetic,synthetic_fixed_48h
instagram,synthetic_instagram_03,synthetic_instagram_03_post_0069,2025-03-13T17:00:00-04:00,96,5,2025-03-15T17:00:00-04:00,synthetic,synthetic_fixed_48h
facebook,synthetic_facebook_01,synthetic_facebook_01_post_0066,2025-03-13T21:00:00-04:00,6,5,2025-03-15T21:00:00-04:00,synthetic,synthetic_fixed_48h
instagram,synthetic_instagram_02,synthetic_instagram_02_post_0072,2025-03-14T05:00:00-04:00,96,4,2025-03-16T05:00:00-04:00,synthetic,synthetic_fixed_48h
facebook,synthetic_facebook_03,synthetic_facebook_03_post_0061,2025-03-14T22:00:00-04:00,107,4,2025-03-16T22:00:00-04:00,synthetic,synthetic_fixed_48h
facebook,synthetic_facebook_02,synthetic_facebook_02_post_0067,2025-03-15T01:00:00-04:00,32,0,2025-03-17T01:00:00-04:00,synthetic,synthetic_fixed_48h
instagram,synthetic_instagram_03,synthetic_instagram_03_post_0070,2025-03-15T02:00:00-04:00,177,12,2025-03-17T02:00:00-04:00,synthetic,synthetic_fixed_48h
instagram,synthetic_instagram_03,synthetic_instagram_03_post_0071,2025-03-15T05:00:00-04:00,131,12,2025-03-17T05:00:00-04:00,synthetic,synthetic_fixed_48h
instagram,synthetic_instagram_01,synthetic_instagram_01_post_0058,2025-03-15T12:00:00-04:00,30,2,2025-03-17T12:00:00-04:00,synthetic,synthetic_fixed_48h
facebook,synthetic_facebook_01,synthetic_facebook_01_post_0067,2025-03-15T13:00:00-04:00,37,3,2025-03-17T13:00:00-04:00,synthetic,synthetic_fixed_48h
facebook,synthetic_facebook_02,synthetic_facebook_02_post_0068,2025-03-15T23:00:00-04:00,19,3,2025-03-17T23:00:00-04:00,synthetic,synthetic_fixed_48h
facebook,synthetic_facebook_03,synthetic_facebook_03_post_0062,2025-03-16T08:00:00-04:00,59,8,2025-03-18T08:00:00-04:00,synthetic,synthetic_fixed_48h
instagram,synthetic_instagram_02,synthetic_instagram_02_post_0073,2025-03-16T11:00:00-04:00,89,7,2025-03-18T11:00:00-04:00,synthetic,synthetic_fixed_48h
instagram,synthetic_instagram_03,synthetic_instagram_03_post_0072,2025-03-16T14:00:00-04:00,124,14,2025-03-18T14:00:00-04:00,synthetic,synthetic_fixed_48h
facebook,synthetic_facebook_01,synthetic_facebook_01_post_0068,2025-03-17T01:00:00-04:00,37,1,2025-03-19T01:00:00-04:00,synthetic,synthetic_fixed_48h
facebook,synthetic_facebook_01,synthetic_facebook_01_post_0069,2025-03-17T04:00:00-04:00,52,2,2025-03-19T04:00:00-04:00,synthetic,synthetic_fixed_48h
facebook,synthetic_facebook_01,synthetic_facebook_01_post_0070,2025-03-17T17:00:00-04:00,26,2,2025-03-19T17:00:00-04:00,synthetic,synthetic_fixed_48h
instagram,synthetic_instagram_02,synthetic_instagram_02_post_0074,2025-03-18T02:00:00-04:00,31,0,2025-03-20T02:00:00-04:00,synthetic,synthetic_fixed_48h
facebook,synthetic_facebook_02,synthetic_facebook_02_post_0069,2025-03-18T07:00:00-04:00,70,3,2025-03-20T07:00:00-04:00,synthetic,synthetic_fixed_48h
instagram,synthetic_instagram_01,synthetic_instagram_01_post_0059,2025-03-18T13:00:00-04:00,62,1,2025-03-20T13:00:00-04:00,synthetic,synthetic_fixed_48h
facebook,synthetic_facebook_01,synthetic_facebook_01_post_0071,2025-03-18T14:00:00-04:00,44,0,2025-03-20T14:00:00-04:00,synthetic,synthetic_fixed_48h
facebook,synthetic_facebook_03,synthetic_facebook_03_post_0063,2025-03-18T22:00:00-04:00,67,4,2025-03-20T22:00:00-04:00,synthetic,synthetic_fixed_48h
facebook,synthetic_facebook_02,synthetic_facebook_02_post_0070,2025-03-18T23:00:00-04:00,21,2,2025-03-20T23:00:00-04:00,synthetic,synthetic_fixed_48h
facebook,synthetic_facebook_03,synthetic_facebook_03_post_0064,2025-03-19T01:00:00-04:00,96,7,2025-03-21T01:00:00-04:00,synthetic,synthetic_fixed_48h
instagram,synthetic_instagram_02,synthetic_instagram_02_post_0075,2025-03-19T01:00:00-04:00,99,4,2025-03-21T01:00:00-04:00,synthetic,synthetic_fixed_48h
facebook,synthetic_facebook_03,synthetic_facebook_03_post_0065,2025-03-19T08:00:00-04:00,29,2,2025-03-21T08:00:00-04:00,synthetic,synthetic_fixed_48h
facebook,synthetic_facebook_02,synthetic_facebook_02_post_0071,2025-03-19T11:00:00-04:00,57,6,2025-03-21T11:00:00-04:00,synthetic,synthetic_fixed_48h
instagram,synthetic_instagram_02,synthetic_instagram_02_post_0076,2025-03-19T23:00:00-04:00,61,4,2025-03-21T23:00:00-04:00,synthetic,synthetic_fixed_48h
facebook,synthetic_facebook_03,synthetic_facebook_03_post_0066,2025-03-20T02:00:00-04:00,58,2,2025-03-22T02:00:00-04:00,synthetic,synthetic_fixed_48h
facebook,synthetic_facebook_01,synthetic_facebook_01_post_0072,2025-03-20T05:00:00-04:00,29,4,2025-03-22T05:00:00-04:00,synthetic,synthetic_fixed_48h
instagram,synthetic_instagram_01,synthetic_instagram_01_post_0060,2025-03-20T13:00:00-04:00,45,5,2025-03-22T13:00:00-04:00,synthetic,synthetic_fixed_48h
instagram,synthetic_instagram_03,synthetic_instagram_03_post_0073,2025-03-20T17:00:00-04:00,71,7,2025-03-22T17:00:00-04:00,synthetic,synthetic_fixed_48h
facebook,synthetic_facebook_02,synthetic_facebook_02_post_0072,2025-03-20T23:00:00-04:00,34,1,2025-03-22T23:00:00-04:00,synthetic,synthetic_fixed_48h
facebook,synthetic_facebook_01,synthetic_facebook_01_post_0073,2025-03-21T02:00:00-04:00,31,0,2025-03-23T02:00:00-04:00,synthetic,synthetic_fixed_48h
instagram,synthetic_instagram_02,synthetic_instagram_02_post_0077,2025-03-21T09:00:00-04:00,94,6,2025-03-23T09:00:00-04:00,synthetic,synthetic_fixed_48h
facebook,synthetic_facebook_01,synthetic_facebook_01_post_0074,2025-03-22T11:00:00-04:00,30,4,2025-03-24T11:00:00-04:00,synthetic,synthetic_fixed_48h
facebook,synthetic_facebook_03,synthetic_facebook_03_post_0067,2025-03-22T18:00:00-04:00,159,11,2025-03-24T18:00:00-04:00,synthetic,synthetic_fixed_48h
facebook,synthetic_facebook_02,synthetic_facebook_02_post_0073,2025-03-22T19:00:00-04:00,47,4,2025-03-24T19:00:00-04:00,synthetic,synthetic_fixed_48h
facebook,synthetic_facebook_01,synthetic_facebook_01_post_0075,2025-03-23T01:00:00-04:00,31,3,2025-03-25T01:00:00-04:00,synthetic,synthetic_fixed_48h
instagram,synthetic_instagram_03,synthetic_instagram_03_post_0074,2025-03-23T11:00:00-04:00,38,4,2025-03-25T11:00:00-04:00,synthetic,synthetic_fixed_48h
instagram,synthetic_instagram_01,synthetic_instagram_01_post_0061,2025-03-23T21:00:00-04:00,40,7,2025-03-25T21:00:00-04:00,synthetic,synthetic_fixed_48h
facebook,synthetic_facebook_01,synthetic_facebook_01_post_0076,2025-03-23T23:00:00-04:00,35,4,2025-03-25T23:00:00-04:00,synthetic,synthetic_fixed_48h
instagram,synthetic_instagram_03,synthetic_instagram_03_post_0075,2025-03-23T23:00:00-04:00,133,9,2025-03-25T23:00:00-04:00,synthetic,synthetic_fixed_48h
facebook,synthetic_facebook_03,synthetic_facebook_03_post_0068,2025-03-24T01:00:00-04:00,40,3,2025-03-26T01:00:00-04:00,synthetic,synthetic_fixed_48h
instagram,synthetic_instagram_03,synthetic_instagram_03_post_0076,2025-03-24T08:00:00-04:00,66,6,2025-03-26T08:00:00-04:00,synthetic,synthetic_fixed_48h
facebook,synthetic_facebook_02,synthetic_facebook_02_post_0074,2025-03-24T14:00:00-04:00,90,9,2025-03-26T14:00:00-04:00,synthetic,synthetic_fixed_48h
instagram,synthetic_instagram_03,synthetic_instagram_03_post_0077,2025-03-25T05:00:00-04:00,110,6,2025-03-27T05:00:00-04:00,synthetic,synthetic_fixed_48h
facebook,synthetic_facebook_01,synthetic_facebook_01_post_0077,2025-03-25T06:00:00-04:00,60,6,2025-03-27T06:00:00-04:00,synthetic,synthetic_fixed_48h
instagram,synthetic_instagram_01,synthetic_instagram_01_post_0062,2025-03-25T06:00:00-04:00,50,3,2025-03-27T06:00:00-04:00,synthetic,synthetic_fixed_48h
instagram,synthetic_instagram_02,synthetic_instagram_02_post_0078,2025-03-25T06:00:00-04:00,32,3,2025-03-27T06:00:00-04:00,synthetic,synthetic_fixed_48h
facebook,synthetic_facebook_01,synthetic_facebook_01_post_0078,2025-03-25T10:00:00-04:00,51,6,2025-03-27T10:00:00-04:00,synthetic,synthetic_fixed_48h
instagram,synthetic_instagram_01,synthetic_instagram_01_post_0063,2025-03-25T11:00:00-04:00,55,3,2025-03-27T11:00:00-04:00,synthetic,synthetic_fixed_48h
facebook,synthetic_facebook_02,synthetic_facebook_02_post_0075,2025-03-25T12:00:00-04:00,52,5,2025-03-27T12:00:00-04:00,synthetic,synthetic_fixed_48h
instagram,synthetic_instagram_01,synthetic_instagram_01_post_0064,2025-03-25T14:00:00-04:00,49,4,2025-03-27T14:00:00-04:00,synthetic,synthetic_fixed_48h
facebook,synthetic_facebook_01,synthetic_facebook_01_post_0079,2025-03-25T20:00:00-04:00,17,0,2025-03-27T20:00:00-04:00,synthetic,synthetic_fixed_48h
instagram,synthetic_instagram_01,synthetic_instagram_01_post_0065,2025-03-25T21:00:00-04:00,28,2,2025-03-27T21:00:00-04:00,synthetic,synthetic_fixed_48h
instagram,synthetic_instagram_02,synthetic_instagram_02_post_0079,2025-03-26T01:00:00-04:00,96,9,2025-03-28T01:00:00-04:00,synthetic,synthetic_fixed_48h
instagram,synthetic_instagram_01,synthetic_instagram_01_post_0066,2025-03-26T03:00:00-04:00,26,1,2025-03-28T03:00:00-04:00,synthetic,synthetic_fixed_48h
facebook,synthetic_facebook_01,synthetic_facebook_01_post_0080,2025-03-26T07:00:00-04:00,36,3,2025-03-28T07:00:00-04:00,synthetic,synthetic_fixed_48h
facebook,synthetic_facebook_01,synthetic_facebook_01_post_0081,2025-03-26T22:00:00-04:00,46,7,2025-03-28T22:00:00-04:00,synthetic,synthetic_fixed_48h
facebook,synthetic_facebook_02,synthetic_facebook_02_post_0076,2025-03-27T02:00:00-04:00,39,8,2025-03-29T02:00:00-04:00,synthetic,synthetic_fixed_48h
instagram,synthetic_instagram_03,synthetic_instagram_03_post_0078,2025-03-27T04:00:00-04:00,95,10,2025-03-29T04:00:00-04:00,synthetic,synthetic_fixed_48h
facebook,synthetic_facebook_03,synthetic_facebook_03_post_0069,2025-03-27T06:00:00-04:00,48,4,2025-03-29T06:00:00-04:00,synthetic,synthetic_fixed_48h
instagram,synthetic_instagram_03,synthetic_instagram_03_post_0079,2025-03-27T09:00:00-04:00,73,8,2025-03-29T09:00:00-04:00,synthetic,synthetic_fixed_48h
facebook,synthetic_facebook_03,synthetic_facebook_03_post_0070,2025-03-27T14:00:00-04:00,86,7,2025-03-29T14:00:00-04:00,synthetic,synthetic_fixed_48h
facebook,synthetic_facebook_03,synthetic_facebook_03_post_0071,2025-03-27T19:00:00-04:00,141,8,2025-03-29T19:00:00-04:00,synthetic,synthetic_fixed_48h
facebook,synthetic_facebook_01,synthetic_facebook_01_post_0082,2025-03-27T20:00:00-04:00,21,0,2025-03-29T20:00:00-04:00,synthetic,synthetic_fixed_48h
facebook,synthetic_facebook_01,synthetic_facebook_01_post_0083,2025-03-28T16:00:00-04:00,26,6,2025-03-30T16:00:00-04:00,synthetic,synthetic_fixed_48h
instagram,synthetic_instagram_02,synthetic_instagram_02_post_0080,2025-03-28T20:00:00-04:00,65,8,2025-03-30T20:00:00-04:00,synthetic,synthetic_fixed_48h
facebook,synthetic_facebook_02,synthetic_facebook_02_post_0077,2025-03-28T21:00:00-04:00,34,0,2025-03-30T21:00:00-04:00,synthetic,synthetic_fixed_48h
instagram,synthetic_instagram_01,synthetic_instagram_01_post_0067,2025-03-28T21:00:00-04:00,19,0,2025-03-30T21:00:00-04:00,synthetic,synthetic_fixed_48h
facebook,synthetic_facebook_01,synthetic_facebook_01_post_0084,2025-03-28T22:00:00-04:00,19,0,2025-03-30T22:00:00-04:00,synthetic,synthetic_fixed_48h
instagram,synthetic_instagram_02,synthetic_instagram_02_post_0081,2025-03-29T09:00:00-04:00,31,5,2025-03-31T09:00:00-04:00,synthetic,synthetic_fixed_48h
instagram,synthetic_instagram_02,synthetic_instagram_02_post_0082,2025-03-29T14:00:00-04:00,120,9,2025-03-31T14:00:00-04:00,synthetic,synthetic_fixed_48h
instagram,synthetic_instagram_02,synthetic_instagram_02_post_0083,2025-03-30T11:00:00-04:00,51,3,2025-04-01T11:00:00-04:00,synthetic,synthetic_fixed_48h
instagram,synthetic_instagram_03,synthetic_instagram_03_post_0080,2025-03-30T19:00:00-04:00,195,13,2025-04-01T19:00:00-04:00,synthetic,synthetic_fixed_48h
facebook,synthetic_facebook_01,synthetic_facebook_01_post_0085,2025-03-31T07:00:00-04:00,97,3,2025-04-02T07:00:00-04:00,synthetic,synthetic_fixed_48h
facebook,synthetic_facebook_01,synthetic_facebook_01_post_0086,2025-03-31T13:00:00-04:00,94,4,2025-04-02T13:00:00-04:00,synthetic,synthetic_fixed_48h
facebook,synthetic_facebook_01,synthetic_facebook_01_post_0087,2025-03-31T15:00:00-04:00,54,4,2025-04-02T15:00:00-04:00,synthetic,synthetic_fixed_48h
facebook,synthetic_facebook_02,synthetic_facebook_02_post_0078,2025-03-31T15:00:00-04:00,53,6,2025-04-02T15:00:00-04:00,synthetic,synthetic_fixed_48h
instagram,synthetic_instagram_01,synthetic_instagram_01_post_0068,2025-04-01T04:00:00-04:00,47,4,2025-04-03T04:00:00-04:00,synthetic,synthetic_fixed_48h
facebook,synthetic_facebook_03,synthetic_facebook_03_post_0072,2025-04-01T13:00:00-04:00,69,1,2025-04-03T13:00:00-04:00,synthetic,synthetic_fixed_48h
facebook,synthetic_facebook_03,synthetic_facebook_03_post_0073,2025-04-01T15:00:00-04:00,42,5,2025-04-03T15:00:00-04:00,synthetic,synthetic_fixed_48h
instagram,synthetic_instagram_02,synthetic_instagram_02_post_0084,2025-04-01T16:00:00-04:00,99,9,2025-04-03T16:00:00-04:00,synthetic,synthetic_fixed_48h
facebook,synthetic_facebook_03,synthetic_facebook_03_post_0074,2025-04-02T04:00:00-04:00,55,5,2025-04-04T04:00:00-04:00,synthetic,synthetic_fixed_48h
instagram,synthetic_instagram_02,synthetic_instagram_02_post_0085,2025-04-02T21:00:00-04:00,56,7,2025-04-04T21:00:00-04:00,synthetic,synthetic_fixed_48h
instagram,synthetic_instagram_01,synthetic_instagram_01_post_0069,2025-04-03T03:00:00-04:00,27,2,2025-04-05T03:00:00-04:00,synthetic,synthetic_fixed_48h
facebook,synthetic_facebook_02,synthetic_facebook_02_post_0079,2025-04-03T08:00:00-04:00,61,5,2025-04-05T08:00:00-04:00,synthetic,synthetic_fixed_48h
instagram,synthetic_instagram_01,synthetic_instagram_01_post_0070,2025-04-03T08:00:00-04:00,81,5,2025-04-05T08:00:00-04:00,synthetic,synthetic_fixed_48h
facebook,synthetic_facebook_02,synthetic_facebook_02_post_0080,2025-04-03T13:00:00-04:00,94,5,2025-04-05T13:00:00-04:00,synthetic,synthetic_fixed_48h
instagram,synthetic_instagram_01,synthetic_instagram_01_post_0071,2025-04-03T15:00:00-04:00,48,9,2025-04-05T15:00:00-04:00,synthetic,synthetic_fixed_48h
facebook,synthetic_facebook_01,synthetic_facebook_01_post_0088,2025-04-04T02:00:00-04:00,30,0,2025-04-06T02:00:00-04:00,synthetic,synthetic_fixed_48h
instagram,synthetic_instagram_03,synthetic_instagram_03_post_0081,2025-04-04T07:00:00-04:00,67,2,2025-04-06T07:00:00-04:00,synthetic,synthetic_fixed_48h
facebook,synthetic_facebook_03,synthetic_facebook_03_post_0075,2025-04-04T10:00:00-04:00,51,1,2025-04-06T10:00:00-04:00,synthetic,synthetic_fixed_48h
instagram,synthetic_instagram_01,synthetic_instagram_01_post_0072,2025-04-04T10:00:00-04:00,45,0,2025-04-06T10:00:00-04:00,synthetic,synthetic_fixed_48h
instagram,synthetic_instagram_01,synthetic_instagram_01_post_0073,2025-04-04T16:00:00-04:00,45,7,2025-04-06T16:00:00-04:00,synthetic,synthetic_fixed_48h
facebook,synthetic_facebook_02,synthetic_facebook_02_post_0081,2025-04-04T17:00:00-04:00,99,7,2025-04-06T17:00:00-04:00,synthetic,synthetic_fixed_48h
facebook,synthetic_facebook_02,synthetic_facebook_02_post_0082,2025-04-04T18:00:00-04:00,65,4,2025-04-06T18:00:00-04:00,synthetic,synthetic_fixed_48h
facebook,synthetic_facebook_03,synthetic_facebook_03_post_0076,2025-04-04T22:00:00-04:00,108,7,2025-04-06T22:00:00-04:00,synthetic,synthetic_fixed_48h
instagram,synthetic_instagram_02,synthetic_instagram_02_post_0086,2025-04-05T11:00:00-04:00,30,6,2025-04-07T11:00:00-04:00,synthetic,synthetic_fixed_48h
facebook,synthetic_facebook_02,synthetic_facebook_02_post_0083,2025-04-05T21:00:00-04:00,27,3,2025-04-07T21:00:00-04:00,synthetic,synthetic_fixed_48h
instagram,synthetic_instagram_03,synthetic_instagram_03_post_0082,2025-04-05T23:00:00-04:00,152,14,2025-04-07T23:00:00-04:00,synthetic,synthetic_fixed_48h
instagram,synthetic_instagram_01,synthetic_instagram_01_post_0074,2025-04-06T02:00:00-04:00,35,1,2025-04-08T02:00:00-04:00,synthetic,synthetic_fixed_48h
instagram,synthetic_instagram_01,synthetic_instagram_01_post_0075,2025-04-06T12:00:00-04:00,87,10,2025-04-08T12:00:00-04:00,synthetic,synthetic_fixed_48h
facebook,synthetic_facebook_02,synthetic_facebook_02_post_0084,2025-04-06T14:00:00-04:00,45,4,2025-04-08T14:00:00-04:00,synthetic,synthetic_fixed_48h
facebook,synthetic_facebook_02,synthetic_facebook_02_post_0085,2025-04-06T19:00:00-04:00,35,0,2025-04-08T19:00:00-04:00,synthetic,synthetic_fixed_48h
instagram,synthetic_instagram_01,synthetic_instagram_01_post_0076,2025-04-06T20:00:00-04:00,42,2,2025-04-08T20:00:00-04:00,synthetic,synthetic_fixed_48h
facebook,synthetic_facebook_01,synthetic_facebook_01_post_0089,2025-04-07T01:00:00-04:00,42,0,2025-04-09T01:00:00-04:00,synthetic,synthetic_fixed_48h
instagram,synthetic_instagram_01,synthetic_instagram_01_post_0077,2025-04-07T01:00:00-04:00,11,0,2025-04-09T01:00:00-04:00,synthetic,synthetic_fixed_48h
facebook,synthetic_facebook_01,synthetic_facebook_01_post_0090,2025-04-07T17:00:00-04:00,48,5,2025-04-09T17:00:00-04:00,synthetic,synthetic_fixed_48h
facebook,synthetic_facebook_03,synthetic_facebook_03_post_0077,2025-04-07T20:00:00-04:00,109,6,2025-04-09T20:00:00-04:00,synthetic,synthetic_fixed_48h
instagram,synthetic_instagram_02,synthetic_instagram_02_post_0087,2025-04-08T13:00:00-04:00,57,8,2025-04-10T13:00:00-04:00,synthetic,synthetic_fixed_48h
instagram,synthetic_instagram_03,synthetic_instagram_03_post_0083,2025-04-08T17:00:00-04:00,58,5,2025-04-10T17:00:00-04:00,synthetic,synthetic_fixed_48h
instagram,synthetic_instagram_02,synthetic_instagram_02_post_0088,2025-04-10T03:00:00-04:00,68,8,2025-04-12T03:00:00-04:00,synthetic,synthetic_fixed_48h
instagram,synthetic_instagram_02,synthetic_instagram_02_post_0089,2025-04-10T13:00:00-04:00,179,17,2025-04-12T13:00:00-04:00,synthetic,synthetic_fixed_48h
facebook,synthetic_facebook_01,synthetic_facebook_01_post_0091,2025-04-10T16:00:00-04:00,41,1,2025-04-12T16:00:00-04:00,synthetic,synthetic_fixed_48h
facebook,synthetic_facebook_01,synthetic_facebook_01_post_0092,2025-04-11T14:00:00-04:00,40,1,2025-04-13T14:00:00-04:00,synthetic,synthetic_fixed_48h
instagram,synthetic_instagram_01,synthetic_instagram_01_post_0078,2025-04-11T14:00:00-04:00,44,5,2025-04-13T14:00:00-04:00,synthetic,synthetic_fixed_48h
instagram,synthetic_instagram_02,synthetic_instagram_02_post_0090,2025-04-11T17:00:00-04:00,88,8,2025-04-13T17:00:00-04:00,synthetic,synthetic_fixed_48h
facebook,synthetic_facebook_02,synthetic_facebook_02_post_0086,2025-04-12T02:00:00-04:00,25,2,2025-04-14T02:00:00-04:00,synthetic,synthetic_fixed_48h
instagram,synthetic_instagram_02,synthetic_instagram_02_post_0091,2025-04-12T03:00:00-04:00,32,5,2025-04-14T03:00:00-04:00,synthetic,synthetic_fixed_48h
facebook,synthetic_facebook_01,synthetic_facebook_01_post_0093,2025-04-12T05:00:00-04:00,37,2,2025-04-14T05:00:00-04:00,synthetic,synthetic_fixed_48h
instagram,synthetic_instagram_02,synthetic_instagram_02_post_0092,2025-04-12T05:00:00-04:00,30,6,2025-04-14T05:00:00-04:00,synthetic,synthetic_fixed_48h
instagram,synthetic_instagram_01,synthetic_instagram_01_post_0079,2025-04-12T07:00:00-04:00,19,2,2025-04-14T07:00:00-04:00,synthetic,synthetic_fixed_48h
instagram,synthetic_instagram_02,synthetic_instagram_02_post_0093,2025-04-12T20:00:00-04:00,60,1,2025-04-14T20:00:00-04:00,synthetic,synthetic_fixed_48h
facebook,synthetic_facebook_03,synthetic_facebook_03_post_0078,2025-04-12T21:00:00-04:00,86,8,2025-04-14T21:00:00-04:00,synthetic,synthetic_fixed_48h
instagram,synthetic_instagram_03,synthetic_instagram_03_post_0084,2025-04-13T00:00:00-04:00,185,16,2025-04-15T00:00:00-04:00,synthetic,synthetic_fixed_48h
instagram,synthetic_instagram_02,synthetic_instagram_02_post_0094,2025-04-13T01:00:00-04:00,25,3,2025-04-15T01:00:00-04:00,synthetic,synthetic_fixed_48h
instagram,synthetic_instagram_02,synthetic_instagram_02_post_0095,2025-04-13T04:00:00-04:00,13,0,2025-04-15T04:00:00-04:00,synthetic,synthetic_fixed_48h
facebook,synthetic_facebook_02,synthetic_facebook_02_post_0087,2025-04-13T08:00:00-04:00,30,1,2025-04-15T08:00:00-04:00,synthetic,synthetic_fixed_48h
instagram,synthetic_instagram_02,synthetic_instagram_02_post_0096,2025-04-13T12:00:00-04:00,38,6,2025-04-15T12:00:00-04:00,synthetic,synthetic_fixed_48h
instagram,synthetic_instagram_03,synthetic_instagram_03_post_0085,2025-04-13T15:00:00-04:00,96,4,2025-04-15T15:00:00-04:00,synthetic,synthetic_fixed_48h
facebook,synthetic_facebook_02,synthetic_facebook_02_post_0088,2025-04-14T15:00:00-04:00,153,11,2025-04-16T15:00:00-04:00,synthetic,synthetic_fixed_48h
instagram,synthetic_instagram_02,synthetic_instagram_02_post_0097,2025-04-14T21:00:00-04:00,27,1,2025-04-16T21:00:00-04:00,synthetic,synthetic_fixed_48h
instagram,synthetic_instagram_03,synthetic_instagram_03_post_0086,2025-04-14T23:00:00-04:00,143,13,2025-04-16T23:00:00-04:00,synthetic,synthetic_fixed_48h
instagram,synthetic_instagram_02,synthetic_instagram_02_post_0098,2025-04-15T00:00:00-04:00,55,5,2025-04-17T00:00:00-04:00,synthetic,synthetic_fixed_48h
instagram,synthetic_instagram_03,synthetic_instagram_03_post_0087,2025-04-15T03:00:00-04:00,98,9,2025-04-17T03:00:00-04:00,synthetic,synthetic_fixed_48h
facebook,synthetic_facebook_02,synthetic_facebook_02_post_0089,2025-04-15T09:00:00-04:00,83,4,2025-04-17T09:00:00-04:00,synthetic,synthetic_fixed_48h
instagram,synthetic_instagram_02,synthetic_instagram_02_post_0099,2025-04-15T10:00:00-04:00,32,5,2025-04-17T10:00:00-04:00,synthetic,synthetic_fixed_48h
facebook,synthetic_facebook_01,synthetic_facebook_01_post_0094,2025-04-15T15:00:00-04:00,27,0,2025-04-17T15:00:00-04:00,synthetic,synthetic_fixed_48h
instagram,synthetic_instagram_03,synthetic_instagram_03_post_0088,2025-04-15T15:00:00-04:00,48,3,2025-04-17T15:00:00-04:00,synthetic,synthetic_fixed_48h
facebook,synthetic_facebook_01,synthetic_facebook_01_post_0095,2025-04-15T21:00:00-04:00,38,4,2025-04-17T21:00:00-04:00,synthetic,synthetic_fixed_48h
instagram,synthetic_instagram_01,synthetic_instagram_01_post_0080,2025-04-15T21:00:00-04:00,31,2,2025-04-17T21:00:00-04:00,synthetic,synthetic_fixed_48h
facebook,synthetic_facebook_01,synthetic_facebook_01_post_0096,2025-04-15T23:00:00-04:00,33,3,2025-04-17T23:00:00-04:00,synthetic,synthetic_fixed_48h
facebook,synthetic_facebook_02,synthetic_facebook_02_post_0090,2025-04-16T03:00:00-04:00,26,0,2025-04-18T03:00:00-04:00,synthetic,synthetic_fixed_48h
instagram,synthetic_instagram_01,synthetic_instagram_01_post_0081,2025-04-16T04:00:00-04:00,94,8,2025-04-18T04:00:00-04:00,synthetic,synthetic_fixed_48h
facebook,synthetic_facebook_01,synthetic_facebook_01_post_0097,2025-04-16T12:00:00-04:00,68,7,2025-04-18T12:00:00-04:00,synthetic,synthetic_fixed_48h
facebook,synthetic_facebook_03,synthetic_facebook_03_post_0079,2025-04-16T13:00:00-04:00,82,9,2025-04-18T13:00:00-04:00,synthetic,synthetic_fixed_48h
facebook,synthetic_facebook_01,synthetic_facebook_01_post_0098,2025-04-17T03:00:00-04:00,31,4,2025-04-19T03:00:00-04:00,synthetic,synthetic_fixed_48h
facebook,synthetic_facebook_02,synthetic_facebook_02_post_0091,2025-04-17T08:00:00-04:00,78,5,2025-04-19T08:00:00-04:00,synthetic,synthetic_fixed_48h
instagram,synthetic_instagram_03,synthetic_instagram_03_post_0089,2025-04-17T19:00:00-04:00,91,8,2025-04-19T19:00:00-04:00,synthetic,synthetic_fixed_48h
facebook,synthetic_facebook_01,synthetic_facebook_01_post_0099,2025-04-17T21:00:00-04:00,34,1,2025-04-19T21:00:00-04:00,synthetic,synthetic_fixed_48h
instagram,synthetic_instagram_02,synthetic_instagram_02_post_0100,2025-04-18T05:00:00-04:00,49,6,2025-04-20T05:00:00-04:00,synthetic,synthetic_fixed_48h
facebook,synthetic_facebook_03,synthetic_facebook_03_post_0080,2025-04-18T08:00:00-04:00,24,3,2025-04-20T08:00:00-04:00,synthetic,synthetic_fixed_48h
facebook,synthetic_facebook_03,synthetic_facebook_03_post_0081,2025-04-18T11:00:00-04:00,56,0,2025-04-20T11:00:00-04:00,synthetic,synthetic_fixed_48h
facebook,synthetic_facebook_02,synthetic_facebook_02_post_0092,2025-04-19T06:00:00-04:00,39,0,2025-04-21T06:00:00-04:00,synthetic,synthetic_fixed_48h
facebook,synthetic_facebook_03,synthetic_facebook_03_post_0082,2025-04-19T10:00:00-04:00,70,6,2025-04-21T10:00:00-04:00,synthetic,synthetic_fixed_48h
facebook,synthetic_facebook_03,synthetic_facebook_03_post_0083,2025-04-19T17:00:00-04:00,110,7,2025-04-21T17:00:00-04:00,synthetic,synthetic_fixed_48h
facebook,synthetic_facebook_02,synthetic_facebook_02_post_0093,2025-04-19T22:00:00-04:00,35,0,2025-04-21T22:00:00-04:00,synthetic,synthetic_fixed_48h
instagram,synthetic_instagram_03,synthetic_instagram_03_post_0090,2025-04-19T22:00:00-04:00,115,6,2025-04-21T22:00:00-04:00,synthetic,synthetic_fixed_48h
instagram,synthetic_instagram_02,synthetic_instagram_02_post_0101,2025-04-20T08:00:00-04:00,43,4,2025-04-22T08:00:00-04:00,synthetic,synthetic_fixed_48h
facebook,synthetic_facebook_03,synthetic_facebook_03_post_0084,2025-04-20T12:00:00-04:00,76,4,2025-04-22T12:00:00-04:00,synthetic,synthetic_fixed_48h
facebook,synthetic_facebook_01,synthetic_facebook_01_post_0100,2025-04-20T14:00:00-04:00,60,3,2025-04-22T14:00:00-04:00,synthetic,synthetic_fixed_48h
facebook,synthetic_facebook_01,synthetic_facebook_01_post_0101,2025-04-20T17:00:00-04:00,46,6,2025-04-22T17:00:00-04:00,synthetic,synthetic_fixed_48h
facebook,synthetic_facebook_02,synthetic_facebook_02_post_0094,2025-04-21T15:00:00-04:00,43,2,2025-04-23T15:00:00-04:00,synthetic,synthetic_fixed_48h
instagram,synthetic_instagram_03,synthetic_instagram_03_post_0091,2025-04-22T21:00:00-04:00,117,10,2025-04-24T21:00:00-04:00,synthetic,synthetic_fixed_48h
instagram,synthetic_instagram_01,synthetic_instagram_01_post_0082,2025-04-23T00:00:00-04:00,62,4,2025-04-25T00:00:00-04:00,synthetic,synthetic_fixed_48h
instagram,synthetic_instagram_01,synthetic_instagram_01_post_0083,2025-04-23T03:00:00-04:00,85,7,2025-04-25T03:00:00-04:00,synthetic,synthetic_fixed_48h
instagram,synthetic_instagram_02,synthetic_instagram_02_post_0102,2025-04-23T03:00:00-04:00,24,0,2025-04-25T03:00:00-04:00,synthetic,synthetic_fixed_48h
instagram,synthetic_instagram_02,synthetic_instagram_02_post_0103,2025-04-23T04:00:00-04:00,35,2,2025-04-25T04:00:00-04:00,synthetic,synthetic_fixed_48h
instagram,synthetic_instagram_03,synthetic_instagram_03_post_0092,2025-04-23T08:00:00-04:00,43,3,2025-04-25T08:00:00-04:00,synthetic,synthetic_fixed_48h
facebook,synthetic_facebook_01,synthetic_facebook_01_post_0102,2025-04-23T10:00:00-04:00,91,6,2025-04-25T10:00:00-04:00,synthetic,synthetic_fixed_48h
facebook,synthetic_facebook_03,synthetic_facebook_03_post_0085,2025-04-23T19:00:00-04:00,125,6,2025-04-25T19:00:00-04:00,synthetic,synthetic_fixed_48h
instagram,synthetic_instagram_03,synthetic_instagram_03_post_0093,2025-04-23T21:00:00-04:00,134,11,2025-04-25T21:00:00-04:00,synthetic,synthetic_fixed_48h
facebook,synthetic_facebook_03,synthetic_facebook_03_post_0086,2025-04-23T23:00:00-04:00,81,4,2025-04-25T23:00:00-04:00,synthetic,synthetic_fixed_48h
instagram,synthetic_instagram_03,synthetic_instagram_03_post_0094,2025-04-24T02:00:00-04:00,84,5,2025-04-26T02:00:00-04:00,synthetic,synthetic_fixed_48h
facebook,synthetic_facebook_01,synthetic_facebook_01_post_0103,2025-04-24T04:00:00-04:00,44,0,2025-04-26T04:00:00-04:00,synthetic,synthetic_fixed_48h
instagram,synthetic_instagram_02,synthetic_instagram_02_post_0104,2025-04-24T08:00:00-04:00,43,4,2025-04-26T08:00:00-04:00,synthetic,synthetic_fixed_48h
instagram,synthetic_instagram_02,synthetic_instagram_02_post_0105,2025-04-24T15:00:00-04:00,114,8,2025-04-26T15:00:00-04:00,synthetic,synthetic_fixed_48h
facebook,synthetic_facebook_03,synthetic_facebook_03_post_0087,2025-04-24T21:00:00-04:00,171,12,2025-04-26T21:00:00-04:00,synthetic,synthetic_fixed_48h
instagram,synthetic_instagram_03,synthetic_instagram_03_post_0095,2025-04-25T09:00:00-04:00,82,7,2025-04-27T09:00:00-04:00,synthetic,synthetic_fixed_48h
instagram,synthetic_instagram_01,synthetic_instagram_01_post_0084,2025-04-25T17:00:00-04:00,113,5,2025-04-27T17:00:00-04:00,synthetic,synthetic_fixed_48h
instagram,synthetic_instagram_01,synthetic_instagram_01_post_0085,2025-04-25T18:00:00-04:00,35,6,2025-04-27T18:00:00-04:00,synthetic,synthetic_fixed_48h
instagram,synthetic_instagram_02,synthetic_instagram_02_post_0106,2025-04-25T20:00:00-04:00,101,10,2025-04-27T20:00:00-04:00,synthetic,synthetic_fixed_48h
facebook,synthetic_facebook_03,synthetic_facebook_03_post_0088,2025-04-25T22:00:00-04:00,76,3,2025-04-27T22:00:00-04:00,synthetic,synthetic_fixed_48h
facebook,synthetic_facebook_01,synthetic_facebook_01_post_0104,2025-04-25T23:00:00-04:00,49,1,2025-04-27T23:00:00-04:00,synthetic,synthetic_fixed_48h
facebook,synthetic_facebook_01,synthetic_facebook_01_post_0105,2025-04-26T04:00:00-04:00,97,6,2025-04-28T04:00:00-04:00,synthetic,synthetic_fixed_48h
instagram,synthetic_instagram_02,synthetic_instagram_02_post_0107,2025-04-26T06:00:00-04:00,28,3,2025-04-28T06:00:00-04:00,synthetic,synthetic_fixed_48h
facebook,synthetic_facebook_02,synthetic_facebook_02_post_0095,2025-04-26T08:00:00-04:00,47,0,2025-04-28T08:00:00-04:00,synthetic,synthetic_fixed_48h
instagram,synthetic_instagram_03,synthetic_instagram_03_post_0096,2025-04-26T10:00:00-04:00,86,4,2025-04-28T10:00:00-04:00,synthetic,synthetic_fixed_48h
facebook,synthetic_facebook_02,synthetic_facebook_02_post_0096,2025-04-26T12:00:00-04:00,104,6,2025-04-28T12:00:00-04:00,synthetic,synthetic_fixed_48h
facebook,synthetic_facebook_03,synthetic_facebook_03_post_0089,2025-04-26T14:00:00-04:00,122,8,2025-04-28T14:00:00-04:00,synthetic,synthetic_fixed_48h
facebook,synthetic_facebook_02,synthetic_facebook_02_post_0097,2025-04-26T17:00:00-04:00,56,4,2025-04-28T17:00:00-04:00,synthetic,synthetic_fixed_48h
facebook,synthetic_facebook_01,synthetic_facebook_01_post_0106,2025-04-26T22:00:00-04:00,28,4,2025-04-28T22:00:00-04:00,synthetic,synthetic_fixed_48h
facebook,synthetic_facebook_02,synthetic_facebook_02_post_0098,2025-04-26T22:00:00-04:00,23,4,2025-04-28T22:00:00-04:00,synthetic,synthetic_fixed_48h
facebook,synthetic_facebook_02,synthetic_facebook_02_post_0099,2025-04-27T09:00:00-04:00,66,6,2025-04-29T09:00:00-04:00,synthetic,synthetic_fixed_48h
facebook,synthetic_facebook_02,synthetic_facebook_02_post_0100,2025-04-27T17:00:00-04:00,119,9,2025-04-29T17:00:00-04:00,synthetic,synthetic_fixed_48h
facebook,synthetic_facebook_02,synthetic_facebook_02_post_0101,2025-04-27T18:00:00-04:00,230,14,2025-04-29T18:00:00-04:00,synthetic,synthetic_fixed_48h
facebook,synthetic_facebook_02,synthetic_facebook_02_post_0102,2025-04-27T19:00:00-04:00,78,4,2025-04-29T19:00:00-04:00,synthetic,synthetic_fixed_48h
facebook,synthetic_facebook_01,synthetic_facebook_01_post_0107,2025-04-27T20:00:00-04:00,49,2,2025-04-29T20:00:00-04:00,synthetic,synthetic_fixed_48h
instagram,synthetic_instagram_02,synthetic_instagram_02_post_0108,2025-04-27T21:00:00-04:00,52,4,2025-04-29T21:00:00-04:00,synthetic,synthetic_fixed_48h
instagram,synthetic_instagram_02,synthetic_instagram_02_post_0109,2025-04-28T01:00:00-04:00,32,3,2025-04-30T01:00:00-04:00,synthetic,synthetic_fixed_48h
instagram,synthetic_instagram_03,synthetic_instagram_03_post_0097,2025-04-28T11:00:00-04:00,54,2,2025-04-30T11:00:00-04:00,synthetic,synthetic_fixed_48h
instagram,synthetic_instagram_01,synthetic_instagram_01_post_0086,2025-04-28T13:00:00-04:00,123,8,2025-04-30T13:00:00-04:00,synthetic,synthetic_fixed_48h
facebook,synthetic_facebook_03,synthetic_facebook_03_post_0090,2025-04-28T18:00:00-04:00,109,10,2025-04-30T18:00:00-04:00,synthetic,synthetic_fixed_48h
facebook,synthetic_facebook_01,synthetic_facebook_01_post_0108,2025-04-28T19:00:00-04:00,78,8,2025-04-30T19:00:00-04:00,synthetic,synthetic_fixed_48h
facebook,synthetic_facebook_03,synthetic_facebook_03_post_0091,2025-04-28T19:00:00-04:00,136,15,2025-04-30T19:00:00-04:00,synthetic,synthetic_fixed_48h
instagram,synthetic_instagram_02,synthetic_instagram_02_post_0110,2025-04-29T13:00:00-04:00,111,8,2025-05-01T13:00:00-04:00,synthetic,synthetic_fixed_48h
facebook,synthetic_facebook_03,synthetic_facebook_03_post_0092,2025-04-29T14:00:00-04:00,121,6,2025-05-01T14:00:00-04:00,synthetic,synthetic_fixed_48h
instagram,synthetic_instagram_02,synthetic_instagram_02_post_0111,2025-04-29T16:00:00-04:00,109,7,2025-05-01T16:00:00-04:00,synthetic,synthetic_fixed_48h
facebook,synthetic_facebook_01,synthetic_facebook_01_post_0109,2025-04-29T23:00:00-04:00,39,2,2025-05-01T23:00:00-04:00,synthetic,synthetic_fixed_48h
facebook,synthetic_facebook_03,synthetic_facebook_03_post_0093,2025-04-30T00:00:00-04:00,75,4,2025-05-02T00:00:00-04:00,synthetic,synthetic_fixed_48h
instagram,synthetic_instagram_03,synthetic_instagram_03_post_0098,2025-04-30T01:00:00-04:00,72,7,2025-05-02T01:00:00-04:00,synthetic,synthetic_fixed_48h
instagram,synthetic_instagram_02,synthetic_instagram_02_post_0112,2025-04-30T06:00:00-04:00,55,7,2025-05-02T06:00:00-04:00,synthetic,synthetic_fixed_48h
facebook,synthetic_facebook_02,synthetic_facebook_02_post_0103,2025-04-30T07:00:00-04:00,52,6,2025-05-02T07:00:00-04:00,synthetic,synthetic_fixed_48h
facebook,synthetic_facebook_03,synthetic_facebook_03_post_0094,2025-04-30T11:00:00-04:00,26,0,2025-05-02T11:00:00-04:00,synthetic,synthetic_fixed_48h
instagram,synthetic_instagram_03,synthetic_instagram_03_post_0099,2025-04-30T12:00:00-04:00,65,6,2025-05-02T12:00:00-04:00,synthetic,synthetic_fixed_48h
instagram,synthetic_instagram_02,synthetic_instagram_02_post_0113,2025-04-30T16:00:00-04:00,64,7,2025-05-02T16:00:00-04:00,synthetic,synthetic_fixed_48h
instagram,synthetic_instagram_02,synthetic_instagram_02_post_0114,2025-04-30T18:00:00-04:00,69,2,2025-05-02T18:00:00-04:00,synthetic,synthetic_fixed_48h
instagram,synthetic_instagram_03,synthetic_instagram_03_post_0100,2025-04-30T21:00:00-04:00,127,9,2025-05-02T21:00:00-04:00,synthetic,synthetic_fixed_48h
facebook,synthetic_facebook_02,synthetic_facebook_02_post_0104,2025-05-01T07:00:00-04:00,90,8,2025-05-03T07:00:00-04:00,synthetic,synthetic_fixed_48h
instagram,synthetic_instagram_03,synthetic_instagram_03_post_0101,2025-05-01T15:00:00-04:00,64,7,2025-05-03T15:00:00-04:00,synthetic,synthetic_fixed_48h
facebook,synthetic_facebook_03,synthetic_facebook_03_post_0095,2025-05-01T16:00:00-04:00,148,13,2025-05-03T16:00:00-04:00,synthetic,synthetic_fixed_48h
facebook,synthetic_facebook_03,synthetic_facebook_03_post_0096,2025-05-01T20:00:00-04:00,157,11,2025-05-03T20:00:00-04:00,synthetic,synthetic_fixed_48h
instagram,synthetic_instagram_03,synthetic_instagram_03_post_0102,2025-05-01T23:00:00-04:00,113,11,2025-05-03T23:00:00-04:00,synthetic,synthetic_fixed_48h
instagram,synthetic_instagram_03,synthetic_instagram_03_post_0103,2025-05-02T08:00:00-04:00,82,9,2025-05-04T08:00:00-04:00,synthetic,synthetic_fixed_48h
facebook,synthetic_facebook_03,synthetic_facebook_03_post_0097,2025-05-02T10:00:00-04:00,129,5,2025-05-04T10:00:00-04:00,synthetic,synthetic_fixed_48h
facebook,synthetic_facebook_01,synthetic_facebook_01_post_0110,2025-05-02T16:00:00-04:00,49,5,2025-05-04T16:00:00-04:00,synthetic,synthetic_fixed_48h
facebook,synthetic_facebook_02,synthetic_facebook_02_post_0105,2025-05-02T21:00:00-04:00,57,5,2025-05-04T21:00:00-04:00,synthetic,synthetic_fixed_48h
instagram,synthetic_instagram_02,synthetic_instagram_02_post_0115,2025-05-02T21:00:00-04:00,112,7,2025-05-04T21:00:00-04:00,synthetic,synthetic_fixed_48h
instagram,synthetic_instagram_03,synthetic_instagram_03_post_0104,2025-05-03T00:00:00-04:00,43,4,2025-05-05T00:00:00-04:00,synthetic,synthetic_fixed_48h
facebook,synthetic_facebook_01,synthetic_facebook_01_post_0111,2025-05-03T04:00:00-04:00,77,6,2025-05-05T04:00:00-04:00,synthetic,synthetic_fixed_48h
instagram,synthetic_instagram_03,synthetic_instagram_03_post_0105,2025-05-03T12:00:00-04:00,56,1,2025-05-05T12:00:00-04:00,synthetic,synthetic_fixed_48h
instagram,synthetic_instagram_02,synthetic_instagram_02_post_0116,2025-05-03T22:00:00-04:00,158,12,2025-05-05T22:00:00-04:00,synthetic,synthetic_fixed_48h
facebook,synthetic_facebook_03,synthetic_facebook_03_post_0098,2025-05-04T14:00:00-04:00,70,5,2025-05-06T14:00:00-04:00,synthetic,synthetic_fixed_48h
facebook,synthetic_facebook_01,synthetic_facebook_01_post_0112,2025-05-04T18:00:00-04:00,31,2,2025-05-06T18:00:00-04:00,synthetic,synthetic_fixed_48h
instagram,synthetic_instagram_02,synthetic_instagram_02_post_0117,2025-05-04T18:00:00-04:00,113,5,2025-05-06T18:00:00-04:00,synthetic,synthetic_fixed_48h
instagram,synthetic_instagram_01,synthetic_instagram_01_post_0087,2025-05-04T19:00:00-04:00,76,6,2025-05-06T19:00:00-04:00,synthetic,synthetic_fixed_48h
facebook,synthetic_facebook_02,synthetic_facebook_02_post_0106,2025-05-04T22:00:00-04:00,43,2,2025-05-06T22:00:00-04:00,synthetic,synthetic_fixed_48h
facebook,synthetic_facebook_01,synthetic_facebook_01_post_0113,2025-05-04T23:00:00-04:00,37,2,2025-05-06T23:00:00-04:00,synthetic,synthetic_fixed_48h
facebook,synthetic_facebook_01,synthetic_facebook_01_post_0114,2025-05-05T03:00:00-04:00,51,2,2025-05-07T03:00:00-04:00,synthetic,synthetic_fixed_48h
instagram,synthetic_instagram_01,synthetic_instagram_01_post_0088,2025-05-05T09:00:00-04:00,179,14,2025-05-07T09:00:00-04:00,synthetic,synthetic_fixed_48h
instagram,synthetic_instagram_01,synthetic_instagram_01_post_0089,2025-05-05T10:00:00-04:00,108,9,2025-05-07T10:00:00-04:00,synthetic,synthetic_fixed_48h
facebook,synthetic_facebook_02,synthetic_facebook_02_post_0107,2025-05-05T13:00:00-04:00,86,6,2025-05-07T13:00:00-04:00,synthetic,synthetic_fixed_48h
facebook,synthetic_facebook_03,synthetic_facebook_03_post_0099,2025-05-05T17:00:00-04:00,138,12,2025-05-07T17:00:00-04:00,synthetic,synthetic_fixed_48h
instagram,synthetic_instagram_03,synthetic_instagram_03_post_0106,2025-05-05T17:00:00-04:00,63,5,2025-05-07T17:00:00-04:00,synthetic,synthetic_fixed_48h
instagram,synthetic_instagram_01,synthetic_instagram_01_post_0090,2025-05-05T18:00:00-04:00,66,3,2025-05-07T18:00:00-04:00,synthetic,synthetic_fixed_48h
instagram,synthetic_instagram_02,synthetic_instagram_02_post_0118,2025-05-05T18:00:00-04:00,120,7,2025-05-07T18:00:00-04:00,synthetic,synthetic_fixed_48h
instagram,synthetic_instagram_01,synthetic_instagram_01_post_0091,2025-05-05T22:00:00-04:00,51,3,2025-05-07T22:00:00-04:00,synthetic,synthetic_fixed_48h
instagram,synthetic_instagram_03,synthetic_instagram_03_post_0107,2025-05-05T23:00:00-04:00,63,5,2025-05-07T23:00:00-04:00,synthetic,synthetic_fixed_48h
facebook,synthetic_facebook_02,synthetic_facebook_02_post_0108,2025-05-06T02:00:00-04:00,19,2,2025-05-08T02:00:00-04:00,synthetic,synthetic_fixed_48h
instagram,synthetic_instagram_01,synthetic_instagram_01_post_0092,2025-05-06T04:00:00-04:00,60,5,2025-05-08T04:00:00-04:00,synthetic,synthetic_fixed_48h
instagram,synthetic_instagram_03,synthetic_instagram_03_post_0108,2025-05-07T20:00:00-04:00,79,8,2025-05-09T20:00:00-04:00,synthetic,synthetic_fixed_48h
facebook,synthetic_facebook_03,synthetic_facebook_03_post_0100,2025-05-08T03:00:00-04:00,94,7,2025-05-10T03:00:00-04:00,synthetic,synthetic_fixed_48h
instagram,synthetic_instagram_03,synthetic_instagram_03_post_0109,2025-05-08T03:00:00-04:00,70,8,2025-05-10T03:00:00-04:00,synthetic,synthetic_fixed_48h
facebook,synthetic_facebook_02,synthetic_facebook_02_post_0109,2025-05-08T14:00:00-04:00,128,8,2025-05-10T14:00:00-04:00,synthetic,synthetic_fixed_48h
facebook,synthetic_facebook_01,synthetic_facebook_01_post_0115,2025-05-08T22:00:00-04:00,33,1,2025-05-10T22:00:00-04:00,synthetic,synthetic_fixed_48h
instagram,synthetic_instagram_03,synthetic_instagram_03_post_0110,2025-05-09T04:00:00-04:00,77,5,2025-05-11T04:00:00-04:00,synthetic,synthetic_fixed_48h
instagram,synthetic_instagram_02,synthetic_instagram_02_post_0119,2025-05-09T12:00:00-04:00,83,7,2025-05-11T12:00:00-04:00,synthetic,synthetic_fixed_48h
facebook,synthetic_facebook_01,synthetic_facebook_01_post_0116,2025-05-09T17:00:00-04:00,33,0,2025-05-11T17:00:00-04:00,synthetic,synthetic_fixed_48h
facebook,synthetic_facebook_02,synthetic_facebook_02_post_0110,2025-05-09T17:00:00-04:00,81,4,2025-05-11T17:00:00-04:00,synthetic,synthetic_fixed_48h
facebook,synthetic_facebook_03,synthetic_facebook_03_post_0101,2025-05-10T02:00:00-04:00,116,8,2025-05-12T02:00:00-04:00,synthetic,synthetic_fixed_48h
instagram,synthetic_instagram_02,synthetic_instagram_02_post_0120,2025-05-10T12:00:00-04:00,167,14,2025-05-12T12:00:00-04:00,synthetic,synthetic_fixed_48h
facebook,synthetic_facebook_02,synthetic_facebook_02_post_0111,2025-05-10T13:00:00-04:00,53,4,2025-05-12T13:00:00-04:00,synthetic,synthetic_fixed_48h
facebook,synthetic_facebook_03,synthetic_facebook_03_post_0102,2025-05-10T13:00:00-04:00,84,9,2025-05-12T13:00:00-04:00,synthetic,synthetic_fixed_48h
instagram,synthetic_instagram_03,synthetic_instagram_03_post_0111,2025-05-10T14:00:00-04:00,116,7,2025-05-12T14:00:00-04:00,synthetic,synthetic_fixed_48h
facebook,synthetic_facebook_02,synthetic_facebook_02_post_0112,2025-05-10T15:00:00-04:00,80,4,2025-05-12T15:00:00-04:00,synthetic,synthetic_fixed_48h
instagram,synthetic_instagram_03,synthetic_instagram_03_post_0112,2025-05-10T22:00:00-04:00,152,18,2025-05-12T22:00:00-04:00,synthetic,synthetic_fixed_48h
instagram,synthetic_instagram_01,synthetic_instagram_01_post_0093,2025-05-11T01:00:00-04:00,36,7,2025-05-13T01:00:00-04:00,synthetic,synthetic_fixed_48h
instagram,synthetic_instagram_02,synthetic_instagram_02_post_0121,2025-05-11T02:00:00-04:00,47,1,2025-05-13T02:00:00-04:00,synthetic,synthetic_fixed_48h
facebook,synthetic_facebook_02,synthetic_facebook_02_post_0113,2025-05-11T14:00:00-04:00,54,7,2025-05-13T14:00:00-04:00,synthetic,synthetic_fixed_48h
instagram,synthetic_instagram_01,synthetic_instagram_01_post_0094,2025-05-11T14:00:00-04:00,68,4,2025-05-13T14:00:00-04:00,synthetic,synthetic_fixed_48h
facebook,synthetic_facebook_02,synthetic_facebook_02_post_0114,2025-05-11T21:00:00-04:00,61,10,2025-05-13T21:00:00-04:00,synthetic,synthetic_fixed_48h
instagram,synthetic_instagram_02,synthetic_instagram_02_post_0122,2025-05-11T23:00:00-04:00,77,9,2025-05-13T23:00:00-04:00,synthetic,synthetic_fixed_48h
facebook,synthetic_facebook_02,synthetic_facebook_02_post_0115,2025-05-12T02:00:00-04:00,25,2,2025-05-14T02:00:00-04:00,synthetic,synthetic_fixed_48h
facebook,synthetic_facebook_02,synthetic_facebook_02_post_0116,2025-05-12T03:00:00-04:00,42,4,2025-05-14T03:00:00-04:00,synthetic,synthetic_fixed_48h
instagram,synthetic_instagram_02,synthetic_instagram_02_post_0123,2025-05-12T04:00:00-04:00,44,4,2025-05-14T04:00:00-04:00,synthetic,synthetic_fixed_48h
instagram,synthetic_instagram_03,synthetic_instagram_03_post_0113,2025-05-12T07:00:00-04:00,58,8,2025-05-14T07:00:00-04:00,synthetic,synthetic_fixed_48h
facebook,synthetic_facebook_03,synthetic_facebook_03_post_0103,2025-05-12T09:00:00-04:00,27,1,2025-05-14T09:00:00-04:00,synthetic,synthetic_fixed_48h
instagram,synthetic_instagram_02,synthetic_instagram_02_post_0124,2025-05-12T12:00:00-04:00,65,1,2025-05-14T12:00:00-04:00,synthetic,synthetic_fixed_48h
instagram,synthetic_instagram_03,synthetic_instagram_03_post_0114,2025-05-12T14:00:00-04:00,93,6,2025-05-14T14:00:00-04:00,synthetic,synthetic_fixed_48h
instagram,synthetic_instagram_02,synthetic_instagram_02_post_0125,2025-05-12T19:00:00-04:00,74,8,2025-05-14T19:00:00-04:00,synthetic,synthetic_fixed_48h
instagram,synthetic_instagram_02,synthetic_instagram_02_post_0126,2025-05-12T20:00:00-04:00,71,9,2025-05-14T20:00:00-04:00,synthetic,synthetic_fixed_48h
instagram,synthetic_instagram_01,synthetic_instagram_01_post_0095,2025-05-12T21:00:00-04:00,50,3,2025-05-14T21:00:00-04:00,synthetic,synthetic_fixed_48h
instagram,synthetic_instagram_03,synthetic_instagram_03_post_0115,2025-05-12T22:00:00-04:00,110,8,2025-05-14T22:00:00-04:00,synthetic,synthetic_fixed_48h
instagram,synthetic_instagram_03,synthetic_instagram_03_post_0116,2025-05-13T00:00:00-04:00,109,11,2025-05-15T00:00:00-04:00,synthetic,synthetic_fixed_48h
facebook,synthetic_facebook_02,synthetic_facebook_02_post_0117,2025-05-13T06:00:00-04:00,53,3,2025-05-15T06:00:00-04:00,synthetic,synthetic_fixed_48h
instagram,synthetic_instagram_03,synthetic_instagram_03_post_0117,2025-05-13T14:00:00-04:00,41,4,2025-05-15T14:00:00-04:00,synthetic,synthetic_fixed_48h
facebook,synthetic_facebook_02,synthetic_facebook_02_post_0118,2025-05-13T21:00:00-04:00,31,6,2025-05-15T21:00:00-04:00,synthetic,synthetic_fixed_48h
instagram,synthetic_instagram_03,synthetic_instagram_03_post_0118,2025-05-13T22:00:00-04:00,98,7,2025-05-15T22:00:00-04:00,synthetic,synthetic_fixed_48h
instagram,synthetic_instagram_03,synthetic_instagram_03_post_0119,2025-05-14T07:00:00-04:00,72,3,2025-05-16T07:00:00-04:00,synthetic,synthetic_fixed_48h
instagram,synthetic_instagram_03,synthetic_instagram_03_post_0120,2025-05-14T08:00:00-04:00,39,1,2025-05-16T08:00:00-04:00,synthetic,synthetic_fixed_48h
instagram,synthetic_instagram_02,synthetic_instagram_02_post_0127,2025-05-14T20:00:00-04:00,112,10,2025-05-16T20:00:00-04:00,synthetic,synthetic_fixed_48h
instagram,synthetic_instagram_03,synthetic_instagram_03_post_0121,2025-05-15T01:00:00-04:00,120,6,2025-05-17T01:00:00-04:00,synthetic,synthetic_fixed_48h
facebook,synthetic_facebook_03,synthetic_facebook_03_post_0104,2025-05-15T03:00:00-04:00,67,8,2025-05-17T03:00:00-04:00,synthetic,synthetic_fixed_48h
instagram,synthetic_instagram_02,synthetic_instagram_02_post_0128,2025-05-15T08:00:00-04:00,72,4,2025-05-17T08:00:00-04:00,synthetic,synthetic_fixed_48h
instagram,synthetic_instagram_03,synthetic_instagram_03_post_0122,2025-05-15T21:00:00-04:00,107,9,2025-05-17T21:00:00-04:00,synthetic,synthetic_fixed_48h
instagram,synthetic_instagram_02,synthetic_instagram_02_post_0129,2025-05-15T22:00:00-04:00,70,10,2025-05-17T22:00:00-04:00,synthetic,synthetic_fixed_48h
instagram,synthetic_instagram_01,synthetic_instagram_01_post_0096,2025-05-16T01:00:00-04:00,47,4,2025-05-18T01:00:00-04:00,synthetic,synthetic_fixed_48h
instagram,synthetic_instagram_02,synthetic_instagram_02_post_0130,2025-05-16T01:00:00-04:00,34,0,2025-05-18T01:00:00-04:00,synthetic,synthetic_fixed_48h
instagram,synthetic_instagram_03,synthetic_instagram_03_post_0123,2025-05-16T04:00:00-04:00,67,5,2025-05-18T04:00:00-04:00,synthetic,synthetic_fixed_48h
instagram,synthetic_instagram_03,synthetic_instagram_03_post_0124,2025-05-16T05:00:00-04:00,91,7,2025-05-18T05:00:00-04:00,synthetic,synthetic_fixed_48h
facebook,synthetic_facebook_03,synthetic_facebook_03_post_0105,2025-05-16T10:00:00-04:00,123,8,2025-05-18T10:00:00-04:00,synthetic,synthetic_fixed_48h
instagram,synthetic_instagram_02,synthetic_instagram_02_post_0131,2025-05-16T12:00:00-04:00,34,3,2025-05-18T12:00:00-04:00,synthetic,synthetic_fixed_48h
facebook,synthetic_facebook_02,synthetic_facebook_02_post_0119,2025-05-16T14:00:00-04:00,41,1,2025-05-18T14:00:00-04:00,synthetic,synthetic_fixed_48h
instagram,synthetic_instagram_01,synthetic_instagram_01_post_0097,2025-05-16T22:00:00-04:00,18,0,2025-05-18T22:00:00-04:00,synthetic,synthetic_fixed_48h
instagram,synthetic_instagram_01,synthetic_instagram_01_post_0098,2025-05-17T00:00:00-04:00,33,1,2025-05-19T00:00:00-04:00,synthetic,synthetic_fixed_48h
instagram,synthetic_instagram_01,synthetic_instagram_01_post_0099,2025-05-17T06:00:00-04:00,52,3,2025-05-19T06:00:00-04:00,synthetic,synthetic_fixed_48h
facebook,synthetic_facebook_03,synthetic_facebook_03_post_0106,2025-05-17T14:00:00-04:00,169,11,2025-05-19T14:00:00-04:00,synthetic,synthetic_fixed_48h
facebook,synthetic_facebook_01,synthetic_facebook_01_post_0117,2025-05-17T15:00:00-04:00,33,0,2025-05-19T15:00:00-04:00,synthetic,synthetic_fixed_48h
instagram,synthetic_instagram_01,synthetic_instagram_01_post_0100,2025-05-17T17:00:00-04:00,58,4,2025-05-19T17:00:00-04:00,synthetic,synthetic_fixed_48h
instagram,synthetic_instagram_03,synthetic_instagram_03_post_0125,2025-05-17T20:00:00-04:00,118,9,2025-05-19T20:00:00-04:00,synthetic,synthetic_fixed_48h
instagram,synthetic_instagram_03,synthetic_instagram_03_post_0126,2025-05-18T04:00:00-04:00,111,10,2025-05-20T04:00:00-04:00,synthetic,synthetic_fixed_48h
facebook,synthetic_facebook_02,synthetic_facebook_02_post_0120,2025-05-18T08:00:00-04:00,48,4,2025-05-20T08:00:00-04:00,synthetic,synthetic_fixed_48h
instagram,synthetic_instagram_03,synthetic_instagram_03_post_0127,2025-05-18T08:00:00-04:00,110,7,2025-05-20T08:00:00-04:00,synthetic,synthetic_fixed_48h
instagram,synthetic_instagram_01,synthetic_instagram_01_post_0101,2025-05-18T10:00:00-04:00,100,7,2025-05-20T10:00:00-04:00,synthetic,synthetic_fixed_48h
instagram,synthetic_instagram_02,synthetic_instagram_02_post_0132,2025-05-18T10:00:00-04:00,30,4,2025-05-20T10:00:00-04:00,synthetic,synthetic_fixed_48h
instagram,synthetic_instagram_03,synthetic_instagram_03_post_0128,2025-05-18T16:00:00-04:00,200,13,2025-05-20T16:00:00-04:00,synthetic,synthetic_fixed_48h
facebook,synthetic_facebook_01,synthetic_facebook_01_post_0118,2025-05-18T21:00:00-04:00,44,1,2025-05-20T21:00:00-04:00,synthetic,synthetic_fixed_48h
instagram,synthetic_instagram_02,synthetic_instagram_02_post_0133,2025-05-19T04:00:00-04:00,52,4,2025-05-21T04:00:00-04:00,synthetic,synthetic_fixed_48h
instagram,synthetic_instagram_02,synthetic_instagram_02_post_0134,2025-05-19T08:00:00-04:00,16,4,2025-05-21T08:00:00-04:00,synthetic,synthetic_fixed_48h
facebook,synthetic_facebook_01,synthetic_facebook_01_post_0119,2025-05-19T23:00:00-04:00,44,3,2025-05-21T23:00:00-04:00,synthetic,synthetic_fixed_48h
facebook,synthetic_facebook_02,synthetic_facebook_02_post_0121,2025-05-20T02:00:00-04:00,34,2,2025-05-22T02:00:00-04:00,synthetic,synthetic_fixed_48h
instagram,synthetic_instagram_03,synthetic_instagram_03_post_0129,2025-05-20T06:00:00-04:00,61,2,2025-05-22T06:00:00-04:00,synthetic,synthetic_fixed_48h
facebook,synthetic_facebook_01,synthetic_facebook_01_post_0120,2025-05-20T07:00:00-04:00,41,2,2025-05-22T07:00:00-04:00,synthetic,synthetic_fixed_48h
instagram,synthetic_instagram_01,synthetic_instagram_01_post_0102,2025-05-20T10:00:00-04:00,109,5,2025-05-22T10:00:00-04:00,synthetic,synthetic_fixed_48h
instagram,synthetic_instagram_02,synthetic_instagram_02_post_0135,2025-05-20T11:00:00-04:00,45,8,2025-05-22T11:00:00-04:00,synthetic,synthetic_fixed_48h
facebook,synthetic_facebook_02,synthetic_facebook_02_post_0122,2025-05-20T12:00:00-04:00,82,7,2025-05-22T12:00:00-04:00,synthetic,synthetic_fixed_48h
facebook,synthetic_facebook_01,synthetic_facebook_01_post_0121,2025-05-20T19:00:00-04:00,32,0,2025-05-22T19:00:00-04:00,synthetic,synthetic_fixed_48h
facebook,synthetic_facebook_02,synthetic_facebook_02_post_0123,2025-05-20T21:00:00-04:00,56,3,2025-05-22T21:00:00-04:00,synthetic,synthetic_fixed_48h
instagram,synthetic_instagram_03,synthetic_instagram_03_post_0130,2025-05-20T21:00:00-04:00,134,11,2025-05-22T21:00:00-04:00,synthetic,synthetic_fixed_48h
facebook,synthetic_facebook_01,synthetic_facebook_01_post_0122,2025-05-21T01:00:00-04:00,22,6,2025-05-23T01:00:00-04:00,synthetic,synthetic_fixed_48h
instagram,synthetic_instagram_03,synthetic_instagram_03_post_0131,2025-05-21T03:00:00-04:00,191,16,2025-05-23T03:00:00-04:00,synthetic,synthetic_fixed_48h
instagram,synthetic_instagram_02,synthetic_instagram_02_post_0136,2025-05-21T12:00:00-04:00,118,11,2025-05-23T12:00:00-04:00,synthetic,synthetic_fixed_48h
facebook,synthetic_facebook_03,synthetic_facebook_03_post_0107,2025-05-21T17:00:00-04:00,119,3,2025-05-23T17:00:00-04:00,synthetic,synthetic_fixed_48h
instagram,synthetic_instagram_03,synthetic_instagram_03_post_0132,2025-05-21T20:00:00-04:00,234,17,2025-05-23T20:00:00-04:00,synthetic,synthetic_fixed_48h
facebook,synthetic_facebook_01,synthetic_facebook_01_post_0123,2025-05-22T08:00:00-04:00,43,1,2025-05-24T08:00:00-04:00,synthetic,synthetic_fixed_48h
instagram,synthetic_instagram_01,synthetic_instagram_01_post_0103,2025-05-22T14:00:00-04:00,70,4,2025-05-24T14:00:00-04:00,synthetic,synthetic_fixed_48h
instagram,synthetic_instagram_02,synthetic_instagram_02_post_0137,2025-05-22T14:00:00-04:00,95,8,2025-05-24T14:00:00-04:00,synthetic,synthetic_fixed_48h
facebook,synthetic_facebook_03,synthetic_facebook_03_post_0108,2025-05-23T00:00:00-04:00,130,10,2025-05-25T00:00:00-04:00,synthetic,synthetic_fixed_48h
facebook,synthetic_facebook_01,synthetic_facebook_01_post_0124,2025-05-23T07:00:00-04:00,34,3,2025-05-25T07:00:00-04:00,synthetic,synthetic_fixed_48h
facebook,synthetic_facebook_03,synthetic_facebook_03_post_0109,2025-05-23T09:00:00-04:00,66,8,2025-05-25T09:00:00-04:00,synthetic,synthetic_fixed_48h
facebook,synthetic_facebook_02,synthetic_facebook_02_post_0124,2025-05-23T12:00:00-04:00,106,7,2025-05-25T12:00:00-04:00,synthetic,synthetic_fixed_48h
instagram,synthetic_instagram_02,synthetic_instagram_02_post_0138,2025-05-23T21:00:00-04:00,120,11,2025-05-25T21:00:00-04:00,synthetic,synthetic_fixed_48h
facebook,synthetic_facebook_01,synthetic_facebook_01_post_0125,2025-05-23T23:00:00-04:00,22,2,2025-05-25T23:00:00-04:00,synthetic,synthetic_fixed_48h
instagram,synthetic_instagram_02,synthetic_instagram_02_post_0139,2025-05-24T00:00:00-04:00,45,5,2025-05-26T00:00:00-04:00,synthetic,synthetic_fixed_48h
facebook,synthetic_facebook_03,synthetic_facebook_03_post_0110,2025-05-24T04:00:00-04:00,82,6,2025-05-26T04:00:00-04:00,synthetic,synthetic_fixed_48h
facebook,synthetic_facebook_03,synthetic_facebook_03_post_0111,2025-05-24T14:00:00-04:00,155,14,2025-05-26T14:00:00-04:00,synthetic,synthetic_fixed_48h
instagram,synthetic_instagram_02,synthetic_instagram_02_post_0140,2025-05-24T21:00:00-04:00,65,8,2025-05-26T21:00:00-04:00,synthetic,synthetic_fixed_48h
instagram,synthetic_instagram_01,synthetic_instagram_01_post_0104,2025-05-24T22:00:00-04:00,41,2,2025-05-26T22:00:00-04:00,synthetic,synthetic_fixed_48h
facebook,synthetic_facebook_01,synthetic_facebook_01_post_0126,2025-05-25T00:00:00-04:00,24,5,2025-05-27T00:00:00-04:00,synthetic,synthetic_fixed_48h
facebook,synthetic_facebook_02,synthetic_facebook_02_post_0125,2025-05-25T03:00:00-04:00,31,0,2025-05-27T03:00:00-04:00,synthetic,synthetic_fixed_48h
instagram,synthetic_instagram_01,synthetic_instagram_01_post_0105,2025-05-25T05:00:00-04:00,48,2,2025-05-27T05:00:00-04:00,synthetic,synthetic_fixed_48h
facebook,synthetic_facebook_01,synthetic_facebook_01_post_0127,2025-05-25T06:00:00-04:00,51,4,2025-05-27T06:00:00-04:00,synthetic,synthetic_fixed_48h
instagram,synthetic_instagram_02,synthetic_instagram_02_post_0141,2025-05-25T07:00:00-04:00,34,2,2025-05-27T07:00:00-04:00,synthetic,synthetic_fixed_48h
facebook,synthetic_facebook_01,synthetic_facebook_01_post_0128,2025-05-25T12:00:00-04:00,46,2,2025-05-27T12:00:00-04:00,synthetic,synthetic_fixed_48h
instagram,synthetic_instagram_03,synthetic_instagram_03_post_0133,2025-05-25T12:00:00-04:00,49,4,2025-05-27T12:00:00-04:00,synthetic,synthetic_fixed_48h
instagram,synthetic_instagram_01,synthetic_instagram_01_post_0106,2025-05-25T20:00:00-04:00,49,8,2025-05-27T20:00:00-04:00,synthetic,synthetic_fixed_48h
instagram,synthetic_instagram_03,synthetic_instagram_03_post_0134,2025-05-25T23:00:00-04:00,141,9,2025-05-27T23:00:00-04:00,synthetic,synthetic_fixed_48h
instagram,synthetic_instagram_02,synthetic_instagram_02_post_0142,2025-05-26T11:00:00-04:00,77,8,2025-05-28T11:00:00-04:00,synthetic,synthetic_fixed_48h
instagram,synthetic_instagram_01,synthetic_instagram_01_post_0107,2025-05-27T01:00:00-04:00,35,1,2025-05-29T01:00:00-04:00,synthetic,synthetic_fixed_48h
instagram,synthetic_instagram_02,synthetic_instagram_02_post_0143,2025-05-27T02:00:00-04:00,52,4,2025-05-29T02:00:00-04:00,synthetic,synthetic_fixed_48h
instagram,synthetic_instagram_01,synthetic_instagram_01_post_0108,2025-05-27T03:00:00-04:00,52,4,2025-05-29T03:00:00-04:00,synthetic,synthetic_fixed_48h
facebook,synthetic_facebook_02,synthetic_facebook_02_post_0126,2025-05-27T04:00:00-04:00,30,0,2025-05-29T04:00:00-04:00,synthetic,synthetic_fixed_48h
facebook,synthetic_facebook_03,synthetic_facebook_03_post_0112,2025-05-27T09:00:00-04:00,38,1,2025-05-29T09:00:00-04:00,synthetic,synthetic_fixed_48h
instagram,synthetic_instagram_03,synthetic_instagram_03_post_0135,2025-05-27T09:00:00-04:00,60,6,2025-05-29T09:00:00-04:00,synthetic,synthetic_fixed_48h
instagram,synthetic_instagram_03,synthetic_instagram_03_post_0136,2025-05-27T12:00:00-04:00,47,2,2025-05-29T12:00:00-04:00,synthetic,synthetic_fixed_48h
instagram,synthetic_instagram_03,synthetic_instagram_03_post_0137,2025-05-27T16:00:00-04:00,59,5,2025-05-29T16:00:00-04:00,synthetic,synthetic_fixed_48h
facebook,synthetic_facebook_02,synthetic_facebook_02_post_0127,2025-05-27T17:00:00-04:00,79,7,2025-05-29T17:00:00-04:00,synthetic,synthetic_fixed_48h
facebook,synthetic_facebook_03,synthetic_facebook_03_post_0113,2025-05-27T20:00:00-04:00,121,4,2025-05-29T20:00:00-04:00,synthetic,synthetic_fixed_48h
instagram,synthetic_instagram_03,synthetic_instagram_03_post_0138,2025-05-27T20:00:00-04:00,118,8,2025-05-29T20:00:00-04:00,synthetic,synthetic_fixed_48h
facebook,synthetic_facebook_03,synthetic_facebook_03_post_0114,2025-05-29T00:00:00-04:00,97,5,2025-05-31T00:00:00-04:00,synthetic,synthetic_fixed_48h
facebook,synthetic_facebook_03,synthetic_facebook_03_post_0115,2025-05-29T17:00:00-04:00,139,7,2025-05-31T17:00:00-04:00,synthetic,synthetic_fixed_48h
facebook,synthetic_facebook_01,synthetic_facebook_01_post_0129,2025-05-29T20:00:00-04:00,37,0,2025-05-31T20:00:00-04:00,synthetic,synthetic_fixed_48h
facebook,synthetic_facebook_02,synthetic_facebook_02_post_0128,2025-05-30T02:00:00-04:00,19,0,2025-06-01T02:00:00-04:00,synthetic,synthetic_fixed_48h
instagram,synthetic_instagram_02,synthetic_instagram_02_post_0144,2025-05-30T18:00:00-04:00,153,14,2025-06-01T18:00:00-04:00,synthetic,synthetic_fixed_48h
instagram,synthetic_instagram_03,synthetic_instagram_03_post_0139,2025-05-30T19:00:00-04:00,92,10,2025-06-01T19:00:00-04:00,synthetic,synthetic_fixed_48h
instagram,synthetic_instagram_02,synthetic_instagram_02_post_0145,2025-05-30T23:00:00-04:00,120,10,2025-06-01T23:00:00-04:00,synthetic,synthetic_fixed_48h
facebook,synthetic_facebook_03,synthetic_facebook_03_post_0116,2025-05-31T03:00:00-04:00,87,9,2025-06-02T03:00:00-04:00,synthetic,synthetic_fixed_48h
facebook,synthetic_facebook_01,synthetic_facebook_01_post_0130,2025-06-01T01:00:00-04:00,48,5,2025-06-03T01:00:00-04:00,synthetic,synthetic_fixed_48h
facebook,synthetic_facebook_03,synthetic_facebook_03_post_0117,2025-06-01T03:00:00-04:00,101,8,2025-06-03T03:00:00-04:00,synthetic,synthetic_fixed_48h
facebook,synthetic_facebook_03,synthetic_facebook_03_post_0118,2025-06-01T09:00:00-04:00,56,1,2025-06-03T09:00:00-04:00,synthetic,synthetic_fixed_48h
facebook,synthetic_facebook_03,synthetic_facebook_03_post_0119,2025-06-01T11:00:00-04:00,73,8,2025-06-03T11:00:00-04:00,synthetic,synthetic_fixed_48h
facebook,synthetic_facebook_01,synthetic_facebook_01_post_0131,2025-06-01T15:00:00-04:00,38,4,2025-06-03T15:00:00-04:00,synthetic,synthetic_fixed_48h
instagram,synthetic_instagram_03,synthetic_instagram_03_post_0140,2025-06-01T15:00:00-04:00,57,5,2025-06-03T15:00:00-04:00,synthetic,synthetic_fixed_48h
facebook,synthetic_facebook_03,synthetic_facebook_03_post_0120,2025-06-01T22:00:00-04:00,72,6,2025-06-03T22:00:00-04:00,synthetic,synthetic_fixed_48h
instagram,synthetic_instagram_01,synthetic_instagram_01_post_0109,2025-06-02T00:00:00-04:00,51,2,2025-06-04T00:00:00-04:00,synthetic,synthetic_fixed_48h
facebook,synthetic_facebook_03,synthetic_facebook_03_post_0121,2025-06-02T08:00:00-04:00,34,2,2025-06-04T08:00:00-04:00,synthetic,synthetic_fixed_48h
instagram,synthetic_instagram_01,synthetic_instagram_01_post_0110,2025-06-02T10:00:00-04:00,99,6,2025-06-04T10:00:00-04:00,synthetic,synthetic_fixed_48h
instagram,synthetic_instagram_02,synthetic_instagram_02_post_0146,2025-06-02T12:00:00-04:00,102,9,2025-06-04T12:00:00-04:00,synthetic,synthetic_fixed_48h
instagram,synthetic_instagram_03,synthetic_instagram_03_post_0141,2025-06-02T19:00:00-04:00,89,9,2025-06-04T19:00:00-04:00,synthetic,synthetic_fixed_48h
facebook,synthetic_facebook_01,synthetic_facebook_01_post_0132,2025-06-03T06:00:00-04:00,81,6,2025-06-05T06:00:00-04:00,synthetic,synthetic_fixed_48h
facebook,synthetic_facebook_02,synthetic_facebook_02_post_0129,2025-06-03T06:00:00-04:00,19,0,2025-06-05T06:00:00-04:00,synthetic,synthetic_fixed_48h
facebook,synthetic_facebook_02,synthetic_facebook_02_post_0130,2025-06-03T08:00:00-04:00,34,2,2025-06-05T08:00:00-04:00,synthetic,synthetic_fixed_48h
facebook,synthetic_facebook_01,synthetic_facebook_01_post_0133,2025-06-03T10:00:00-04:00,63,4,2025-06-05T10:00:00-04:00,synthetic,synthetic_fixed_48h
facebook,synthetic_facebook_02,synthetic_facebook_02_post_0131,2025-06-03T10:00:00-04:00,67,5,2025-06-05T10:00:00-04:00,synthetic,synthetic_fixed_48h
facebook,synthetic_facebook_03,synthetic_facebook_03_post_0122,2025-06-03T13:00:00-04:00,71,4,2025-06-05T13:00:00-04:00,synthetic,synthetic_fixed_48h
instagram,synthetic_instagram_02,synthetic_instagram_02_post_0147,2025-06-03T18:00:00-04:00,130,12,2025-06-05T18:00:00-04:00,synthetic,synthetic_fixed_48h
facebook,synthetic_facebook_01,synthetic_facebook_01_post_0134,2025-06-04T00:00:00-04:00,17,0,2025-06-06T00:00:00-04:00,synthetic,synthetic_fixed_48h
instagram,synthetic_instagram_03,synthetic_instagram_03_post_0142,2025-06-04T02:00:00-04:00,62,7,2025-06-06T02:00:00-04:00,synthetic,synthetic_fixed_48h
facebook,synthetic_facebook_03,synthetic_facebook_03_post_0123,2025-06-04T15:00:00-04:00,106,8,2025-06-06T15:00:00-04:00,synthetic,synthetic_fixed_48h
instagram,synthetic_instagram_02,synthetic_instagram_02_post_0148,2025-06-04T22:00:00-04:00,88,3,2025-06-06T22:00:00-04:00,synthetic,synthetic_fixed_48h
instagram,synthetic_instagram_02,synthetic_instagram_02_post_0149,2025-06-05T03:00:00-04:00,76,5,2025-06-07T03:00:00-04:00,synthetic,synthetic_fixed_48h
instagram,synthetic_instagram_01,synthetic_instagram_01_post_0111,2025-06-05T05:00:00-04:00,36,2,2025-06-07T05:00:00-04:00,synthetic,synthetic_fixed_48h
facebook,synthetic_facebook_02,synthetic_facebook_02_post_0132,2025-06-05T11:00:00-04:00,43,4,2025-06-07T11:00:00-04:00,synthetic,synthetic_fixed_48h
instagram,synthetic_instagram_03,synthetic_instagram_03_post_0143,2025-06-05T13:00:00-04:00,62,6,2025-06-07T13:00:00-04:00,synthetic,synthetic_fixed_48h
facebook,synthetic_facebook_01,synthetic_facebook_01_post_0135,2025-06-05T16:00:00-04:00,37,4,2025-06-07T16:00:00-04:00,synthetic,synthetic_fixed_48h
facebook,synthetic_facebook_01,synthetic_facebook_01_post_0136,2025-06-06T05:00:00-04:00,72,9,2025-06-08T05:00:00-04:00,synthetic,synthetic_fixed_48h
instagram,synthetic_instagram_02,synthetic_instagram_02_post_0150,2025-06-06T05:00:00-04:00,61,8,2025-06-08T05:00:00-04:00,synthetic,synthetic_fixed_48h
instagram,synthetic_instagram_02,synthetic_instagram_02_post_0151,2025-06-06T18:00:00-04:00,117,8,2025-06-08T18:00:00-04:00,synthetic,synthetic_fixed_48h
facebook,synthetic_facebook_01,synthetic_facebook_01_post_0137,2025-06-06T20:00:00-04:00,23,0,2025-06-08T20:00:00-04:00,synthetic,synthetic_fixed_48h
instagram,synthetic_instagram_03,synthetic_instagram_03_post_0144,2025-06-07T07:00:00-04:00,81,8,2025-06-09T07:00:00-04:00,synthetic,synthetic_fixed_48h
instagram,synthetic_instagram_01,synthetic_instagram_01_post_0112,2025-06-07T10:00:00-04:00,55,5,2025-06-09T10:00:00-04:00,synthetic,synthetic_fixed_48h
instagram,synthetic_instagram_02,synthetic_instagram_02_post_0152,2025-06-07T19:00:00-04:00,72,5,2025-06-09T19:00:00-04:00,synthetic,synthetic_fixed_48h
instagram,synthetic_instagram_01,synthetic_instagram_01_post_0113,2025-06-07T20:00:00-04:00,15,0,2025-06-09T20:00:00-04:00,synthetic,synthetic_fixed_48h
instagram,synthetic_instagram_03,synthetic_instagram_03_post_0145,2025-06-08T04:00:00-04:00,132,12,2025-06-10T04:00:00-04:00,synthetic,synthetic_fixed_48h
facebook,synthetic_facebook_01,synthetic_facebook_01_post_0138,2025-06-08T05:00:00-04:00,112,6,2025-06-10T05:00:00-04:00,synthetic,synthetic_fixed_48h
instagram,synthetic_instagram_02,synthetic_instagram_02_post_0153,2025-06-08T09:00:00-04:00,45,0,2025-06-10T09:00:00-04:00,synthetic,synthetic_fixed_48h
instagram,synthetic_instagram_01,synthetic_instagram_01_post_0114,2025-06-08T10:00:00-04:00,43,0,2025-06-10T10:00:00-04:00,synthetic,synthetic_fixed_48h
instagram,synthetic_instagram_03,synthetic_instagram_03_post_0146,2025-06-08T17:00:00-04:00,101,9,2025-06-10T17:00:00-04:00,synthetic,synthetic_fixed_48h
instagram,synthetic_instagram_02,synthetic_instagram_02_post_0154,2025-06-08T18:00:00-04:00,61,7,2025-06-10T18:00:00-04:00,synthetic,synthetic_fixed_48h
facebook,synthetic_facebook_03,synthetic_facebook_03_post_0124,2025-06-08T20:00:00-04:00,88,3,2025-06-10T20:00:00-04:00,synthetic,synthetic_fixed_48h
facebook,synthetic_facebook_01,synthetic_facebook_01_post_0139,2025-06-09T01:00:00-04:00,46,3,2025-06-11T01:00:00-04:00,synthetic,synthetic_fixed_48h
facebook,synthetic_facebook_03,synthetic_facebook_03_post_0125,2025-06-09T10:00:00-04:00,54,4,2025-06-11T10:00:00-04:00,synthetic,synthetic_fixed_48h
instagram,synthetic_instagram_01,synthetic_instagram_01_post_0115,2025-06-09T17:00:00-04:00,53,2,2025-06-11T17:00:00-04:00,synthetic,synthetic_fixed_48h
facebook,synthetic_facebook_02,synthetic_facebook_02_post_0133,2025-06-10T03:00:00-04:00,37,4,2025-06-12T03:00:00-04:00,synthetic,synthetic_fixed_48h
facebook,synthetic_facebook_03,synthetic_facebook_03_post_0126,2025-06-10T08:00:00-04:00,14,0,2025-06-12T08:00:00-04:00,synthetic,synthetic_fixed_48h
facebook,synthetic_facebook_01,synthetic_facebook_01_post_0140,2025-06-10T10:00:00-04:00,103,7,2025-06-12T10:00:00-04:00,synthetic,synthetic_fixed_48h
facebook,synthetic_facebook_02,synthetic_facebook_02_post_0134,2025-06-10T11:00:00-04:00,51,7,2025-06-12T11:00:00-04:00,synthetic,synthetic_fixed_48h
instagram,synthetic_instagram_01,synthetic_instagram_01_post_0116,2025-06-10T22:00:00-04:00,41,2,2025-06-12T22:00:00-04:00,synthetic,synthetic_fixed_48h
facebook,synthetic_facebook_03,synthetic_facebook_03_post_0127,2025-06-11T02:00:00-04:00,46,0,2025-06-13T02:00:00-04:00,synthetic,synthetic_fixed_48h
instagram,synthetic_instagram_01,synthetic_instagram_01_post_0117,2025-06-11T02:00:00-04:00,22,0,2025-06-13T02:00:00-04:00,synthetic,synthetic_fixed_48h
facebook,synthetic_facebook_02,synthetic_facebook_02_post_0135,2025-06-11T06:00:00-04:00,46,5,2025-06-13T06:00:00-04:00,synthetic,synthetic_fixed_48h
instagram,synthetic_instagram_03,synthetic_instagram_03_post_0147,2025-06-11T07:00:00-04:00,43,4,2025-06-13T07:00:00-04:00,synthetic,synthetic_fixed_48h
instagram,synthetic_instagram_02,synthetic_instagram_02_post_0155,2025-06-11T15:00:00-04:00,68,2,2025-06-13T15:00:00-04:00,synthetic,synthetic_fixed_48h
facebook,synthetic_facebook_01,synthetic_facebook_01_post_0141,2025-06-12T02:00:00-04:00,72,8,2025-06-14T02:00:00-04:00,synthetic,synthetic_fixed_48h
facebook,synthetic_facebook_01,synthetic_facebook_01_post_0142,2025-06-12T06:00:00-04:00,28,4,2025-06-14T06:00:00-04:00,synthetic,synthetic_fixed_48h
facebook,synthetic_facebook_01,synthetic_facebook_01_post_0143,2025-06-12T11:00:00-04:00,30,3,2025-06-14T11:00:00-04:00,synthetic,synthetic_fixed_48h
instagram,synthetic_instagram_02,synthetic_instagram_02_post_0156,2025-06-12T16:00:00-04:00,135,10,2025-06-14T16:00:00-04:00,synthetic,synthetic_fixed_48h
facebook,synthetic_facebook_01,synthetic_facebook_01_post_0144,2025-06-12T21:00:00-04:00,21,2,2025-06-14T21:00:00-04:00,synthetic,synthetic_fixed_48h
facebook,synthetic_facebook_03,synthetic_facebook_03_post_0128,2025-06-12T23:00:00-04:00,61,4,2025-06-14T23:00:00-04:00,synthetic,synthetic_fixed_48h
facebook,synthetic_facebook_02,synthetic_facebook_02_post_0136,2025-06-13T03:00:00-04:00,27,3,2025-06-15T03:00:00-04:00,synthetic,synthetic_fixed_48h
instagram,synthetic_instagram_03,synthetic_instagram_03_post_0148,2025-06-13T09:00:00-04:00,43,6,2025-06-15T09:00:00-04:00,synthetic,synthetic_fixed_48h
facebook,synthetic_facebook_01,synthetic_facebook_01_post_0145,2025-06-13T10:00:00-04:00,39,3,2025-06-15T10:00:00-04:00,synthetic,synthetic_fixed_48h
instagram,synthetic_instagram_03,synthetic_instagram_03_post_0149,2025-06-13T12:00:00-04:00,45,3,2025-06-15T12:00:00-04:00,synthetic,synthetic_fixed_48h
facebook,synthetic_facebook_01,synthetic_facebook_01_post_0146,2025-06-13T21:00:00-04:00,14,0,2025-06-15T21:00:00-04:00,synthetic,synthetic_fixed_48h
instagram,synthetic_instagram_01,synthetic_instagram_01_post_0118,2025-06-13T21:00:00-04:00,18,2,2025-06-15T21:00:00-04:00,synthetic,synthetic_fixed_48h
facebook,synthetic_facebook_02,synthetic_facebook_02_post_0137,2025-06-14T00:00:00-04:00,40,5,2025-06-16T00:00:00-04:00,synthetic,synthetic_fixed_48h
instagram,synthetic_instagram_02,synthetic_instagram_02_post_0157,2025-06-14T00:00:00-04:00,47,3,2025-06-16T00:00:00-04:00,synthetic,synthetic_fixed_48h
instagram,synthetic_instagram_01,synthetic_instagram_01_post_0119,2025-06-14T03:00:00-04:00,31,5,2025-06-16T03:00:00-04:00,synthetic,synthetic_fixed_48h
facebook,synthetic_facebook_03,synthetic_facebook_03_post_0129,2025-06-14T16:00:00-04:00,65,5,2025-06-16T16:00:00-04:00,synthetic,synthetic_fixed_48h
facebook,synthetic_facebook_02,synthetic_facebook_02_post_0138,2025-06-14T19:00:00-04:00,29,0,2025-06-16T19:00:00-04:00,synthetic,synthetic_fixed_48h
instagram,synthetic_instagram_02,synthetic_instagram_02_post_0158,2025-06-15T00:00:00-04:00,28,5,2025-06-17T00:00:00-04:00,synthetic,synthetic_fixed_48h
facebook,synthetic_facebook_02,synthetic_facebook_02_post_0139,2025-06-15T03:00:00-04:00,42,7,2025-06-17T03:00:00-04:00,synthetic,synthetic_fixed_48h
instagram,synthetic_instagram_02,synthetic_instagram_02_post_0159,2025-06-15T07:00:00-04:00,50,1,2025-06-17T07:00:00-04:00,synthetic,synthetic_fixed_48h
instagram,synthetic_instagram_02,synthetic_instagram_02_post_0160,2025-06-15T11:00:00-04:00,60,10,2025-06-17T11:00:00-04:00,synthetic,synthetic_fixed_48h
instagram,synthetic_instagram_03,synthetic_instagram_03_post_0150,2025-06-15T15:00:00-04:00,60,5,2025-06-17T15:00:00-04:00,synthetic,synthetic_fixed_48h
facebook,synthetic_facebook_02,synthetic_facebook_02_post_0140,2025-06-15T17:00:00-04:00,48,4,2025-06-17T17:00:00-04:00,synthetic,synthetic_fixed_48h
instagram,synthetic_instagram_01,synthetic_instagram_01_post_0120,2025-06-16T09:00:00-04:00,56,6,2025-06-18T09:00:00-04:00,synthetic,synthetic_fixed_48h
instagram,synthetic_instagram_01,synthetic_instagram_01_post_0121,2025-06-16T12:00:00-04:00,74,7,2025-06-18T12:00:00-04:00,synthetic,synthetic_fixed_48h
facebook,synthetic_facebook_02,synthetic_facebook_02_post_0141,2025-06-16T18:00:00-04:00,55,6,2025-06-18T18:00:00-04:00,synthetic,synthetic_fixed_48h
instagram,synthetic_instagram_03,synthetic_instagram_03_post_0151,2025-06-16T19:00:00-04:00,155,14,2025-06-18T19:00:00-04:00,synthetic,synthetic_fixed_48h
instagram,synthetic_instagram_01,synthetic_instagram_01_post_0122,2025-06-17T00:00:00-04:00,29,3,2025-06-19T00:00:00-04:00,synthetic,synthetic_fixed_48h
instagram,synthetic_instagram_01,synthetic_instagram_01_post_0123,2025-06-17T05:00:00-04:00,75,9,2025-06-19T05:00:00-04:00,synthetic,synthetic_fixed_48h
instagram,synthetic_instagram_03,synthetic_instagram_03_post_0152,2025-06-17T16:00:00-04:00,89,10,2025-06-19T16:00:00-04:00,synthetic,synthetic_fixed_48h
instagram,synthetic_instagram_01,synthetic_instagram_01_post_0124,2025-06-18T14:00:00-04:00,84,11,2025-06-20T14:00:00-04:00,synthetic,synthetic_fixed_48h
facebook,synthetic_facebook_03,synthetic_facebook_03_post_0130,2025-06-18T23:00:00-04:00,29,3,2025-06-20T23:00:00-04:00,synthetic,synthetic_fixed_48h
facebook,synthetic_facebook_01,synthetic_facebook_01_post_0147,2025-06-19T02:00:00-04:00,19,0,2025-06-21T02:00:00-04:00,synthetic,synthetic_fixed_48h
facebook,synthetic_facebook_02,synthetic_facebook_02_post_0142,2025-06-19T12:00:00-04:00,80,6,2025-06-21T12:00:00-04:00,synthetic,synthetic_fixed_48h
facebook,synthetic_facebook_02,synthetic_facebook_02_post_0143,2025-06-19T19:00:00-04:00,62,5,2025-06-21T19:00:00-04:00,synthetic,synthetic_fixed_48h
instagram,synthetic_instagram_02,synthetic_instagram_02_post_0161,2025-06-19T22:00:00-04:00,118,14,2025-06-21T22:00:00-04:00,synthetic,synthetic_fixed_48h
facebook,synthetic_facebook_02,synthetic_facebook_02_post_0144,2025-06-20T05:00:00-04:00,47,2,2025-06-22T05:00:00-04:00,synthetic,synthetic_fixed_48h
instagram,synthetic_instagram_01,synthetic_instagram_01_post_0125,2025-06-20T05:00:00-04:00,31,4,2025-06-22T05:00:00-04:00,synthetic,synthetic_fixed_48h
facebook,synthetic_facebook_01,synthetic_facebook_01_post_0148,2025-06-20T06:00:00-04:00,28,0,2025-06-22T06:00:00-04:00,synthetic,synthetic_fixed_48h
instagram,synthetic_instagram_03,synthetic_instagram_03_post_0153,2025-06-20T06:00:00-04:00,31,4,2025-06-22T06:00:00-04:00,synthetic,synthetic_fixed_48h
instagram,synthetic_instagram_01,synthetic_instagram_01_post_0126,2025-06-20T08:00:00-04:00,48,4,2025-06-22T08:00:00-04:00,synthetic,synthetic_fixed_48h
instagram,synthetic_instagram_02,synthetic_instagram_02_post_0162,2025-06-20T11:00:00-04:00,83,6,2025-06-22T11:00:00-04:00,synthetic,synthetic_fixed_48h
facebook,synthetic_facebook_02,synthetic_facebook_02_post_0145,2025-06-20T18:00:00-04:00,68,3,2025-06-22T18:00:00-04:00,synthetic,synthetic_fixed_48h
instagram,synthetic_instagram_01,synthetic_instagram_01_post_0127,2025-06-20T23:00:00-04:00,19,3,2025-06-22T23:00:00-04:00,synthetic,synthetic_fixed_48h
facebook,synthetic_facebook_02,synthetic_facebook_02_post_0146,2025-06-21T05:00:00-04:00,20,2,2025-06-23T05:00:00-04:00,synthetic,synthetic_fixed_48h
facebook,synthetic_facebook_01,synthetic_facebook_01_post_0149,2025-06-21T11:00:00-04:00,38,2,2025-06-23T11:00:00-04:00,synthetic,synthetic_fixed_48h
instagram,synthetic_instagram_02,synthetic_instagram_02_post_0163,2025-06-21T12:00:00-04:00,54,6,2025-06-23T12:00:00-04:00,synthetic,synthetic_fixed_48h
instagram,synthetic_instagram_01,synthetic_instagram_01_post_0128,2025-06-21T18:00:00-04:00,41,8,2025-06-23T18:00:00-04:00,synthetic,synthetic_fixed_48h
facebook,synthetic_facebook_02,synthetic_facebook_02_post_0147,2025-06-21T22:00:00-04:00,57,2,2025-06-23T22:00:00-04:00,synthetic,synthetic_fixed_48h
facebook,synthetic_facebook_03,synthetic_facebook_03_post_0131,2025-06-22T04:00:00-04:00,43,2,2025-06-24T04:00:00-04:00,synthetic,synthetic_fixed_48h
instagram,synthetic_instagram_03,synthetic_instagram_03_post_0154,2025-06-22T05:00:00-04:00,60,3,2025-06-24T05:00:00-04:00,synthetic,synthetic_fixed_48h
instagram,synthetic_instagram_01,synthetic_instagram_01_post_0129,2025-06-22T11:00:00-04:00,79,6,2025-06-24T11:00:00-04:00,synthetic,synthetic_fixed_48h
facebook,synthetic_facebook_01,synthetic_facebook_01_post_0150,2025-06-23T03:00:00-04:00,60,4,2025-06-25T03:00:00-04:00,synthetic,synthetic_fixed_48h
instagram,synthetic_instagram_03,synthetic_instagram_03_post_0155,2025-06-23T04:00:00-04:00,36,5,2025-06-25T04:00:00-04:00,synthetic,synthetic_fixed_48h
facebook,synthetic_facebook_02,synthetic_facebook_02_post_0148,2025-06-23T08:00:00-04:00,95,6,2025-06-25T08:00:00-04:00,synthetic,synthetic_fixed_48h
facebook,synthetic_facebook_01,synthetic_facebook_01_post_0151,2025-06-23T09:00:00-04:00,46,1,2025-06-25T09:00:00-04:00,synthetic,synthetic_fixed_48h
instagram,synthetic_instagram_02,synthetic_instagram_02_post_0164,2025-06-23T13:00:00-04:00,43,7,2025-06-25T13:00:00-04:00,synthetic,synthetic_fixed_48h
facebook,synthetic_facebook_02,synthetic_facebook_02_post_0149,2025-06-23T19:00:00-04:00,47,2,2025-06-25T19:00:00-04:00,synthetic,synthetic_fixed_48h
instagram,synthetic_instagram_01,synthetic_instagram_01_post_0130,2025-06-23T19:00:00-04:00,43,3,2025-06-25T19:00:00-04:00,synthetic,synthetic_fixed_48h
facebook,synthetic_facebook_02,synthetic_facebook_02_post_0150,2025-06-24T00:00:00-04:00,31,3,2025-06-26T00:00:00-04:00,synthetic,synthetic_fixed_48h
instagram,synthetic_instagram_03,synthetic_instagram_03_post_0156,2025-06-24T09:00:00-04:00,18,0,2025-06-26T09:00:00-04:00,synthetic,synthetic_fixed_48h
facebook,synthetic_facebook_02,synthetic_facebook_02_post_0151,2025-06-24T23:00:00-04:00,31,1,2025-06-26T23:00:00-04:00,synthetic,synthetic_fixed_48h
instagram,synthetic_instagram_01,synthetic_instagram_01_post_0131,2025-06-25T02:00:00-04:00,23,2,2025-06-27T02:00:00-04:00,synthetic,synthetic_fixed_48h
facebook,synthetic_facebook_03,synthetic_facebook_03_post_0132,2025-06-25T16:00:00-04:00,47,4,2025-06-27T16:00:00-04:00,synthetic,synthetic_fixed_48h
instagram,synthetic_instagram_01,synthetic_instagram_01_post_0132,2025-06-25T16:00:00-04:00,39,2,2025-06-27T16:00:00-04:00,synthetic,synthetic_fixed_48h
instagram,synthetic_instagram_02,synthetic_instagram_02_post_0165,2025-06-25T19:00:00-04:00,56,8,2025-06-27T19:00:00-04:00,synthetic,synthetic_fixed_48h
instagram,synthetic_instagram_03,synthetic_instagram_03_post_0157,2025-06-26T04:00:00-04:00,38,2,2025-06-28T04:00:00-04:00,synthetic,synthetic_fixed_48h
facebook,synthetic_facebook_03,synthetic_facebook_03_post_0133,2025-06-26T16:00:00-04:00,151,11,2025-06-28T16:00:00-04:00,synthetic,synthetic_fixed_48h
facebook,synthetic_facebook_02,synthetic_facebook_02_post_0152,2025-06-26T17:00:00-04:00,60,3,2025-06-28T17:00:00-04:00,synthetic,synthetic_fixed_48h
facebook,synthetic_facebook_02,synthetic_facebook_02_post_0153,2025-06-26T22:00:00-04:00,37,6,2025-06-28T22:00:00-04:00,synthetic,synthetic_fixed_48h
instagram,synthetic_instagram_02,synthetic_instagram_02_post_0166,2025-06-27T00:00:00-04:00,62,4,2025-06-29T00:00:00-04:00,synthetic,synthetic_fixed_48h
instagram,synthetic_instagram_02,synthetic_instagram_02_post_0167,2025-06-27T01:00:00-04:00,38,0,2025-06-29T01:00:00-04:00,synthetic,synthetic_fixed_48h
facebook,synthetic_facebook_01,synthetic_facebook_01_post_0152,2025-06-27T07:00:00-04:00,22,2,2025-06-29T07:00:00-04:00,synthetic,synthetic_fixed_48h
facebook,synthetic_facebook_02,synthetic_facebook_02_post_0154,2025-06-27T07:00:00-04:00,28,3,2025-06-29T07:00:00-04:00,synthetic,synthetic_fixed_48h
instagram,synthetic_instagram_02,synthetic_instagram_02_post_0168,2025-06-27T11:00:00-04:00,94,6,2025-06-29T11:00:00-04:00,synthetic,synthetic_fixed_48h
instagram,synthetic_instagram_01,synthetic_instagram_01_post_0133,2025-06-27T13:00:00-04:00,66,6,2025-06-29T13:00:00-04:00,synthetic,synthetic_fixed_48h
instagram,synthetic_instagram_02,synthetic_instagram_02_post_0169,2025-06-27T18:00:00-04:00,88,6,2025-06-29T18:00:00-04:00,synthetic,synthetic_fixed_48h
facebook,synthetic_facebook_03,synthetic_facebook_03_post_0134,2025-06-27T20:00:00-04:00,63,2,2025-06-29T20:00:00-04:00,synthetic,synthetic_fixed_48h
instagram,synthetic_instagram_01,synthetic_instagram_01_post_0134,2025-06-28T02:00:00-04:00,23,4,2025-06-30T02:00:00-04:00,synthetic,synthetic_fixed_48h
facebook,synthetic_facebook_02,synthetic_facebook_02_post_0155,2025-06-28T03:00:00-04:00,29,0,2025-06-30T03:00:00-04:00,synthetic,synthetic_fixed_48h
facebook,synthetic_facebook_03,synthetic_facebook_03_post_0135,2025-06-28T16:00:00-04:00,108,6,2025-06-30T16:00:00-04:00,synthetic,synthetic_fixed_48h
facebook,synthetic_facebook_03,synthetic_facebook_03_post_0136,2025-06-29T00:00:00-04:00,101,7,2025-07-01T00:00:00-04:00,synthetic,synthetic_fixed_48h
facebook,synthetic_facebook_01,synthetic_facebook_01_post_0153,2025-06-29T07:00:00-04:00,49,8,2025-07-01T07:00:00-04:00,synthetic,synthetic_fixed_48h
facebook,synthetic_facebook_01,synthetic_facebook_01_post_0154,2025-06-29T08:00:00-04:00,55,7,2025-07-01T08:00:00-04:00,synthetic,synthetic_fixed_48h
instagram,synthetic_instagram_01,synthetic_instagram_01_post_0135,2025-06-29T11:00:00-04:00,86,9,2025-07-01T11:00:00-04:00,synthetic,synthetic_fixed_48h
facebook,synthetic_facebook_03,synthetic_facebook_03_post_0137,2025-06-29T19:00:00-04:00,94,6,2025-07-01T19:00:00-04:00,synthetic,synthetic_fixed_48h
instagram,synthetic_instagram_01,synthetic_instagram_01_post_0136,2025-06-30T02:00:00-04:00,44,3,2025-07-02T02:00:00-04:00,synthetic,synthetic_fixed_48h
facebook,synthetic_facebook_02,synthetic_facebook_02_post_0156,2025-06-30T10:00:00-04:00,91,6,2025-07-02T10:00:00-04:00,synthetic,synthetic_fixed_48h
facebook,synthetic_facebook_02,synthetic_facebook_02_post_0157,2025-06-30T13:00:00-04:00,61,3,2025-07-02T13:00:00-04:00,synthetic,synthetic_fixed_48h
facebook,synthetic_facebook_03,synthetic_facebook_03_post_0138,2025-06-30T15:00:00-04:00,83,7,2025-07-02T15:00:00-04:00,synthetic,synthetic_fixed_48h
facebook,synthetic_facebook_02,synthetic_facebook_02_post_0158,2025-07-01T01:00:00-04:00,39,2,2025-07-03T01:00:00-04:00,synthetic,synthetic_fixed_48h
facebook,synthetic_facebook_01,synthetic_facebook_01_post_0155,2025-07-01T07:00:00-04:00,50,7,2025-07-03T07:00:00-04:00,synthetic,synthetic_fixed_48h
facebook,synthetic_facebook_03,synthetic_facebook_03_post_0139,2025-07-01T10:00:00-04:00,96,3,2025-07-03T10:00:00-04:00,synthetic,synthetic_fixed_48h
facebook,synthetic_facebook_03,synthetic_facebook_03_post_0140,2025-07-01T17:00:00-04:00,44,7,2025-07-03T17:00:00-04:00,synthetic,synthetic_fixed_48h
facebook,synthetic_facebook_03,synthetic_facebook_03_post_0141,2025-07-01T21:00:00-04:00,102,9,2025-07-03T21:00:00-04:00,synthetic,synthetic_fixed_48h
instagram,synthetic_instagram_01,synthetic_instagram_01_post_0137,2025-07-01T22:00:00-04:00,27,4,2025-07-03T22:00:00-04:00,synthetic,synthetic_fixed_48h
instagram,synthetic_instagram_03,synthetic_instagram_03_post_0158,2025-07-02T08:00:00-04:00,23,6,2025-07-04T08:00:00-04:00,synthetic,synthetic_fixed_48h
instagram,synthetic_instagram_02,synthetic_instagram_02_post_0170,2025-07-02T13:00:00-04:00,81,7,2025-07-04T13:00:00-04:00,synthetic,synthetic_fixed_48h
facebook,synthetic_facebook_03,synthetic_facebook_03_post_0142,2025-07-02T16:00:00-04:00,113,6,2025-07-04T16:00:00-04:00,synthetic,synthetic_fixed_48h
instagram,synthetic_instagram_03,synthetic_instagram_03_post_0159,2025-07-02T17:00:00-04:00,40,3,2025-07-04T17:00:00-04:00,synthetic,synthetic_fixed_48h
instagram,synthetic_instagram_01,synthetic_instagram_01_post_0138,2025-07-03T16:00:00-04:00,83,6,2025-07-05T16:00:00-04:00,synthetic,synthetic_fixed_48h
facebook,synthetic_facebook_03,synthetic_facebook_03_post_0143,2025-07-03T17:00:00-04:00,97,9,2025-07-05T17:00:00-04:00,synthetic,synthetic_fixed_48h
instagram,synthetic_instagram_01,synthetic_instagram_01_post_0139,2025-07-03T21:00:00-04:00,33,0,2025-07-05T21:00:00-04:00,synthetic,synthetic_fixed_48h
facebook,synthetic_facebook_03,synthetic_facebook_03_post_0144,2025-07-03T22:00:00-04:00,87,8,2025-07-05T22:00:00-04:00,synthetic,synthetic_fixed_48h
instagram,synthetic_instagram_03,synthetic_instagram_03_post_0160,2025-07-03T23:00:00-04:00,110,12,2025-07-05T23:00:00-04:00,synthetic,synthetic_fixed_48h
instagram,synthetic_instagram_01,synthetic_instagram_01_post_0140,2025-07-04T00:00:00-04:00,12,1,2025-07-06T00:00:00-04:00,synthetic,synthetic_fixed_48h
facebook,synthetic_facebook_01,synthetic_facebook_01_post_0156,2025-07-04T06:00:00-04:00,35,2,2025-07-06T06:00:00-04:00,synthetic,synthetic_fixed_48h
instagram,synthetic_instagram_02,synthetic_instagram_02_post_0171,2025-07-04T08:00:00-04:00,28,1,2025-07-06T08:00:00-04:00,synthetic,synthetic_fixed_48h
facebook,synthetic_facebook_01,synthetic_facebook_01_post_0157,2025-07-04T10:00:00-04:00,46,5,2025-07-06T10:00:00-04:00,synthetic,synthetic_fixed_48h
facebook,synthetic_facebook_01,synthetic_facebook_01_post_0158,2025-07-04T13:00:00-04:00,34,2,2025-07-06T13:00:00-04:00,synthetic,synthetic_fixed_48h
facebook,synthetic_facebook_03,synthetic_facebook_03_post_0145,2025-07-04T15:00:00-04:00,95,7,2025-07-06T15:00:00-04:00,synthetic,synthetic_fixed_48h
facebook,synthetic_facebook_02,synthetic_facebook_02_post_0159,2025-07-04T16:00:00-04:00,104,8,2025-07-06T16:00:00-04:00,synthetic,synthetic_fixed_48h
facebook,synthetic_facebook_01,synthetic_facebook_01_post_0159,2025-07-04T17:00:00-04:00,38,7,2025-07-06T17:00:00-04:00,synthetic,synthetic_fixed_48h
instagram,synthetic_instagram_01,synthetic_instagram_01_post_0141,2025-07-05T05:00:00-04:00,51,2,2025-07-07T05:00:00-04:00,synthetic,synthetic_fixed_48h
facebook,synthetic_facebook_02,synthetic_facebook_02_post_0160,2025-07-05T06:00:00-04:00,48,3,2025-07-07T06:00:00-04:00,synthetic,synthetic_fixed_48h
facebook,synthetic_facebook_03,synthetic_facebook_03_post_0146,2025-07-05T08:00:00-04:00,60,1,2025-07-07T08:00:00-04:00,synthetic,synthetic_fixed_48h
instagram,synthetic_instagram_02,synthetic_instagram_02_post_0172,2025-07-05T11:00:00-04:00,53,2,2025-07-07T11:00:00-04:00,synthetic,synthetic_fixed_48h
instagram,synthetic_instagram_02,synthetic_instagram_02_post_0173,2025-07-05T16:00:00-04:00,73,8,2025-07-07T16:00:00-04:00,synthetic,synthetic_fixed_48h
instagram,synthetic_instagram_01,synthetic_instagram_01_post_0142,2025-07-05T21:00:00-04:00,17,4,2025-07-07T21:00:00-04:00,synthetic,synthetic_fixed_48h
instagram,synthetic_instagram_02,synthetic_instagram_02_post_0174,2025-07-06T07:00:00-04:00,36,2,2025-07-08T07:00:00-04:00,synthetic,synthetic_fixed_48h
facebook,synthetic_facebook_02,synthetic_facebook_02_post_0161,2025-07-06T11:00:00-04:00,111,10,2025-07-08T11:00:00-04:00,synthetic,synthetic_fixed_48h
facebook,synthetic_facebook_03,synthetic_facebook_03_post_0147,2025-07-06T13:00:00-04:00,57,4,2025-07-08T13:00:00-04:00,synthetic,synthetic_fixed_48h
instagram,synthetic_instagram_01,synthetic_instagram_01_post_0143,2025-07-06T13:00:00-04:00,84,6,2025-07-08T13:00:00-04:00,synthetic,synthetic_fixed_48h
instagram,synthetic_instagram_03,synthetic_instagram_03_post_0161,2025-07-06T17:00:00-04:00,61,7,2025-07-08T17:00:00-04:00,synthetic,synthetic_fixed_48h
instagram,synthetic_instagram_02,synthetic_instagram_02_post_0175,2025-07-06T23:00:00-04:00,47,4,2025-07-08T23:00:00-04:00,synthetic,synthetic_fixed_48h
instagram,synthetic_instagram_01,synthetic_instagram_01_post_0144,2025-07-07T07:00:00-04:00,53,3,2025-07-09T07:00:00-04:00,synthetic,synthetic_fixed_48h
instagram,synthetic_instagram_02,synthetic_instagram_02_post_0176,2025-07-07T09:00:00-04:00,29,6,2025-07-09T09:00:00-04:00,synthetic,synthetic_fixed_48h
facebook,synthetic_facebook_01,synthetic_facebook_01_post_0160,2025-07-07T13:00:00-04:00,85,8,2025-07-09T13:00:00-04:00,synthetic,synthetic_fixed_48h
instagram,synthetic_instagram_01,synthetic_instagram_01_post_0145,2025-07-07T17:00:00-04:00,43,3,2025-07-09T17:00:00-04:00,synthetic,synthetic_fixed_48h
instagram,synthetic_instagram_03,synthetic_instagram_03_post_0162,2025-07-07T18:00:00-04:00,50,3,2025-07-09T18:00:00-04:00,synthetic,synthetic_fixed_48h
instagram,synthetic_instagram_03,synthetic_instagram_03_post_0163,2025-07-07T22:00:00-04:00,101,8,2025-07-09T22:00:00-04:00,synthetic,synthetic_fixed_48h
instagram,synthetic_instagram_03,synthetic_instagram_03_post_0164,2025-07-08T02:00:00-04:00,93,11,2025-07-10T02:00:00-04:00,synthetic,synthetic_fixed_48h
instagram,synthetic_instagram_02,synthetic_instagram_02_post_0177,2025-07-08T15:00:00-04:00,60,3,2025-07-10T15:00:00-04:00,synthetic,synthetic_fixed_48h
instagram,synthetic_instagram_02,synthetic_instagram_02_post_0178,2025-07-08T18:00:00-04:00,75,6,2025-07-10T18:00:00-04:00,synthetic,synthetic_fixed_48h
instagram,synthetic_instagram_03,synthetic_instagram_03_post_0165,2025-07-09T02:00:00-04:00,101,8,2025-07-11T02:00:00-04:00,synthetic,synthetic_fixed_48h
instagram,synthetic_instagram_01,synthetic_instagram_01_post_0146,2025-07-09T15:00:00-04:00,65,5,2025-07-11T15:00:00-04:00,synthetic,synthetic_fixed_48h
instagram,synthetic_instagram_03,synthetic_instagram_03_post_0166,2025-07-09T20:00:00-04:00,129,10,2025-07-11T20:00:00-04:00,synthetic,synthetic_fixed_48h
facebook,synthetic_facebook_02,synthetic_facebook_02_post_0162,2025-07-10T01:00:00-04:00,46,6,2025-07-12T01:00:00-04:00,synthetic,synthetic_fixed_48h
instagram,synthetic_instagram_02,synthetic_instagram_02_post_0179,2025-07-10T01:00:00-04:00,50,2,2025-07-12T01:00:00-04:00,synthetic,synthetic_fixed_48h
facebook,synthetic_facebook_03,synthetic_facebook_03_post_0148,2025-07-10T03:00:00-04:00,53,5,2025-07-12T03:00:00-04:00,synthetic,synthetic_fixed_48h
instagram,synthetic_instagram_02,synthetic_instagram_02_post_0180,2025-07-10T08:00:00-04:00,42,0,2025-07-12T08:00:00-04:00,synthetic,synthetic_fixed_48h
instagram,synthetic_instagram_01,synthetic_instagram_01_post_0147,2025-07-10T11:00:00-04:00,80,3,2025-07-12T11:00:00-04:00,synthetic,synthetic_fixed_48h
instagram,synthetic_instagram_02,synthetic_instagram_02_post_0181,2025-07-10T12:00:00-04:00,62,4,2025-07-12T12:00:00-04:00,synthetic,synthetic_fixed_48h
instagram,synthetic_instagram_01,synthetic_instagram_01_post_0148,2025-07-10T23:00:00-04:00,24,2,2025-07-12T23:00:00-04:00,synthetic,synthetic_fixed_48h
instagram,synthetic_instagram_01,synthetic_instagram_01_post_0149,2025-07-11T02:00:00-04:00,33,6,2025-07-13T02:00:00-04:00,synthetic,synthetic_fixed_48h
facebook,synthetic_facebook_01,synthetic_facebook_01_post_0161,2025-07-11T09:00:00-04:00,83,7,2025-07-13T09:00:00-04:00,synthetic,synthetic_fixed_48h
facebook,synthetic_facebook_02,synthetic_facebook_02_post_0163,2025-07-11T13:00:00-04:00,78,5,2025-07-13T13:00:00-04:00,synthetic,synthetic_fixed_48h
facebook,synthetic_facebook_02,synthetic_facebook_02_post_0164,2025-07-11T14:00:00-04:00,165,7,2025-07-13T14:00:00-04:00,synthetic,synthetic_fixed_48h
instagram,synthetic_instagram_03,synthetic_instagram_03_post_0167,2025-07-11T15:00:00-04:00,55,6,2025-07-13T15:00:00-04:00,synthetic,synthetic_fixed_48h
instagram,synthetic_instagram_02,synthetic_instagram_02_post_0182,2025-07-11T16:00:00-04:00,113,8,2025-07-13T16:00:00-04:00,synthetic,synthetic_fixed_48h
instagram,synthetic_instagram_02,synthetic_instagram_02_post_0183,2025-07-12T09:00:00-04:00,32,2,2025-07-14T09:00:00-04:00,synthetic,synthetic_fixed_48h
instagram,synthetic_instagram_03,synthetic_instagram_03_post_0168,2025-07-12T11:00:00-04:00,27,3,2025-07-14T11:00:00-04:00,synthetic,synthetic_fixed_48h
instagram,synthetic_instagram_03,synthetic_instagram_03_post_0169,2025-07-12T12:00:00-04:00,56,3,2025-07-14T12:00:00-04:00,synthetic,synthetic_fixed_48h
facebook,synthetic_facebook_02,synthetic_facebook_02_post_0165,2025-07-12T13:00:00-04:00,140,9,2025-07-14T13:00:00-04:00,synthetic,synthetic_fixed_48h
facebook,synthetic_facebook_01,synthetic_facebook_01_post_0162,2025-07-12T16:00:00-04:00,33,4,2025-07-14T16:00:00-04:00,synthetic,synthetic_fixed_48h
facebook,synthetic_facebook_03,synthetic_facebook_03_post_0149,2025-07-12T16:00:00-04:00,117,6,2025-07-14T16:00:00-04:00,synthetic,synthetic_fixed_48h
instagram,synthetic_instagram_03,synthetic_instagram_03_post_0170,2025-07-13T02:00:00-04:00,96,10,2025-07-15T02:00:00-04:00,synthetic,synthetic_fixed_48h
instagram,synthetic_instagram_03,synthetic_instagram_03_post_0171,2025-07-13T04:00:00-04:00,81,5,2025-07-15T04:00:00-04:00,synthetic,synthetic_fixed_48h
instagram,synthetic_instagram_02,synthetic_instagram_02_post_0184,2025-07-13T06:00:00-04:00,55,5,2025-07-15T06:00:00-04:00,synthetic,synthetic_fixed_48h
instagram,synthetic_instagram_02,synthetic_instagram_02_post_0185,2025-07-13T07:00:00-04:00,30,2,2025-07-15T07:00:00-04:00,synthetic,synthetic_fixed_48h
facebook,synthetic_facebook_01,synthetic_facebook_01_post_0163,2025-07-13T17:00:00-04:00,59,2,2025-07-15T17:00:00-04:00,synthetic,synthetic_fixed_48h
facebook,synthetic_facebook_01,synthetic_facebook_01_post_0164,2025-07-14T05:00:00-04:00,158,11,2025-07-16T05:00:00-04:00,synthetic,synthetic_fixed_48h
facebook,synthetic_facebook_01,synthetic_facebook_01_post_0165,2025-07-14T11:00:00-04:00,61,8,2025-07-16T11:00:00-04:00,synthetic,synthetic_fixed_48h
instagram,synthetic_instagram_01,synthetic_instagram_01_post_0150,2025-07-14T20:00:00-04:00,26,1,2025-07-16T20:00:00-04:00,synthetic,synthetic_fixed_48h
instagram,synthetic_instagram_02,synthetic_instagram_02_post_0186,2025-07-14T21:00:00-04:00,74,6,2025-07-16T21:00:00-04:00,synthetic,synthetic_fixed_48h
instagram,synthetic_instagram_03,synthetic_instagram_03_post_0172,2025-07-15T03:00:00-04:00,110,9,2025-07-17T03:00:00-04:00,synthetic,synthetic_fixed_48h
facebook,synthetic_facebook_03,synthetic_facebook_03_post_0150,2025-07-15T09:00:00-04:00,14,0,2025-07-17T09:00:00-04:00,synthetic,synthetic_fixed_48h
instagram,synthetic_instagram_03,synthetic_instagram_03_post_0173,2025-07-15T15:00:00-04:00,47,6,2025-07-17T15:00:00-04:00,synthetic,synthetic_fixed_48h
facebook,synthetic_facebook_03,synthetic_facebook_03_post_0151,2025-07-15T18:00:00-04:00,77,5,2025-07-17T18:00:00-04:00,synthetic,synthetic_fixed_48h
facebook,synthetic_facebook_02,synthetic_facebook_02_post_0166,2025-07-15T20:00:00-04:00,75,3,2025-07-17T20:00:00-04:00,synthetic,synthetic_fixed_48h
instagram,synthetic_instagram_01,synthetic_instagram_01_post_0151,2025-07-15T20:00:00-04:00,28,5,2025-07-17T20:00:00-04:00,synthetic,synthetic_fixed_48h
instagram,synthetic_instagram_02,synthetic_instagram_02_post_0187,2025-07-16T23:00:00-04:00,93,8,2025-07-18T23:00:00-04:00,synthetic,synthetic_fixed_48h
facebook,synthetic_facebook_02,synthetic_facebook_02_post_0167,2025-07-17T06:00:00-04:00,61,4,2025-07-19T06:00:00-04:00,synthetic,synthetic_fixed_48h
instagram,synthetic_instagram_03,synthetic_instagram_03_post_0174,2025-07-17T06:00:00-04:00,56,3,2025-07-19T06:00:00-04:00,synthetic,synthetic_fixed_48h
facebook,synthetic_facebook_03,synthetic_facebook_03_post_0152,2025-07-17T07:00:00-04:00,17,0,2025-07-19T07:00:00-04:00,synthetic,synthetic_fixed_48h
instagram,synthetic_instagram_01,synthetic_instagram_01_post_0152,2025-07-17T07:00:00-04:00,51,6,2025-07-19T07:00:00-04:00,synthetic,synthetic_fixed_48h
facebook,synthetic_facebook_03,synthetic_facebook_03_post_0153,2025-07-17T10:00:00-04:00,39,3,2025-07-19T10:00:00-04:00,synthetic,synthetic_fixed_48h
instagram,synthetic_instagram_01,synthetic_instagram_01_post_0153,2025-07-17T11:00:00-04:00,55,3,2025-07-19T11:00:00-04:00,synthetic,synthetic_fixed_48h
instagram,synthetic_instagram_03,synthetic_instagram_03_post_0175,2025-07-17T18:00:00-04:00,107,7,2025-07-19T18:00:00-04:00,synthetic,synthetic_fixed_48h
instagram,synthetic_instagram_02,synthetic_instagram_02_post_0188,2025-07-17T19:00:00-04:00,147,12,2025-07-19T19:00:00-04:00,synthetic,synthetic_fixed_48h
facebook,synthetic_facebook_03,synthetic_facebook_03_post_0154,2025-07-17T22:00:00-04:00,103,6,2025-07-19T22:00:00-04:00,synthetic,synthetic_fixed_48h
facebook,synthetic_facebook_03,synthetic_facebook_03_post_0155,2025-07-18T03:00:00-04:00,47,4,2025-07-20T03:00:00-04:00,synthetic,synthetic_fixed_48h
facebook,synthetic_facebook_01,synthetic_facebook_01_post_0166,2025-07-18T04:00:00-04:00,30,2,2025-07-20T04:00:00-04:00,synthetic,synthetic_fixed_48h
instagram,synthetic_instagram_03,synthetic_instagram_03_post_0176,2025-07-18T09:00:00-04:00,60,6,2025-07-20T09:00:00-04:00,synthetic,synthetic_fixed_48h
facebook,synthetic_facebook_02,synthetic_facebook_02_post_0168,2025-07-18T16:00:00-04:00,83,9,2025-07-20T16:00:00-04:00,synthetic,synthetic_fixed_48h
instagram,synthetic_instagram_01,synthetic_instagram_01_post_0154,2025-07-18T19:00:00-04:00,40,8,2025-07-20T19:00:00-04:00,synthetic,synthetic_fixed_48h
facebook,synthetic_facebook_01,synthetic_facebook_01_post_0167,2025-07-19T01:00:00-04:00,36,5,2025-07-21T01:00:00-04:00,synthetic,synthetic_fixed_48h
facebook,synthetic_facebook_01,synthetic_facebook_01_post_0168,2025-07-19T08:00:00-04:00,82,4,2025-07-21T08:00:00-04:00,synthetic,synthetic_fixed_48h
facebook,synthetic_facebook_03,synthetic_facebook_03_post_0156,2025-07-19T08:00:00-04:00,33,0,2025-07-21T08:00:00-04:00,synthetic,synthetic_fixed_48h
instagram,synthetic_instagram_03,synthetic_instagram_03_post_0177,2025-07-19T11:00:00-04:00,67,6,2025-07-21T11:00:00-04:00,synthetic,synthetic_fixed_48h
instagram,synthetic_instagram_03,synthetic_instagram_03_post_0178,2025-07-19T13:00:00-04:00,38,3,2025-07-21T13:00:00-04:00,synthetic,synthetic_fixed_48h
facebook,synthetic_facebook_01,synthetic_facebook_01_post_0169,2025-07-19T15:00:00-04:00,40,1,2025-07-21T15:00:00-04:00,synthetic,synthetic_fixed_48h
instagram,synthetic_instagram_01,synthetic_instagram_01_post_0155,2025-07-19T19:00:00-04:00,28,0,2025-07-21T19:00:00-04:00,synthetic,synthetic_fixed_48h
facebook,synthetic_facebook_02,synthetic_facebook_02_post_0169,2025-07-20T02:00:00-04:00,64,3,2025-07-22T02:00:00-04:00,synthetic,synthetic_fixed_48h
instagram,synthetic_instagram_01,synthetic_instagram_01_post_0156,2025-07-20T15:00:00-04:00,71,4,2025-07-22T15:00:00-04:00,synthetic,synthetic_fixed_48h
facebook,synthetic_facebook_03,synthetic_facebook_03_post_0157,2025-07-20T18:00:00-04:00,74,3,2025-07-22T18:00:00-04:00,synthetic,synthetic_fixed_48h
instagram,synthetic_instagram_03,synthetic_instagram_03_post_0179,2025-07-20T18:00:00-04:00,213,17,2025-07-22T18:00:00-04:00,synthetic,synthetic_fixed_48h
instagram,synthetic_instagram_02,synthetic_instagram_02_post_0189,2025-07-20T19:00:00-04:00,158,12,2025-07-22T19:00:00-04:00,synthetic,synthetic_fixed_48h
facebook,synthetic_facebook_01,synthetic_facebook_01_post_0170,2025-07-20T20:00:00-04:00,22,4,2025-07-22T20:00:00-04:00,synthetic,synthetic_fixed_48h
facebook,synthetic_facebook_03,synthetic_facebook_03_post_0158,2025-07-20T21:00:00-04:00,82,9,2025-07-22T21:00:00-04:00,synthetic,synthetic_fixed_48h
instagram,synthetic_instagram_01,synthetic_instagram_01_post_0157,2025-07-20T21:00:00-04:00,47,2,2025-07-22T21:00:00-04:00,synthetic,synthetic_fixed_48h
instagram,synthetic_instagram_01,synthetic_instagram_01_post_0158,2025-07-21T11:00:00-04:00,139,11,2025-07-23T11:00:00-04:00,synthetic,synthetic_fixed_48h
instagram,synthetic_instagram_03,synthetic_instagram_03_post_0180,2025-07-21T15:00:00-04:00,60,7,2025-07-23T15:00:00-04:00,synthetic,synthetic_fixed_48h
instagram,synthetic_instagram_01,synthetic_instagram_01_post_0159,2025-07-21T16:00:00-04:00,57,3,2025-07-23T16:00:00-04:00,synthetic,synthetic_fixed_48h
instagram,synthetic_instagram_02,synthetic_instagram_02_post_0190,2025-07-21T23:00:00-04:00,152,15,2025-07-23T23:00:00-04:00,synthetic,synthetic_fixed_48h
facebook,synthetic_facebook_02,synthetic_facebook_02_post_0170,2025-07-22T06:00:00-04:00,33,1,2025-07-24T06:00:00-04:00,synthetic,synthetic_fixed_48h
facebook,synthetic_facebook_03,synthetic_facebook_03_post_0159,2025-07-22T07:00:00-04:00,32,4,2025-07-24T07:00:00-04:00,synthetic,synthetic_fixed_48h
instagram,synthetic_instagram_01,synthetic_instagram_01_post_0160,2025-07-22T08:00:00-04:00,136,14,2025-07-24T08:00:00-04:00,synthetic,synthetic_fixed_48h
facebook,synthetic_facebook_02,synthetic_facebook_02_post_0171,2025-07-23T00:00:00-04:00,61,7,2025-07-25T00:00:00-04:00,synthetic,synthetic_fixed_48h
instagram,synthetic_instagram_02,synthetic_instagram_02_post_0191,2025-07-23T01:00:00-04:00,41,6,2025-07-25T01:00:00-04:00,synthetic,synthetic_fixed_48h
facebook,synthetic_facebook_01,synthetic_facebook_01_post_0171,2025-07-23T12:00:00-04:00,51,2,2025-07-25T12:00:00-04:00,synthetic,synthetic_fixed_48h
facebook,synthetic_facebook_01,synthetic_facebook_01_post_0172,2025-07-23T15:00:00-04:00,34,3,2025-07-25T15:00:00-04:00,synthetic,synthetic_fixed_48h
instagram,synthetic_instagram_02,synthetic_instagram_02_post_0192,2025-07-24T00:00:00-04:00,74,9,2025-07-26T00:00:00-04:00,synthetic,synthetic_fixed_48h
facebook,synthetic_facebook_01,synthetic_facebook_01_post_0173,2025-07-24T01:00:00-04:00,30,5,2025-07-26T01:00:00-04:00,synthetic,synthetic_fixed_48h
facebook,synthetic_facebook_03,synthetic_facebook_03_post_0160,2025-07-24T01:00:00-04:00,88,11,2025-07-26T01:00:00-04:00,synthetic,synthetic_fixed_48h
instagram,synthetic_instagram_02,synthetic_instagram_02_post_0193,2025-07-24T01:00:00-04:00,48,2,2025-07-26T01:00:00-04:00,synthetic,synthetic_fixed_48h
facebook,synthetic_facebook_02,synthetic_facebook_02_post_0172,2025-07-24T16:00:00-04:00,145,8,2025-07-26T16:00:00-04:00,synthetic,synthetic_fixed_48h
facebook,synthetic_facebook_03,synthetic_facebook_03_post_0161,2025-07-25T01:00:00-04:00,115,11,2025-07-27T01:00:00-04:00,synthetic,synthetic_fixed_48h
facebook,synthetic_facebook_03,synthetic_facebook_03_post_0162,2025-07-25T14:00:00-04:00,135,9,2025-07-27T14:00:00-04:00,synthetic,synthetic_fixed_48h
facebook,synthetic_facebook_02,synthetic_facebook_02_post_0173,2025-07-25T19:00:00-04:00,42,0,2025-07-27T19:00:00-04:00,synthetic,synthetic_fixed_48h
instagram,synthetic_instagram_01,synthetic_instagram_01_post_0161,2025-07-25T19:00:00-04:00,60,3,2025-07-27T19:00:00-04:00,synthetic,synthetic_fixed_48h
instagram,synthetic_instagram_03,synthetic_instagram_03_post_0181,2025-07-25T20:00:00-04:00,119,9,2025-07-27T20:00:00-04:00,synthetic,synthetic_fixed_48h
facebook,synthetic_facebook_03,synthetic_facebook_03_post_0163,2025-07-25T23:00:00-04:00,173,14,2025-07-27T23:00:00-04:00,synthetic,synthetic_fixed_48h
instagram,synthetic_instagram_02,synthetic_instagram_02_post_0194,2025-07-26T04:00:00-04:00,47,4,2025-07-28T04:00:00-04:00,synthetic,synthetic_fixed_48h
instagram,synthetic_instagram_03,synthetic_instagram_03_post_0182,2025-07-26T07:00:00-04:00,61,6,2025-07-28T07:00:00-04:00,synthetic,synthetic_fixed_48h
instagram,synthetic_instagram_01,synthetic_instagram_01_post_0162,2025-07-26T08:00:00-04:00,53,4,2025-07-28T08:00:00-04:00,synthetic,synthetic_fixed_48h
instagram,synthetic_instagram_01,synthetic_instagram_01_post_0163,2025-07-26T20:00:00-04:00,71,5,2025-07-28T20:00:00-04:00,synthetic,synthetic_fixed_48h
facebook,synthetic_facebook_02,synthetic_facebook_02_post_0174,2025-07-26T23:00:00-04:00,29,0,2025-07-28T23:00:00-04:00,synthetic,synthetic_fixed_48h
instagram,synthetic_instagram_03,synthetic_instagram_03_post_0183,2025-07-26T23:00:00-04:00,130,10,2025-07-28T23:00:00-04:00,synthetic,synthetic_fixed_48h
facebook,synthetic_facebook_03,synthetic_facebook_03_post_0164,2025-07-27T02:00:00-04:00,89,11,2025-07-29T02:00:00-04:00,synthetic,synthetic_fixed_48h
facebook,synthetic_facebook_03,synthetic_facebook_03_post_0165,2025-07-27T05:00:00-04:00,47,0,2025-07-29T05:00:00-04:00,synthetic,synthetic_fixed_48h
instagram,synthetic_instagram_02,synthetic_instagram_02_post_0195,2025-07-27T05:00:00-04:00,26,0,2025-07-29T05:00:00-04:00,synthetic,synthetic_fixed_48h
instagram,synthetic_instagram_02,synthetic_instagram_02_post_0196,2025-07-27T15:00:00-04:00,76,7,2025-07-29T15:00:00-04:00,synthetic,synthetic_fixed_48h
instagram,synthetic_instagram_02,synthetic_instagram_02_post_0197,2025-07-27T18:00:00-04:00,95,9,2025-07-29T18:00:00-04:00,synthetic,synthetic_fixed_48h
facebook,synthetic_facebook_03,synthetic_facebook_03_post_0166,2025-07-27T20:00:00-04:00,115,8,2025-07-29T20:00:00-04:00,synthetic,synthetic_fixed_48h
instagram,synthetic_instagram_01,synthetic_instagram_01_post_0164,2025-07-28T20:00:00-04:00,108,9,2025-07-30T20:00:00-04:00,synthetic,synthetic_fixed_48h
instagram,synthetic_instagram_02,synthetic_instagram_02_post_0198,2025-07-28T20:00:00-04:00,40,4,2025-07-30T20:00:00-04:00,synthetic,synthetic_fixed_48h
facebook,synthetic_facebook_01,synthetic_facebook_01_post_0174,2025-07-28T22:00:00-04:00,19,3,2025-07-30T22:00:00-04:00,synthetic,synthetic_fixed_48h
facebook,synthetic_facebook_02,synthetic_facebook_02_post_0175,2025-07-29T00:00:00-04:00,63,4,2025-07-31T00:00:00-04:00,synthetic,synthetic_fixed_48h
instagram,synthetic_instagram_02,synthetic_instagram_02_post_0199,2025-07-29T13:00:00-04:00,56,2,2025-07-31T13:00:00-04:00,synthetic,synthetic_fixed_48h
instagram,synthetic_instagram_02,synthetic_instagram_02_post_0200,2025-07-29T20:00:00-04:00,68,6,2025-07-31T20:00:00-04:00,synthetic,synthetic_fixed_48h
facebook,synthetic_facebook_03,synthetic_facebook_03_post_0167,2025-07-30T00:00:00-04:00,107,7,2025-08-01T00:00:00-04:00,synthetic,synthetic_fixed_48h
instagram,synthetic_instagram_01,synthetic_instagram_01_post_0165,2025-07-30T01:00:00-04:00,42,4,2025-08-01T01:00:00-04:00,synthetic,synthetic_fixed_48h
facebook,synthetic_facebook_02,synthetic_facebook_02_post_0176,2025-07-30T12:00:00-04:00,143,7,2025-08-01T12:00:00-04:00,synthetic,synthetic_fixed_48h
instagram,synthetic_instagram_02,synthetic_instagram_02_post_0201,2025-07-30T14:00:00-04:00,107,7,2025-08-01T14:00:00-04:00,synthetic,synthetic_fixed_48h
instagram,synthetic_instagram_01,synthetic_instagram_01_post_0166,2025-07-30T15:00:00-04:00,91,8,2025-08-01T15:00:00-04:00,synthetic,synthetic_fixed_48h
instagram,synthetic_instagram_02,synthetic_instagram_02_post_0202,2025-07-30T22:00:00-04:00,89,6,2025-08-01T22:00:00-04:00,synthetic,synthetic_fixed_48h
instagram,synthetic_instagram_01,synthetic_instagram_01_post_0167,2025-07-31T06:00:00-04:00,71,5,2025-08-02T06:00:00-04:00,synthetic,synthetic_fixed_48h
instagram,synthetic_instagram_03,synthetic_instagram_03_post_0184,2025-07-31T15:00:00-04:00,78,10,2025-08-02T15:00:00-04:00,synthetic,synthetic_fixed_48h
instagram,synthetic_instagram_01,synthetic_instagram_01_post_0168,2025-07-31T17:00:00-04:00,72,6,2025-08-02T17:00:00-04:00,synthetic,synthetic_fixed_48h
facebook,synthetic_facebook_02,synthetic_facebook_02_post_0177,2025-07-31T21:00:00-04:00,71,2,2025-08-02T21:00:00-04:00,synthetic,synthetic_fixed_48h
instagram,synthetic_instagram_03,synthetic_instagram_03_post_0185,2025-08-01T08:00:00-04:00,32,2,2025-08-03T08:00:00-04:00,synthetic,synthetic_fixed_48h
facebook,synthetic_facebook_01,synthetic_facebook_01_post_0175,2025-08-01T12:00:00-04:00,35,0,2025-08-03T12:00:00-04:00,synthetic,synthetic_fixed_48h
instagram,synthetic_instagram_03,synthetic_instagram_03_post_0186,2025-08-01T12:00:00-04:00,56,2,2025-08-03T12:00:00-04:00,synthetic,synthetic_fixed_48h
facebook,synthetic_facebook_03,synthetic_facebook_03_post_0168,2025-08-01T17:00:00-04:00,106,4,2025-08-03T17:00:00-04:00,synthetic,synthetic_fixed_48h
facebook,synthetic_facebook_01,synthetic_facebook_01_post_0176,2025-08-02T05:00:00-04:00,34,1,2025-08-04T05:00:00-04:00,synthetic,synthetic_fixed_48h
instagram,synthetic_instagram_02,synthetic_instagram_02_post_0203,2025-08-02T07:00:00-04:00,56,6,2025-08-04T07:00:00-04:00,synthetic,synthetic_fixed_48h
instagram,synthetic_instagram_03,synthetic_instagram_03_post_0187,2025-08-02T19:00:00-04:00,114,11,2025-08-04T19:00:00-04:00,synthetic,synthetic_fixed_48h
instagram,synthetic_instagram_01,synthetic_instagram_01_post_0169,2025-08-03T00:00:00-04:00,27,7,2025-08-05T00:00:00-04:00,synthetic,synthetic_fixed_48h
facebook,synthetic_facebook_01,synthetic_facebook_01_post_0177,2025-08-03T04:00:00-04:00,39,5,2025-08-05T04:00:00-04:00,synthetic,synthetic_fixed_48h
instagram,synthetic_instagram_03,synthetic_instagram_03_post_0188,2025-08-03T05:00:00-04:00,80,8,2025-08-05T05:00:00-04:00,synthetic,synthetic_fixed_48h
facebook,synthetic_facebook_01,synthetic_facebook_01_post_0178,2025-08-03T09:00:00-04:00,91,5,2025-08-05T09:00:00-04:00,synthetic,synthetic_fixed_48h
facebook,synthetic_facebook_01,synthetic_facebook_01_post_0179,2025-08-03T10:00:00-04:00,91,6,2025-08-05T10:00:00-04:00,synthetic,synthetic_fixed_48h
instagram,synthetic_instagram_02,synthetic_instagram_02_post_0204,2025-08-03T11:00:00-04:00,74,7,2025-08-05T11:00:00-04:00,synthetic,synthetic_fixed_48h
facebook,synthetic_facebook_02,synthetic_facebook_02_post_0178,2025-08-03T12:00:00-04:00,85,4,2025-08-05T12:00:00-04:00,synthetic,synthetic_fixed_48h
instagram,synthetic_instagram_01,synthetic_instagram_01_post_0170,2025-08-03T15:00:00-04:00,77,5,2025-08-05T15:00:00-04:00,synthetic,synthetic_fixed_48h
facebook,synthetic_facebook_01,synthetic_facebook_01_post_0180,2025-08-03T18:00:00-04:00,54,8,2025-08-05T18:00:00-04:00,synthetic,synthetic_fixed_48h
instagram,synthetic_instagram_01,synthetic_instagram_01_post_0171,2025-08-03T18:00:00-04:00,40,3,2025-08-05T18:00:00-04:00,synthetic,synthetic_fixed_48h
facebook,synthetic_facebook_03,synthetic_facebook_03_post_0169,2025-08-03T19:00:00-04:00,159,8,2025-08-05T19:00:00-04:00,synthetic,synthetic_fixed_48h
facebook,synthetic_facebook_03,synthetic_facebook_03_post_0170,2025-08-03T20:00:00-04:00,85,7,2025-08-05T20:00:00-04:00,synthetic,synthetic_fixed_48h
instagram,synthetic_instagram_01,synthetic_instagram_01_post_0172,2025-08-03T21:00:00-04:00,27,3,2025-08-05T21:00:00-04:00,synthetic,synthetic_fixed_48h
instagram,synthetic_instagram_03,synthetic_instagram_03_post_0189,2025-08-03T21:00:00-04:00,147,15,2025-08-05T21:00:00-04:00,synthetic,synthetic_fixed_48h
facebook,synthetic_facebook_01,synthetic_facebook_01_post_0181,2025-08-04T01:00:00-04:00,36,1,2025-08-06T01:00:00-04:00,synthetic,synthetic_fixed_48h
facebook,synthetic_facebook_03,synthetic_facebook_03_post_0171,2025-08-04T12:00:00-04:00,52,1,2025-08-06T12:00:00-04:00,synthetic,synthetic_fixed_48h
facebook,synthetic_facebook_02,synthetic_facebook_02_post_0179,2025-08-04T13:00:00-04:00,137,12,2025-08-06T13:00:00-04:00,synthetic,synthetic_fixed_48h
facebook,synthetic_facebook_01,synthetic_facebook_01_post_0182,2025-08-04T19:00:00-04:00,23,1,2025-08-06T19:00:00-04:00,synthetic,synthetic_fixed_48h
facebook,synthetic_facebook_03,synthetic_facebook_03_post_0172,2025-08-04T19:00:00-04:00,84,7,2025-08-06T19:00:00-04:00,synthetic,synthetic_fixed_48h
facebook,synthetic_facebook_01,synthetic_facebook_01_post_0183,2025-08-04T20:00:00-04:00,42,2,2025-08-06T20:00:00-04:00,synthetic,synthetic_fixed_48h
facebook,synthetic_facebook_03,synthetic_facebook_03_post_0173,2025-08-05T13:00:00-04:00,107,8,2025-08-07T13:00:00-04:00,synthetic,synthetic_fixed_48h
facebook,synthetic_facebook_02,synthetic_facebook_02_post_0180,2025-08-05T19:00:00-04:00,119,8,2025-08-07T19:00:00-04:00,synthetic,synthetic_fixed_48h
facebook,synthetic_facebook_01,synthetic_facebook_01_post_0184,2025-08-05T21:00:00-04:00,38,4,2025-08-07T21:00:00-04:00,synthetic,synthetic_fixed_48h
instagram,synthetic_instagram_02,synthetic_instagram_02_post_0205,2025-08-05T21:00:00-04:00,126,7,2025-08-07T21:00:00-04:00,synthetic,synthetic_fixed_48h
instagram,synthetic_instagram_01,synthetic_instagram_01_post_0173,2025-08-06T16:00:00-04:00,69,7,2025-08-08T16:00:00-04:00,synthetic,synthetic_fixed_48h
facebook,synthetic_facebook_02,synthetic_facebook_02_post_0181,2025-08-07T10:00:00-04:00,147,11,2025-08-09T10:00:00-04:00,synthetic,synthetic_fixed_48h
instagram,synthetic_instagram_02,synthetic_instagram_02_post_0206,2025-08-07T15:00:00-04:00,128,13,2025-08-09T15:00:00-04:00,synthetic,synthetic_fixed_48h
instagram,synthetic_instagram_01,synthetic_instagram_01_post_0174,2025-08-07T20:00:00-04:00,20,0,2025-08-09T20:00:00-04:00,synthetic,synthetic_fixed_48h
instagram,synthetic_instagram_01,synthetic_instagram_01_post_0175,2025-08-08T00:00:00-04:00,39,6,2025-08-10T00:00:00-04:00,synthetic,synthetic_fixed_48h
facebook,synthetic_facebook_03,synthetic_facebook_03_post_0174,2025-08-08T02:00:00-04:00,50,3,2025-08-10T02:00:00-04:00,synthetic,synthetic_fixed_48h
instagram,synthetic_instagram_02,synthetic_instagram_02_post_0207,2025-08-08T03:00:00-04:00,15,2,2025-08-10T03:00:00-04:00,synthetic,synthetic_fixed_48h
facebook,synthetic_facebook_03,synthetic_facebook_03_post_0175,2025-08-08T04:00:00-04:00,48,6,2025-08-10T04:00:00-04:00,synthetic,synthetic_fixed_48h
facebook,synthetic_facebook_03,synthetic_facebook_03_post_0176,2025-08-08T09:00:00-04:00,28,3,2025-08-10T09:00:00-04:00,synthetic,synthetic_fixed_48h
facebook,synthetic_facebook_01,synthetic_facebook_01_post_0185,2025-08-08T10:00:00-04:00,39,0,2025-08-10T10:00:00-04:00,synthetic,synthetic_fixed_48h
instagram,synthetic_instagram_01,synthetic_instagram_01_post_0176,2025-08-08T12:00:00-04:00,79,5,2025-08-10T12:00:00-04:00,synthetic,synthetic_fixed_48h
facebook,synthetic_facebook_03,synthetic_facebook_03_post_0177,2025-08-09T01:00:00-04:00,20,3,2025-08-11T01:00:00-04:00,synthetic,synthetic_fixed_48h
facebook,synthetic_facebook_01,synthetic_facebook_01_post_0186,2025-08-09T02:00:00-04:00,80,7,2025-08-11T02:00:00-04:00,synthetic,synthetic_fixed_48h
facebook,synthetic_facebook_02,synthetic_facebook_02_post_0182,2025-08-09T05:00:00-04:00,45,5,2025-08-11T05:00:00-04:00,synthetic,synthetic_fixed_48h
instagram,synthetic_instagram_03,synthetic_instagram_03_post_0190,2025-08-09T05:00:00-04:00,126,10,2025-08-11T05:00:00-04:00,synthetic,synthetic_fixed_48h
facebook,synthetic_facebook_02,synthetic_facebook_02_post_0183,2025-08-09T07:00:00-04:00,60,7,2025-08-11T07:00:00-04:00,synthetic,synthetic_fixed_48h
facebook,synthetic_facebook_03,synthetic_facebook_03_post_0178,2025-08-09T08:00:00-04:00,47,6,2025-08-11T08:00:00-04:00,synthetic,synthetic_fixed_48h
instagram,synthetic_instagram_03,synthetic_instagram_03_post_0191,2025-08-09T17:00:00-04:00,60,4,2025-08-11T17:00:00-04:00,synthetic,synthetic_fixed_48h
instagram,synthetic_instagram_02,synthetic_instagram_02_post_0208,2025-08-10T05:00:00-04:00,62,0,2025-08-12T05:00:00-04:00,synthetic,synthetic_fixed_48h
instagram,synthetic_instagram_03,synthetic_instagram_03_post_0192,2025-08-10T09:00:00-04:00,36,3,2025-08-12T09:00:00-04:00,synthetic,synthetic_fixed_48h
facebook,synthetic_facebook_01,synthetic_facebook_01_post_0187,2025-08-10T15:00:00-04:00,66,5,2025-08-12T15:00:00-04:00,synthetic,synthetic_fixed_48h
facebook,synthetic_facebook_02,synthetic_facebook_02_post_0184,2025-08-11T17:00:00-04:00,76,2,2025-08-13T17:00:00-04:00,synthetic,synthetic_fixed_48h
facebook,synthetic_facebook_02,synthetic_facebook_02_post_0185,2025-08-12T00:00:00-04:00,45,0,2025-08-14T00:00:00-04:00,synthetic,synthetic_fixed_48h
instagram,synthetic_instagram_02,synthetic_instagram_02_post_0209,2025-08-12T01:00:00-04:00,93,10,2025-08-14T01:00:00-04:00,synthetic,synthetic_fixed_48h
instagram,synthetic_instagram_01,synthetic_instagram_01_post_0177,2025-08-12T04:00:00-04:00,47,3,2025-08-14T04:00:00-04:00,synthetic,synthetic_fixed_48h
instagram,synthetic_instagram_03,synthetic_instagram_03_post_0193,2025-08-12T11:00:00-04:00,57,6,2025-08-14T11:00:00-04:00,synthetic,synthetic_fixed_48h
instagram,synthetic_instagram_01,synthetic_instagram_01_post_0178,2025-08-12T16:00:00-04:00,85,10,2025-08-14T16:00:00-04:00,synthetic,synthetic_fixed_48h
facebook,synthetic_facebook_03,synthetic_facebook_03_post_0179,2025-08-12T19:00:00-04:00,82,10,2025-08-14T19:00:00-04:00,synthetic,synthetic_fixed_48h
facebook,synthetic_facebook_03,synthetic_facebook_03_post_0180,2025-08-12T23:00:00-04:00,100,11,2025-08-14T23:00:00-04:00,synthetic,synthetic_fixed_48h
instagram,synthetic_instagram_02,synthetic_instagram_02_post_0210,2025-08-13T09:00:00-04:00,99,6,2025-08-15T09:00:00-04:00,synthetic,synthetic_fixed_48h
facebook,synthetic_facebook_03,synthetic_facebook_03_post_0181,2025-08-13T10:00:00-04:00,61,5,2025-08-15T10:00:00-04:00,synthetic,synthetic_fixed_48h
facebook,synthetic_facebook_02,synthetic_facebook_02_post_0186,2025-08-13T15:00:00-04:00,59,4,2025-08-15T15:00:00-04:00,synthetic,synthetic_fixed_48h
instagram,synthetic_instagram_02,synthetic_instagram_02_post_0211,2025-08-14T12:00:00-04:00,196,18,2025-08-16T12:00:00-04:00,synthetic,synthetic_fixed_48h
instagram,synthetic_instagram_01,synthetic_instagram_01_post_0179,2025-08-14T17:00:00-04:00,51,5,2025-08-16T17:00:00-04:00,synthetic,synthetic_fixed_48h
facebook,synthetic_facebook_02,synthetic_facebook_02_post_0187,2025-08-15T00:00:00-04:00,55,6,2025-08-17T00:00:00-04:00,synthetic,synthetic_fixed_48h
facebook,synthetic_facebook_01,synthetic_facebook_01_post_0188,2025-08-15T03:00:00-04:00,57,7,2025-08-17T03:00:00-04:00,synthetic,synthetic_fixed_48h
instagram,synthetic_instagram_03,synthetic_instagram_03_post_0194,2025-08-15T14:00:00-04:00,118,13,2025-08-17T14:00:00-04:00,synthetic,synthetic_fixed_48h
instagram,synthetic_instagram_03,synthetic_instagram_03_post_0195,2025-08-15T16:00:00-04:00,105,5,2025-08-17T16:00:00-04:00,synthetic,synthetic_fixed_48h
facebook,synthetic_facebook_02,synthetic_facebook_02_post_0188,2025-08-15T20:00:00-04:00,126,8,2025-08-17T20:00:00-04:00,synthetic,synthetic_fixed_48h
instagram,synthetic_instagram_01,synthetic_instagram_01_post_0180,2025-08-15T21:00:00-04:00,25,3,2025-08-17T21:00:00-04:00,synthetic,synthetic_fixed_48h
instagram,synthetic_instagram_01,synthetic_instagram_01_post_0181,2025-08-16T09:00:00-04:00,81,3,2025-08-18T09:00:00-04:00,synthetic,synthetic_fixed_48h
facebook,synthetic_facebook_01,synthetic_facebook_01_post_0189,2025-08-16T10:00:00-04:00,51,3,2025-08-18T10:00:00-04:00,synthetic,synthetic_fixed_48h
facebook,synthetic_facebook_01,synthetic_facebook_01_post_0190,2025-08-16T14:00:00-04:00,45,7,2025-08-18T14:00:00-04:00,synthetic,synthetic_fixed_48h
instagram,synthetic_instagram_03,synthetic_instagram_03_post_0196,2025-08-16T16:00:00-04:00,140,8,2025-08-18T16:00:00-04:00,synthetic,synthetic_fixed_48h
instagram,synthetic_instagram_01,synthetic_instagram_01_post_0182,2025-08-17T00:00:00-04:00,31,0,2025-08-19T00:00:00-04:00,synthetic,synthetic_fixed_48h
instagram,synthetic_instagram_03,synthetic_instagram_03_post_0197,2025-08-17T07:00:00-04:00,64,6,2025-08-19T07:00:00-04:00,synthetic,synthetic_fixed_48h
facebook,synthetic_facebook_02,synthetic_facebook_02_post_0189,2025-08-17T08:00:00-04:00,94,6,2025-08-19T08:00:00-04:00,synthetic,synthetic_fixed_48h
instagram,synthetic_instagram_02,synthetic_instagram_02_post_0212,2025-08-18T00:00:00-04:00,38,4,2025-08-20T00:00:00-04:00,synthetic,synthetic_fixed_48h
instagram,synthetic_instagram_02,synthetic_instagram_02_post_0213,2025-08-18T05:00:00-04:00,32,2,2025-08-20T05:00:00-04:00,synthetic,synthetic_fixed_48h
facebook,synthetic_facebook_03,synthetic_facebook_03_post_0182,2025-08-18T20:00:00-04:00,154,12,2025-08-20T20:00:00-04:00,synthetic,synthetic_fixed_48h
facebook,synthetic_facebook_02,synthetic_facebook_02_post_0190,2025-08-19T00:00:00-04:00,60,0,2025-08-21T00:00:00-04:00,synthetic,synthetic_fixed_48h
instagram,synthetic_instagram_03,synthetic_instagram_03_post_0198,2025-08-19T09:00:00-04:00,125,12,2025-08-21T09:00:00-04:00,synthetic,synthetic_fixed_48h
instagram,synthetic_instagram_03,synthetic_instagram_03_post_0199,2025-08-19T10:00:00-04:00,64,1,2025-08-21T10:00:00-04:00,synthetic,synthetic_fixed_48h
facebook,synthetic_facebook_03,synthetic_facebook_03_post_0183,2025-08-19T14:00:00-04:00,81,6,2025-08-21T14:00:00-04:00,synthetic,synthetic_fixed_48h
instagram,synthetic_instagram_03,synthetic_instagram_03_post_0200,2025-08-20T05:00:00-04:00,92,9,2025-08-22T05:00:00-04:00,synthetic,synthetic_fixed_48h
facebook,synthetic_facebook_02,synthetic_facebook_02_post_0191,2025-08-20T19:00:00-04:00,79,6,2025-08-22T19:00:00-04:00,synthetic,synthetic_fixed_48h
instagram,synthetic_instagram_03,synthetic_instagram_03_post_0201,2025-08-20T21:00:00-04:00,125,12,2025-08-22T21:00:00-04:00,synthetic,synthetic_fixed_48h
facebook,synthetic_facebook_03,synthetic_facebook_03_post_0184,2025-08-21T02:00:00-04:00,50,2,2025-08-23T02:00:00-04:00,synthetic,synthetic_fixed_48h
facebook,synthetic_facebook_03,synthetic_facebook_03_post_0185,2025-08-21T07:00:00-04:00,47,0,2025-08-23T07:00:00-04:00,synthetic,synthetic_fixed_48h
instagram,synthetic_instagram_01,synthetic_instagram_01_post_0183,2025-08-21T15:00:00-04:00,64,7,2025-08-23T15:00:00-04:00,synthetic,synthetic_fixed_48h
instagram,synthetic_instagram_03,synthetic_instagram_03_post_0202,2025-08-21T16:00:00-04:00,93,7,2025-08-23T16:00:00-04:00,synthetic,synthetic_fixed_48h
instagram,synthetic_instagram_03,synthetic_instagram_03_post_0203,2025-08-22T00:00:00-04:00,138,10,2025-08-24T00:00:00-04:00,synthetic,synthetic_fixed_48h
facebook,synthetic_facebook_03,synthetic_facebook_03_post_0186,2025-08-22T01:00:00-04:00,44,2,2025-08-24T01:00:00-04:00,synthetic,synthetic_fixed_48h
facebook,synthetic_facebook_02,synthetic_facebook_02_post_0192,2025-08-22T03:00:00-04:00,48,1,2025-08-24T03:00:00-04:00,synthetic,synthetic_fixed_48h
facebook,synthetic_facebook_01,synthetic_facebook_01_post_0191,2025-08-22T09:00:00-04:00,91,7,2025-08-24T09:00:00-04:00,synthetic,synthetic_fixed_48h
instagram,synthetic_instagram_03,synthetic_instagram_03_post_0204,2025-08-22T10:00:00-04:00,61,6,2025-08-24T10:00:00-04:00,synthetic,synthetic_fixed_48h
facebook,synthetic_facebook_01,synthetic_facebook_01_post_0192,2025-08-22T22:00:00-04:00,22,1,2025-08-24T22:00:00-04:00,synthetic,synthetic_fixed_48h
facebook,synthetic_facebook_03,synthetic_facebook_03_post_0187,2025-08-23T06:00:00-04:00,43,2,2025-08-25T06:00:00-04:00,synthetic,synthetic_fixed_48h
facebook,synthetic_facebook_02,synthetic_facebook_02_post_0193,2025-08-23T07:00:00-04:00,82,4,2025-08-25T07:00:00-04:00,synthetic,synthetic_fixed_48h
instagram,synthetic_instagram_01,synthetic_instagram_01_post_0184,2025-08-23T11:00:00-04:00,74,3,2025-08-25T11:00:00-04:00,synthetic,synthetic_fixed_48h
facebook,synthetic_facebook_03,synthetic_facebook_03_post_0188,2025-08-23T16:00:00-04:00,121,6,2025-08-25T16:00:00-04:00,synthetic,synthetic_fixed_48h
instagram,synthetic_instagram_03,synthetic_instagram_03_post_0205,2025-08-23T18:00:00-04:00,102,10,2025-08-25T18:00:00-04:00,synthetic,synthetic_fixed_48h
facebook,synthetic_facebook_02,synthetic_facebook_02_post_0194,2025-08-23T23:00:00-04:00,30,2,2025-08-25T23:00:00-04:00,synthetic,synthetic_fixed_48h
instagram,synthetic_instagram_03,synthetic_instagram_03_post_0206,2025-08-24T02:00:00-04:00,62,5,2025-08-26T02:00:00-04:00,synthetic,synthetic_fixed_48h
instagram,synthetic_instagram_03,synthetic_instagram_03_post_0207,2025-08-24T06:00:00-04:00,46,0,2025-08-26T06:00:00-04:00,synthetic,synthetic_fixed_48h
facebook,synthetic_facebook_02,synthetic_facebook_02_post_0195,2025-08-24T09:00:00-04:00,72,5,2025-08-26T09:00:00-04:00,synthetic,synthetic_fixed_48h
instagram,synthetic_instagram_02,synthetic_instagram_02_post_0214,2025-08-24T10:00:00-04:00,51,3,2025-08-26T10:00:00-04:00,synthetic,synthetic_fixed_48h
instagram,synthetic_instagram_01,synthetic_instagram_01_post_0185,2025-08-24T22:00:00-04:00,47,6,2025-08-26T22:00:00-04:00,synthetic,synthetic_fixed_48h
facebook,synthetic_facebook_02,synthetic_facebook_02_post_0196,2025-08-25T04:00:00-04:00,18,2,2025-08-27T04:00:00-04:00,synthetic,synthetic_fixed_48h
facebook,synthetic_facebook_01,synthetic_facebook_01_post_0193,2025-08-25T05:00:00-04:00,130,12,2025-08-27T05:00:00-04:00,synthetic,synthetic_fixed_48h
facebook,synthetic_facebook_02,synthetic_facebook_02_post_0197,2025-08-25T10:00:00-04:00,66,6,2025-08-27T10:00:00-04:00,synthetic,synthetic_fixed_48h
instagram,synthetic_instagram_01,synthetic_instagram_01_post_0186,2025-08-25T20:00:00-04:00,35,2,2025-08-27T20:00:00-04:00,synthetic,synthetic_fixed_48h
instagram,synthetic_instagram_01,synthetic_instagram_01_post_0187,2025-08-25T22:00:00-04:00,50,7,2025-08-27T22:00:00-04:00,synthetic,synthetic_fixed_48h
instagram,synthetic_instagram_03,synthetic_instagram_03_post_0208,2025-08-26T11:00:00-04:00,26,6,2025-08-28T11:00:00-04:00,synthetic,synthetic_fixed_48h
facebook,synthetic_facebook_01,synthetic_facebook_01_post_0194,2025-08-26T12:00:00-04:00,81,8,2025-08-28T12:00:00-04:00,synthetic,synthetic_fixed_48h
facebook,synthetic_facebook_03,synthetic_facebook_03_post_0189,2025-08-26T12:00:00-04:00,37,1,2025-08-28T12:00:00-04:00,synthetic,synthetic_fixed_48h
instagram,synthetic_instagram_02,synthetic_instagram_02_post_0215,2025-08-26T13:00:00-04:00,100,9,2025-08-28T13:00:00-04:00,synthetic,synthetic_fixed_48h
facebook,synthetic_facebook_03,synthetic_facebook_03_post_0190,2025-08-26T18:00:00-04:00,115,6,2025-08-28T18:00:00-04:00,synthetic,synthetic_fixed_48h
facebook,synthetic_facebook_03,synthetic_facebook_03_post_0191,2025-08-26T21:00:00-04:00,90,4,2025-08-28T21:00:00-04:00,synthetic,synthetic_fixed_48h
facebook,synthetic_facebook_01,synthetic_facebook_01_post_0195,2025-08-26T23:00:00-04:00,34,3,2025-08-28T23:00:00-04:00,synthetic,synthetic_fixed_48h
facebook,synthetic_facebook_02,synthetic_facebook_02_post_0198,2025-08-27T04:00:00-04:00,41,0,2025-08-29T04:00:00-04:00,synthetic,synthetic_fixed_48h
facebook,synthetic_facebook_01,synthetic_facebook_01_post_0196,2025-08-27T06:00:00-04:00,41,3,2025-08-29T06:00:00-04:00,synthetic,synthetic_fixed_48h
instagram,synthetic_instagram_01,synthetic_instagram_01_post_0188,2025-08-27T08:00:00-04:00,93,10,2025-08-29T08:00:00-04:00,synthetic,synthetic_fixed_48h
instagram,synthetic_instagram_03,synthetic_instagram_03_post_0209,2025-08-27T17:00:00-04:00,157,9,2025-08-29T17:00:00-04:00,synthetic,synthetic_fixed_48h
instagram,synthetic_instagram_01,synthetic_instagram_01_post_0189,2025-08-28T06:00:00-04:00,113,6,2025-08-30T06:00:00-04:00,synthetic,synthetic_fixed_48h
facebook,synthetic_facebook_03,synthetic_facebook_03_post_0192,2025-08-28T14:00:00-04:00,101,5,2025-08-30T14:00:00-04:00,synthetic,synthetic_fixed_48h
instagram,synthetic_instagram_01,synthetic_instagram_01_post_0190,2025-08-28T18:00:00-04:00,67,9,2025-08-30T18:00:00-04:00,synthetic,synthetic_fixed_48h
instagram,synthetic_instagram_03,synthetic_instagram_03_post_0210,2025-08-28T20:00:00-04:00,98,12,2025-08-30T20:00:00-04:00,synthetic,synthetic_fixed_48h
facebook,synthetic_facebook_02,synthetic_facebook_02_post_0199,2025-08-28T22:00:00-04:00,38,2,2025-08-30T22:00:00-04:00,synthetic,synthetic_fixed_48h
instagram,synthetic_instagram_02,synthetic_instagram_02_post_0216,2025-08-29T02:00:00-04:00,121,7,2025-08-31T02:00:00-04:00,synthetic,synthetic_fixed_48h
facebook,synthetic_facebook_02,synthetic_facebook_02_post_0200,2025-08-29T04:00:00-04:00,55,4,2025-08-31T04:00:00-04:00,synthetic,synthetic_fixed_48h
facebook,synthetic_facebook_02,synthetic_facebook_02_post_0201,2025-08-29T18:00:00-04:00,48,4,2025-08-31T18:00:00-04:00,synthetic,synthetic_fixed_48h
instagram,synthetic_instagram_01,synthetic_instagram_01_post_0191,2025-08-30T04:00:00-04:00,33,1,2025-09-01T04:00:00-04:00,synthetic,synthetic_fixed_48h
facebook,synthetic_facebook_03,synthetic_facebook_03_post_0193,2025-08-30T14:00:00-04:00,85,6,2025-09-01T14:00:00-04:00,synthetic,synthetic_fixed_48h
facebook,synthetic_facebook_01,synthetic_facebook_01_post_0197,2025-08-30T15:00:00-04:00,33,5,2025-09-01T15:00:00-04:00,synthetic,synthetic_fixed_48h
facebook,synthetic_facebook_03,synthetic_facebook_03_post_0194,2025-08-30T20:00:00-04:00,128,13,2025-09-01T20:00:00-04:00,synthetic,synthetic_fixed_48h
facebook,synthetic_facebook_01,synthetic_facebook_01_post_0198,2025-08-30T23:00:00-04:00,35,2,2025-09-01T23:00:00-04:00,synthetic,synthetic_fixed_48h
facebook,synthetic_facebook_01,synthetic_facebook_01_post_0199,2025-08-31T03:00:00-04:00,47,4,2025-09-02T03:00:00-04:00,synthetic,synthetic_fixed_48h
instagram,synthetic_instagram_03,synthetic_instagram_03_post_0211,2025-08-31T04:00:00-04:00,80,7,2025-09-02T04:00:00-04:00,synthetic,synthetic_fixed_48h
instagram,synthetic_instagram_01,synthetic_instagram_01_post_0192,2025-08-31T07:00:00-04:00,30,4,2025-09-02T07:00:00-04:00,synthetic,synthetic_fixed_48h
facebook,synthetic_facebook_03,synthetic_facebook_03_post_0195,2025-08-31T08:00:00-04:00,36,2,2025-09-02T08:00:00-04:00,synthetic,synthetic_fixed_48h
instagram,synthetic_instagram_03,synthetic_instagram_03_post_0212,2025-08-31T11:00:00-04:00,39,0,2025-09-02T11:00:00-04:00,synthetic,synthetic_fixed_48h
facebook,synthetic_facebook_03,synthetic_facebook_03_post_0196,2025-08-31T12:00:00-04:00,63,0,2025-09-02T12:00:00-04:00,synthetic,synthetic_fixed_48h
facebook,synthetic_facebook_02,synthetic_facebook_02_post_0202,2025-08-31T16:00:00-04:00,67,6,2025-09-02T16:00:00-04:00,synthetic,synthetic_fixed_48h
instagram,synthetic_instagram_03,synthetic_instagram_03_post_0213,2025-08-31T21:00:00-04:00,152,14,2025-09-02T21:00:00-04:00,synthetic,synthetic_fixed_48h
instagram,synthetic_instagram_02,synthetic_instagram_02_post_0217,2025-08-31T23:00:00-04:00,44,5,2025-09-02T23:00:00-04:00,synthetic,synthetic_fixed_48h
instagram,synthetic_instagram_02,synthetic_instagram_02_post_0218,2025-09-01T05:00:00-04:00,23,5,2025-09-03T05:00:00-04:00,synthetic,synthetic_fixed_48h
instagram,synthetic_instagram_03,synthetic_instagram_03_post_0214,2025-09-01T06:00:00-04:00,53,6,2025-09-03T06:00:00-04:00,synthetic,synthetic_fixed_48h
instagram,synthetic_instagram_01,synthetic_instagram_01_post_0193,2025-09-01T13:00:00-04:00,47,3,2025-09-03T13:00:00-04:00,synthetic,synthetic_fixed_48h
instagram,synthetic_instagram_02,synthetic_instagram_02_post_0219,2025-09-01T14:00:00-04:00,105,11,2025-09-03T14:00:00-04:00,synthetic,synthetic_fixed_48h
instagram,synthetic_instagram_01,synthetic_instagram_01_post_0194,2025-09-01T19:00:00-04:00,31,0,2025-09-03T19:00:00-04:00,synthetic,synthetic_fixed_48h
instagram,synthetic_instagram_02,synthetic_instagram_02_post_0220,2025-09-02T00:00:00-04:00,79,8,2025-09-04T00:00:00-04:00,synthetic,synthetic_fixed_48h
facebook,synthetic_facebook_01,synthetic_facebook_01_post_0200,2025-09-02T07:00:00-04:00,80,5,2025-09-04T07:00:00-04:00,synthetic,synthetic_fixed_48h
instagram,synthetic_instagram_01,synthetic_instagram_01_post_0195,2025-09-02T07:00:00-04:00,82,9,2025-09-04T07:00:00-04:00,synthetic,synthetic_fixed_48h
facebook,synthetic_facebook_01,synthetic_facebook_01_post_0201,2025-09-02T11:00:00-04:00,135,10,2025-09-04T11:00:00-04:00,synthetic,synthetic_fixed_48h
facebook,synthetic_facebook_02,synthetic_facebook_02_post_0203,2025-09-02T19:00:00-04:00,52,4,2025-09-04T19:00:00-04:00,synthetic,synthetic_fixed_48h
instagram,synthetic_instagram_02,synthetic_instagram_02_post_0221,2025-09-02T22:00:00-04:00,67,6,2025-09-04T22:00:00-04:00,synthetic,synthetic_fixed_48h
facebook,synthetic_facebook_01,synthetic_facebook_01_post_0202,2025-09-02T23:00:00-04:00,87,7,2025-09-04T23:00:00-04:00,synthetic,synthetic_fixed_48h
facebook,synthetic_facebook_01,synthetic_facebook_01_post_0203,2025-09-03T01:00:00-04:00,33,0,2025-09-05T01:00:00-04:00,synthetic,synthetic_fixed_48h
instagram,synthetic_instagram_02,synthetic_instagram_02_post_0222,2025-09-03T01:00:00-04:00,67,5,2025-09-05T01:00:00-04:00,synthetic,synthetic_fixed_48h
facebook,synthetic_facebook_03,synthetic_facebook_03_post_0197,2025-09-03T02:00:00-04:00,124,9,2025-09-05T02:00:00-04:00,synthetic,synthetic_fixed_48h
facebook,synthetic_facebook_03,synthetic_facebook_03_post_0198,2025-09-03T05:00:00-04:00,40,4,2025-09-05T05:00:00-04:00,synthetic,synthetic_fixed_48h
instagram,synthetic_instagram_03,synthetic_instagram_03_post_0215,2025-09-03T23:00:00-04:00,147,12,2025-09-05T23:00:00-04:00,synthetic,synthetic_fixed_48h
instagram,synthetic_instagram_02,synthetic_instagram_02_post_0223,2025-09-04T02:00:00-04:00,34,4,2025-09-06T02:00:00-04:00,synthetic,synthetic_fixed_48h
instagram,synthetic_instagram_01,synthetic_instagram_01_post_0196,2025-09-04T05:00:00-04:00,42,3,2025-09-06T05:00:00-04:00,synthetic,synthetic_fixed_48h
facebook,synthetic_facebook_03,synthetic_facebook_03_post_0199,2025-09-04T06:00:00-04:00,71,3,2025-09-06T06:00:00-04:00,synthetic,synthetic_fixed_48h
facebook,synthetic_facebook_01,synthetic_facebook_01_post_0204,2025-09-04T11:00:00-04:00,85,4,2025-09-06T11:00:00-04:00,synthetic,synthetic_fixed_48h
facebook,synthetic_facebook_01,synthetic_facebook_01_post_0205,2025-09-04T12:00:00-04:00,84,5,2025-09-06T12:00:00-04:00,synthetic,synthetic_fixed_48h
instagram,synthetic_instagram_01,synthetic_instagram_01_post_0197,2025-09-05T00:00:00-04:00,16,2,2025-09-07T00:00:00-04:00,synthetic,synthetic_fixed_48h
instagram,synthetic_instagram_03,synthetic_instagram_03_post_0216,2025-09-05T02:00:00-04:00,162,14,2025-09-07T02:00:00-04:00,synthetic,synthetic_fixed_48h
instagram,synthetic_instagram_03,synthetic_instagram_03_post_0217,2025-09-06T02:00:00-04:00,107,10,2025-09-08T02:00:00-04:00,synthetic,synthetic_fixed_48h
instagram,synthetic_instagram_01,synthetic_instagram_01_post_0198,2025-09-06T03:00:00-04:00,38,1,2025-09-08T03:00:00-04:00,synthetic,synthetic_fixed_48h
facebook,synthetic_facebook_02,synthetic_facebook_02_post_0204,2025-09-06T04:00:00-04:00,35,4,2025-09-08T04:00:00-04:00,synthetic,synthetic_fixed_48h
instagram,synthetic_instagram_01,synthetic_instagram_01_post_0199,2025-09-06T05:00:00-04:00,36,4,2025-09-08T05:00:00-04:00,synthetic,synthetic_fixed_48h
instagram,synthetic_instagram_03,synthetic_instagram_03_post_0218,2025-09-06T07:00:00-04:00,92,9,2025-09-08T07:00:00-04:00,synthetic,synthetic_fixed_48h
instagram,synthetic_instagram_03,synthetic_instagram_03_post_0219,2025-09-06T12:00:00-04:00,43,6,2025-09-08T12:00:00-04:00,synthetic,synthetic_fixed_48h
instagram,synthetic_instagram_01,synthetic_instagram_01_post_0200,2025-09-06T15:00:00-04:00,45,4,2025-09-08T15:00:00-04:00,synthetic,synthetic_fixed_48h
facebook,synthetic_facebook_02,synthetic_facebook_02_post_0205,2025-09-07T01:00:00-04:00,50,7,2025-09-09T01:00:00-04:00,synthetic,synthetic_fixed_48h
instagram,synthetic_instagram_03,synthetic_instagram_03_post_0220,2025-09-07T06:00:00-04:00,77,6,2025-09-09T06:00:00-04:00,synthetic,synthetic_fixed_48h
instagram,synthetic_instagram_03,synthetic_instagram_03_post_0221,2025-09-07T07:00:00-04:00,94,9,2025-09-09T07:00:00-04:00,synthetic,synthetic_fixed_48h
instagram,synthetic_instagram_02,synthetic_instagram_02_post_0224,2025-09-07T21:00:00-04:00,81,7,2025-09-09T21:00:00-04:00,synthetic,synthetic_fixed_48h
facebook,synthetic_facebook_03,synthetic_facebook_03_post_0200,2025-09-07T23:00:00-04:00,75,6,2025-09-09T23:00:00-04:00,synthetic,synthetic_fixed_48h
instagram,synthetic_instagram_02,synthetic_instagram_02_post_0225,2025-09-08T00:00:00-04:00,42,2,2025-09-10T00:00:00-04:00,synthetic,synthetic_fixed_48h
instagram,synthetic_instagram_01,synthetic_instagram_01_post_0201,2025-09-08T04:00:00-04:00,41,7,2025-09-10T04:00:00-04:00,synthetic,synthetic_fixed_48h
facebook,synthetic_facebook_03,synthetic_facebook_03_post_0201,2025-09-08T05:00:00-04:00,40,3,2025-09-10T05:00:00-04:00,synthetic,synthetic_fixed_48h
facebook,synthetic_facebook_02,synthetic_facebook_02_post_0206,2025-09-08T09:00:00-04:00,60,5,2025-09-10T09:00:00-04:00,synthetic,synthetic_fixed_48h
instagram,synthetic_instagram_01,synthetic_instagram_01_post_0202,2025-09-08T17:00:00-04:00,68,10,2025-09-10T17:00:00-04:00,synthetic,synthetic_fixed_48h
facebook,synthetic_facebook_03,synthetic_facebook_03_post_0202,2025-09-08T20:00:00-04:00,197,11,2025-09-10T20:00:00-04:00,synthetic,synthetic_fixed_48h
instagram,synthetic_instagram_02,synthetic_instagram_02_post_0226,2025-09-08T21:00:00-04:00,68,6,2025-09-10T21:00:00-04:00,synthetic,synthetic_fixed_48h
instagram,synthetic_instagram_02,synthetic_instagram_02_post_0227,2025-09-09T02:00:00-04:00,49,1,2025-09-11T02:00:00-04:00,synthetic,synthetic_fixed_48h
instagram,synthetic_instagram_02,synthetic_instagram_02_post_0228,2025-09-09T05:00:00-04:00,48,7,2025-09-11T05:00:00-04:00,synthetic,synthetic_fixed_48h
instagram,synthetic_instagram_01,synthetic_instagram_01_post_0203,2025-09-09T14:00:00-04:00,91,5,2025-09-11T14:00:00-04:00,synthetic,synthetic_fixed_48h
instagram,synthetic_instagram_01,synthetic_instagram_01_post_0204,2025-09-09T15:00:00-04:00,72,9,2025-09-11T15:00:00-04:00,synthetic,synthetic_fixed_48h
facebook,synthetic_facebook_02,synthetic_facebook_02_post_0207,2025-09-09T19:00:00-04:00,67,3,2025-09-11T19:00:00-04:00,synthetic,synthetic_fixed_48h
facebook,synthetic_facebook_03,synthetic_facebook_03_post_0203,2025-09-10T11:00:00-04:00,66,5,2025-09-12T11:00:00-04:00,synthetic,synthetic_fixed_48h
instagram,synthetic_instagram_03,synthetic_instagram_03_post_0222,2025-09-10T15:00:00-04:00,92,6,2025-09-12T15:00:00-04:00,synthetic,synthetic_fixed_48h
facebook,synthetic_facebook_02,synthetic_facebook_02_post_0208,2025-09-10T18:00:00-04:00,76,5,2025-09-12T18:00:00-04:00,synthetic,synthetic_fixed_48h
instagram,synthetic_instagram_03,synthetic_instagram_03_post_0223,2025-09-10T18:00:00-04:00,96,7,2025-09-12T18:00:00-04:00,synthetic,synthetic_fixed_48h
facebook,synthetic_facebook_02,synthetic_facebook_02_post_0209,2025-09-11T07:00:00-04:00,66,5,2025-09-13T07:00:00-04:00,synthetic,synthetic_fixed_48h
facebook,synthetic_facebook_01,synthetic_facebook_01_post_0206,2025-09-11T11:00:00-04:00,49,2,2025-09-13T11:00:00-04:00,synthetic,synthetic_fixed_48h
facebook,synthetic_facebook_02,synthetic_facebook_02_post_0210,2025-09-12T00:00:00-04:00,49,0,2025-09-14T00:00:00-04:00,synthetic,synthetic_fixed_48h
facebook,synthetic_facebook_03,synthetic_facebook_03_post_0204,2025-09-12T00:00:00-04:00,188,10,2025-09-14T00:00:00-04:00,synthetic,synthetic_fixed_48h
instagram,synthetic_instagram_01,synthetic_instagram_01_post_0205,2025-09-12T06:00:00-04:00,45,4,2025-09-14T06:00:00-04:00,synthetic,synthetic_fixed_48h
facebook,synthetic_facebook_03,synthetic_facebook_03_post_0205,2025-09-12T12:00:00-04:00,86,5,2025-09-14T12:00:00-04:00,synthetic,synthetic_fixed_48h
facebook,synthetic_facebook_03,synthetic_facebook_03_post_0206,2025-09-12T16:00:00-04:00,71,2,2025-09-14T16:00:00-04:00,synthetic,synthetic_fixed_48h
facebook,synthetic_facebook_02,synthetic_facebook_02_post_0211,2025-09-13T22:00:00-04:00,41,7,2025-09-15T22:00:00-04:00,synthetic,synthetic_fixed_48h
facebook,synthetic_facebook_02,synthetic_facebook_02_post_0212,2025-09-14T08:00:00-04:00,57,5,2025-09-16T08:00:00-04:00,synthetic,synthetic_fixed_48h
facebook,synthetic_facebook_03,synthetic_facebook_03_post_0207,2025-09-14T10:00:00-04:00,21,1,2025-09-16T10:00:00-04:00,synthetic,synthetic_fixed_48h
facebook,synthetic_facebook_01,synthetic_facebook_01_post_0207,2025-09-15T02:00:00-04:00,16,5,2025-09-17T02:00:00-04:00,synthetic,synthetic_fixed_48h
facebook,synthetic_facebook_03,synthetic_facebook_03_post_0208,2025-09-15T17:00:00-04:00,95,4,2025-09-17T17:00:00-04:00,synthetic,synthetic_fixed_48h
facebook,synthetic_facebook_02,synthetic_facebook_02_post_0213,2025-09-15T19:00:00-04:00,39,3,2025-09-17T19:00:00-04:00,synthetic,synthetic_fixed_48h
instagram,synthetic_instagram_01,synthetic_instagram_01_post_0206,2025-09-15T22:00:00-04:00,22,4,2025-09-17T22:00:00-04:00,synthetic,synthetic_fixed_48h
instagram,synthetic_instagram_03,synthetic_instagram_03_post_0224,2025-09-16T05:00:00-04:00,80,9,2025-09-18T05:00:00-04:00,synthetic,synthetic_fixed_48h
instagram,synthetic_instagram_03,synthetic_instagram_03_post_0225,2025-09-16T14:00:00-04:00,65,6,2025-09-18T14:00:00-04:00,synthetic,synthetic_fixed_48h
facebook,synthetic_facebook_03,synthetic_facebook_03_post_0209,2025-09-16T23:00:00-04:00,65,5,2025-09-18T23:00:00-04:00,synthetic,synthetic_fixed_48h
instagram,synthetic_instagram_01,synthetic_instagram_01_post_0207,2025-09-17T02:00:00-04:00,45,3,2025-09-19T02:00:00-04:00,synthetic,synthetic_fixed_48h
facebook,synthetic_facebook_03,synthetic_facebook_03_post_0210,2025-09-17T07:00:00-04:00,31,3,2025-09-19T07:00:00-04:00,synthetic,synthetic_fixed_48h
facebook,synthetic_facebook_01,synthetic_facebook_01_post_0208,2025-09-17T17:00:00-04:00,27,2,2025-09-19T17:00:00-04:00,synthetic,synthetic_fixed_48h
instagram,synthetic_instagram_01,synthetic_instagram_01_post_0208,2025-09-17T21:00:00-04:00,31,2,2025-09-19T21:00:00-04:00,synthetic,synthetic_fixed_48h
facebook,synthetic_facebook_02,synthetic_facebook_02_post_0214,2025-09-17T22:00:00-04:00,34,0,2025-09-19T22:00:00-04:00,synthetic,synthetic_fixed_48h
instagram,synthetic_instagram_03,synthetic_instagram_03_post_0226,2025-09-18T06:00:00-04:00,58,5,2025-09-20T06:00:00-04:00,synthetic,synthetic_fixed_48h
facebook,synthetic_facebook_01,synthetic_facebook_01_post_0209,2025-09-18T12:00:00-04:00,39,4,2025-09-20T12:00:00-04:00,synthetic,synthetic_fixed_48h
facebook,synthetic_facebook_02,synthetic_facebook_02_post_0215,2025-09-18T19:00:00-04:00,116,5,2025-09-20T19:00:00-04:00,synthetic,synthetic_fixed_48h
facebook,synthetic_facebook_02,synthetic_facebook_02_post_0216,2025-09-18T21:00:00-04:00,28,0,2025-09-20T21:00:00-04:00,synthetic,synthetic_fixed_48h
facebook,synthetic_facebook_03,synthetic_facebook_03_post_0211,2025-09-19T21:00:00-04:00,98,7,2025-09-21T21:00:00-04:00,synthetic,synthetic_fixed_48h
facebook,synthetic_facebook_03,synthetic_facebook_03_post_0212,2025-09-19T23:00:00-04:00,60,1,2025-09-21T23:00:00-04:00,synthetic,synthetic_fixed_48h
facebook,synthetic_facebook_01,synthetic_facebook_01_post_0210,2025-09-20T00:00:00-04:00,29,6,2025-09-22T00:00:00-04:00,synthetic,synthetic_fixed_48h
instagram,synthetic_instagram_02,synthetic_instagram_02_post_0229,2025-09-20T01:00:00-04:00,32,0,2025-09-22T01:00:00-04:00,synthetic,synthetic_fixed_48h
instagram,synthetic_instagram_02,synthetic_instagram_02_post_0230,2025-09-20T03:00:00-04:00,25,2,2025-09-22T03:00:00-04:00,synthetic,synthetic_fixed_48h
instagram,synthetic_instagram_01,synthetic_instagram_01_post_0209,2025-09-20T04:00:00-04:00,40,1,2025-09-22T04:00:00-04:00,synthetic,synthetic_fixed_48h
instagram,synthetic_instagram_02,synthetic_instagram_02_post_0231,2025-09-20T16:00:00-04:00,118,10,2025-09-22T16:00:00-04:00,synthetic,synthetic_fixed_48h
instagram,synthetic_instagram_03,synthetic_instagram_03_post_0227,2025-09-20T16:00:00-04:00,96,10,2025-09-22T16:00:00-04:00,synthetic,synthetic_fixed_48h
instagram,synthetic_instagram_01,synthetic_instagram_01_post_0210,2025-09-20T19:00:00-04:00,52,3,2025-09-22T19:00:00-04:00,synthetic,synthetic_fixed_48h
instagram,synthetic_instagram_03,synthetic_instagram_03_post_0228,2025-09-20T23:00:00-04:00,196,17,2025-09-22T23:00:00-04:00,synthetic,synthetic_fixed_48h
facebook,synthetic_facebook_01,synthetic_facebook_01_post_0211,2025-09-21T03:00:00-04:00,36,2,2025-09-23T03:00:00-04:00,synthetic,synthetic_fixed_48h
instagram,synthetic_instagram_02,synthetic_instagram_02_post_0232,2025-09-21T04:00:00-04:00,52,4,2025-09-23T04:00:00-04:00,synthetic,synthetic_fixed_48h
facebook,synthetic_facebook_01,synthetic_facebook_01_post_0212,2025-09-21T10:00:00-04:00,84,3,2025-09-23T10:00:00-04:00,synthetic,synthetic_fixed_48h
instagram,synthetic_instagram_03,synthetic_instagram_03_post_0229,2025-09-22T01:00:00-04:00,132,9,2025-09-24T01:00:00-04:00,synthetic,synthetic_fixed_48h
instagram,synthetic_instagram_01,synthetic_instagram_01_post_0211,2025-09-22T05:00:00-04:00,58,1,2025-09-24T05:00:00-04:00,synthetic,synthetic_fixed_48h
instagram,synthetic_instagram_03,synthetic_instagram_03_post_0230,2025-09-22T05:00:00-04:00,106,7,2025-09-24T05:00:00-04:00,synthetic,synthetic_fixed_48h
facebook,synthetic_facebook_03,synthetic_facebook_03_post_0213,2025-09-22T09:00:00-04:00,32,3,2025-09-24T09:00:00-04:00,synthetic,synthetic_fixed_48h
facebook,synthetic_facebook_01,synthetic_facebook_01_post_0213,2025-09-22T23:00:00-04:00,34,0,2025-09-24T23:00:00-04:00,synthetic,synthetic_fixed_48h
instagram,synthetic_instagram_03,synthetic_instagram_03_post_0231,2025-09-22T23:00:00-04:00,94,7,2025-09-24T23:00:00-04:00,synthetic,synthetic_fixed_48h
facebook,synthetic_facebook_02,synthetic_facebook_02_post_0217,2025-09-23T04:00:00-04:00,40,4,2025-09-25T04:00:00-04:00,synthetic,synthetic_fixed_48h
facebook,synthetic_facebook_01,synthetic_facebook_01_post_0214,2025-09-23T08:00:00-04:00,138,10,2025-09-25T08:00:00-04:00,synthetic,synthetic_fixed_48h
facebook,synthetic_facebook_01,synthetic_facebook_01_post_0215,2025-09-23T12:00:00-04:00,47,4,2025-09-25T12:00:00-04:00,synthetic,synthetic_fixed_48h
facebook,synthetic_facebook_02,synthetic_facebook_02_post_0218,2025-09-23T17:00:00-04:00,70,4,2025-09-25T17:00:00-04:00,synthetic,synthetic_fixed_48h
instagram,synthetic_instagram_03,synthetic_instagram_03_post_0232,2025-09-23T23:00:00-04:00,118,8,2025-09-25T23:00:00-04:00,synthetic,synthetic_fixed_48h
instagram,synthetic_instagram_03,synthetic_instagram_03_post_0233,2025-09-24T08:00:00-04:00,63,7,2025-09-26T08:00:00-04:00,synthetic,synthetic_fixed_48h
instagram,synthetic_instagram_03,synthetic_instagram_03_post_0234,2025-09-24T15:00:00-04:00,63,8,2025-09-26T15:00:00-04:00,synthetic,synthetic_fixed_48h
facebook,synthetic_facebook_02,synthetic_facebook_02_post_0219,2025-09-25T02:00:00-04:00,29,0,2025-09-27T02:00:00-04:00,synthetic,synthetic_fixed_48h
instagram,synthetic_instagram_02,synthetic_instagram_02_post_0233,2025-09-25T03:00:00-04:00,55,0,2025-09-27T03:00:00-04:00,synthetic,synthetic_fixed_48h
facebook,synthetic_facebook_01,synthetic_facebook_01_post_0216,2025-09-25T06:00:00-04:00,39,0,2025-09-27T06:00:00-04:00,synthetic,synthetic_fixed_48h
facebook,synthetic_facebook_01,synthetic_facebook_01_post_0217,2025-09-25T10:00:00-04:00,50,7,2025-09-27T10:00:00-04:00,synthetic,synthetic_fixed_48h
instagram,synthetic_instagram_02,synthetic_instagram_02_post_0234,2025-09-25T20:00:00-04:00,119,10,2025-09-27T20:00:00-04:00,synthetic,synthetic_fixed_48h
instagram,synthetic_instagram_01,synthetic_instagram_01_post_0212,2025-09-26T12:00:00-04:00,49,6,2025-09-28T12:00:00-04:00,synthetic,synthetic_fixed_48h
instagram,synthetic_instagram_02,synthetic_instagram_02_post_0235,2025-09-26T13:00:00-04:00,124,7,2025-09-28T13:00:00-04:00,synthetic,synthetic_fixed_48h
instagram,synthetic_instagram_02,synthetic_instagram_02_post_0236,2025-09-26T18:00:00-04:00,229,20,2025-09-28T18:00:00-04:00,synthetic,synthetic_fixed_48h
facebook,synthetic_facebook_02,synthetic_facebook_02_post_0220,2025-09-27T05:00:00-04:00,27,0,2025-09-29T05:00:00-04:00,synthetic,synthetic_fixed_48h
facebook,synthetic_facebook_02,synthetic_facebook_02_post_0221,2025-09-27T07:00:00-04:00,38,3,2025-09-29T07:00:00-04:00,synthetic,synthetic_fixed_48h
instagram,synthetic_instagram_01,synthetic_instagram_01_post_0213,2025-09-27T12:00:00-04:00,36,0,2025-09-29T12:00:00-04:00,synthetic,synthetic_fixed_48h
facebook,synthetic_facebook_01,synthetic_facebook_01_post_0218,2025-09-27T18:00:00-04:00,19,0,2025-09-29T18:00:00-04:00,synthetic,synthetic_fixed_48h
instagram,synthetic_instagram_01,synthetic_instagram_01_post_0214,2025-09-27T23:00:00-04:00,29,4,2025-09-29T23:00:00-04:00,synthetic,synthetic_fixed_48h
facebook,synthetic_facebook_01,synthetic_facebook_01_post_0219,2025-09-28T05:00:00-04:00,57,3,2025-09-30T05:00:00-04:00,synthetic,synthetic_fixed_48h
facebook,synthetic_facebook_03,synthetic_facebook_03_post_0214,2025-09-28T09:00:00-04:00,8,0,2025-09-30T09:00:00-04:00,synthetic,synthetic_fixed_48h
instagram,synthetic_instagram_03,synthetic_instagram_03_post_0235,2025-09-28T10:00:00-04:00,65,7,2025-09-30T10:00:00-04:00,synthetic,synthetic_fixed_48h
facebook,synthetic_facebook_01,synthetic_facebook_01_post_0220,2025-09-28T22:00:00-04:00,26,3,2025-09-30T22:00:00-04:00,synthetic,synthetic_fixed_48h
facebook,synthetic_facebook_01,synthetic_facebook_01_post_0221,2025-09-29T00:00:00-04:00,25,1,2025-10-01T00:00:00-04:00,synthetic,synthetic_fixed_48h
facebook,synthetic_facebook_01,synthetic_facebook_01_post_0222,2025-09-29T07:00:00-04:00,76,5,2025-10-01T07:00:00-04:00,synthetic,synthetic_fixed_48h
instagram,synthetic_instagram_02,synthetic_instagram_02_post_0237,2025-09-29T12:00:00-04:00,45,2,2025-10-01T12:00:00-04:00,synthetic,synthetic_fixed_48h
facebook,synthetic_facebook_02,synthetic_facebook_02_post_0222,2025-09-29T19:00:00-04:00,58,0,2025-10-01T19:00:00-04:00,synthetic,synthetic_fixed_48h
instagram,synthetic_instagram_02,synthetic_instagram_02_post_0238,2025-09-29T20:00:00-04:00,107,7,2025-10-01T20:00:00-04:00,synthetic,synthetic_fixed_48h
instagram,synthetic_instagram_02,synthetic_instagram_02_post_0239,2025-09-30T04:00:00-04:00,22,5,2025-10-02T04:00:00-04:00,synthetic,synthetic_fixed_48h
instagram,synthetic_instagram_02,synthetic_instagram_02_post_0240,2025-09-30T07:00:00-04:00,50,5,2025-10-02T07:00:00-04:00,synthetic,synthetic_fixed_48h
facebook,synthetic_facebook_01,synthetic_facebook_01_post_0223,2025-09-30T19:00:00-04:00,25,3,2025-10-02T19:00:00-04:00,synthetic,synthetic_fixed_48h
facebook,synthetic_facebook_03,synthetic_facebook_03_post_0215,2025-10-01T04:00:00-04:00,13,2,2025-10-03T04:00:00-04:00,synthetic,synthetic_fixed_48h
instagram,synthetic_instagram_03,synthetic_instagram_03_post_0236,2025-10-01T08:00:00-04:00,37,4,2025-10-03T08:00:00-04:00,synthetic,synthetic_fixed_48h
facebook,synthetic_facebook_03,synthetic_facebook_03_post_0216,2025-10-01T12:00:00-04:00,13,1,2025-10-03T12:00:00-04:00,synthetic,synthetic_fixed_48h
facebook,synthetic_facebook_01,synthetic_facebook_01_post_0224,2025-10-01T15:00:00-04:00,31,3,2025-10-03T15:00:00-04:00,synthetic,synthetic_fixed_48h
instagram,synthetic_instagram_03,synthetic_instagram_03_post_0237,2025-10-01T18:00:00-04:00,96,8,2025-10-03T18:00:00-04:00,synthetic,synthetic_fixed_48h
instagram,synthetic_instagram_02,synthetic_instagram_02_post_0241,2025-10-01T19:00:00-04:00,132,11,2025-10-03T19:00:00-04:00,synthetic,synthetic_fixed_48h
facebook,synthetic_facebook_03,synthetic_facebook_03_post_0217,2025-10-01T21:00:00-04:00,70,4,2025-10-03T21:00:00-04:00,synthetic,synthetic_fixed_48h
facebook,synthetic_facebook_02,synthetic_facebook_02_post_0223,2025-10-02T02:00:00-04:00,58,5,2025-10-04T02:00:00-04:00,synthetic,synthetic_fixed_48h
facebook,synthetic_facebook_03,synthetic_facebook_03_post_0218,2025-10-02T07:00:00-04:00,31,1,2025-10-04T07:00:00-04:00,synthetic,synthetic_fixed_48h
instagram,synthetic_instagram_02,synthetic_instagram_02_post_0242,2025-10-02T11:00:00-04:00,43,3,2025-10-04T11:00:00-04:00,synthetic,synthetic_fixed_48h
facebook,synthetic_facebook_01,synthetic_facebook_01_post_0225,2025-10-02T12:00:00-04:00,35,5,2025-10-04T12:00:00-04:00,synthetic,synthetic_fixed_48h
instagram,synthetic_instagram_03,synthetic_instagram_03_post_0238,2025-10-02T13:00:00-04:00,41,5,2025-10-04T13:00:00-04:00,synthetic,synthetic_fixed_48h
instagram,synthetic_instagram_01,synthetic_instagram_01_post_0215,2025-10-02T15:00:00-04:00,52,7,2025-10-04T15:00:00-04:00,synthetic,synthetic_fixed_48h
instagram,synthetic_instagram_02,synthetic_instagram_02_post_0243,2025-10-02T15:00:00-04:00,72,2,2025-10-04T15:00:00-04:00,synthetic,synthetic_fixed_48h
facebook,synthetic_facebook_02,synthetic_facebook_02_post_0224,2025-10-02T20:00:00-04:00,41,4,2025-10-04T20:00:00-04:00,synthetic,synthetic_fixed_48h
facebook,synthetic_facebook_02,synthetic_facebook_02_post_0225,2025-10-03T12:00:00-04:00,58,3,2025-10-05T12:00:00-04:00,synthetic,synthetic_fixed_48h
facebook,synthetic_facebook_02,synthetic_facebook_02_post_0226,2025-10-03T15:00:00-04:00,68,5,2025-10-05T15:00:00-04:00,synthetic,synthetic_fixed_48h
facebook,synthetic_facebook_01,synthetic_facebook_01_post_0226,2025-10-03T18:00:00-04:00,12,0,2025-10-05T18:00:00-04:00,synthetic,synthetic_fixed_48h
instagram,synthetic_instagram_03,synthetic_instagram_03_post_0239,2025-10-03T19:00:00-04:00,222,18,2025-10-05T19:00:00-04:00,synthetic,synthetic_fixed_48h
instagram,synthetic_instagram_03,synthetic_instagram_03_post_0240,2025-10-03T21:00:00-04:00,101,15,2025-10-05T21:00:00-04:00,synthetic,synthetic_fixed_48h
instagram,synthetic_instagram_01,synthetic_instagram_01_post_0216,2025-10-03T22:00:00-04:00,18,5,2025-10-05T22:00:00-04:00,synthetic,synthetic_fixed_48h
facebook,synthetic_facebook_03,synthetic_facebook_03_post_0219,2025-10-04T01:00:00-04:00,50,1,2025-10-06T01:00:00-04:00,synthetic,synthetic_fixed_48h
instagram,synthetic_instagram_02,synthetic_instagram_02_post_0244,2025-10-04T04:00:00-04:00,30,3,2025-10-06T04:00:00-04:00,synthetic,synthetic_fixed_48h
instagram,synthetic_instagram_02,synthetic_instagram_02_post_0245,2025-10-04T09:00:00-04:00,49,4,2025-10-06T09:00:00-04:00,synthetic,synthetic_fixed_48h
facebook,synthetic_facebook_03,synthetic_facebook_03_post_0220,2025-10-04T10:00:00-04:00,14,0,2025-10-06T10:00:00-04:00,synthetic,synthetic_fixed_48h
instagram,synthetic_instagram_03,synthetic_instagram_03_post_0241,2025-10-04T11:00:00-04:00,131,11,2025-10-06T11:00:00-04:00,synthetic,synthetic_fixed_48h
facebook,synthetic_facebook_01,synthetic_facebook_01_post_0227,2025-10-04T14:00:00-04:00,48,3,2025-10-06T14:00:00-04:00,synthetic,synthetic_fixed_48h
facebook,synthetic_facebook_01,synthetic_facebook_01_post_0228,2025-10-05T03:00:00-04:00,47,3,2025-10-07T03:00:00-04:00,synthetic,synthetic_fixed_48h
facebook,synthetic_facebook_01,synthetic_facebook_01_post_0229,2025-10-05T09:00:00-04:00,75,8,2025-10-07T09:00:00-04:00,synthetic,synthetic_fixed_48h
facebook,synthetic_facebook_03,synthetic_facebook_03_post_0221,2025-10-05T11:00:00-04:00,36,3,2025-10-07T11:00:00-04:00,synthetic,synthetic_fixed_48h
instagram,synthetic_instagram_03,synthetic_instagram_03_post_0242,2025-10-05T14:00:00-04:00,99,7,2025-10-07T14:00:00-04:00,synthetic,synthetic_fixed_48h
instagram,synthetic_instagram_01,synthetic_instagram_01_post_0217,2025-10-05T16:00:00-04:00,63,9,2025-10-07T16:00:00-04:00,synthetic,synthetic_fixed_48h
facebook,synthetic_facebook_02,synthetic_facebook_02_post_0227,2025-10-06T00:00:00-04:00,21,0,2025-10-08T00:00:00-04:00,synthetic,synthetic_fixed_48h
instagram,synthetic_instagram_03,synthetic_instagram_03_post_0243,2025-10-06T07:00:00-04:00,67,5,2025-10-08T07:00:00-04:00,synthetic,synthetic_fixed_48h
instagram,synthetic_instagram_02,synthetic_instagram_02_post_0246,2025-10-06T08:00:00-04:00,20,0,2025-10-08T08:00:00-04:00,synthetic,synthetic_fixed_48h
facebook,synthetic_facebook_02,synthetic_facebook_02_post_0228,2025-10-06T11:00:00-04:00,57,5,2025-10-08T11:00:00-04:00,synthetic,synthetic_fixed_48h
facebook,synthetic_facebook_02,synthetic_facebook_02_post_0229,2025-10-06T19:00:00-04:00,35,2,2025-10-08T19:00:00-04:00,synthetic,synthetic_fixed_48h
facebook,synthetic_facebook_02,synthetic_facebook_02_post_0230,2025-10-07T12:00:00-04:00,70,4,2025-10-09T12:00:00-04:00,synthetic,synthetic_fixed_48h
facebook,synthetic_facebook_03,synthetic_facebook_03_post_0222,2025-10-07T17:00:00-04:00,56,5,2025-10-09T17:00:00-04:00,synthetic,synthetic_fixed_48h
instagram,synthetic_instagram_03,synthetic_instagram_03_post_0244,2025-10-08T00:00:00-04:00,118,10,2025-10-10T00:00:00-04:00,synthetic,synthetic_fixed_48h
facebook,synthetic_facebook_03,synthetic_facebook_03_post_0223,2025-10-08T10:00:00-04:00,70,1,2025-10-10T10:00:00-04:00,synthetic,synthetic_fixed_48h
facebook,synthetic_facebook_02,synthetic_facebook_02_post_0231,2025-10-08T14:00:00-04:00,41,3,2025-10-10T14:00:00-04:00,synthetic,synthetic_fixed_48h
instagram,synthetic_instagram_03,synthetic_instagram_03_post_0245,2025-10-09T00:00:00-04:00,132,6,2025-10-11T00:00:00-04:00,synthetic,synthetic_fixed_48h
instagram,synthetic_instagram_02,synthetic_instagram_02_post_0247,2025-10-09T01:00:00-04:00,42,2,2025-10-11T01:00:00-04:00,synthetic,synthetic_fixed_48h
instagram,synthetic_instagram_01,synthetic_instagram_01_post_0218,2025-10-09T06:00:00-04:00,35,1,2025-10-11T06:00:00-04:00,synthetic,synthetic_fixed_48h
instagram,synthetic_instagram_01,synthetic_instagram_01_post_0219,2025-10-09T10:00:00-04:00,70,5,2025-10-11T10:00:00-04:00,synthetic,synthetic_fixed_48h
instagram,synthetic_instagram_03,synthetic_instagram_03_post_0246,2025-10-09T17:00:00-04:00,153,11,2025-10-11T17:00:00-04:00,synthetic,synthetic_fixed_48h
instagram,synthetic_instagram_03,synthetic_instagram_03_post_0247,2025-10-09T19:00:00-04:00,119,9,2025-10-11T19:00:00-04:00,synthetic,synthetic_fixed_48h
instagram,synthetic_instagram_02,synthetic_instagram_02_post_0248,2025-10-10T01:00:00-04:00,33,0,2025-10-12T01:00:00-04:00,synthetic,synthetic_fixed_48h
facebook,synthetic_facebook_01,synthetic_facebook_01_post_0230,2025-10-10T02:00:00-04:00,23,0,2025-10-12T02:00:00-04:00,synthetic,synthetic_fixed_48h
instagram,synthetic_instagram_01,synthetic_instagram_01_post_0220,2025-10-10T10:00:00-04:00,82,2,2025-10-12T10:00:00-04:00,synthetic,synthetic_fixed_48h
facebook,synthetic_facebook_01,synthetic_facebook_01_post_0231,2025-10-10T16:00:00-04:00,38,0,2025-10-12T16:00:00-04:00,synthetic,synthetic_fixed_48h
instagram,synthetic_instagram_01,synthetic_instagram_01_post_0221,2025-10-10T18:00:00-04:00,45,3,2025-10-12T18:00:00-04:00,synthetic,synthetic_fixed_48h
instagram,synthetic_instagram_02,synthetic_instagram_02_post_0249,2025-10-10T18:00:00-04:00,91,8,2025-10-12T18:00:00-04:00,synthetic,synthetic_fixed_48h
facebook,synthetic_facebook_02,synthetic_facebook_02_post_0232,2025-10-10T19:00:00-04:00,39,4,2025-10-12T19:00:00-04:00,synthetic,synthetic_fixed_48h
instagram,synthetic_instagram_01,synthetic_instagram_01_post_0222,2025-10-10T20:00:00-04:00,39,4,2025-10-12T20:00:00-04:00,synthetic,synthetic_fixed_48h
facebook,synthetic_facebook_02,synthetic_facebook_02_post_0233,2025-10-10T22:00:00-04:00,14,4,2025-10-12T22:00:00-04:00,synthetic,synthetic_fixed_48h
facebook,synthetic_facebook_02,synthetic_facebook_02_post_0234,2025-10-10T23:00:00-04:00,10,1,2025-10-12T23:00:00-04:00,synthetic,synthetic_fixed_48h
instagram,synthetic_instagram_03,synthetic_instagram_03_post_0248,2025-10-11T21:00:00-04:00,78,6,2025-10-13T21:00:00-04:00,synthetic,synthetic_fixed_48h
facebook,synthetic_facebook_01,synthetic_facebook_01_post_0232,2025-10-12T00:00:00-04:00,30,2,2025-10-14T00:00:00-04:00,synthetic,synthetic_fixed_48h
instagram,synthetic_instagram_02,synthetic_instagram_02_post_0250,2025-10-12T00:00:00-04:00,37,0,2025-10-14T00:00:00-04:00,synthetic,synthetic_fixed_48h
facebook,synthetic_facebook_03,synthetic_facebook_03_post_0224,2025-10-12T03:00:00-04:00,36,2,2025-10-14T03:00:00-04:00,synthetic,synthetic_fixed_48h
instagram,synthetic_instagram_03,synthetic_instagram_03_post_0249,2025-10-12T04:00:00-04:00,91,5,2025-10-14T04:00:00-04:00,synthetic,synthetic_fixed_48h
facebook,synthetic_facebook_01,synthetic_facebook_01_post_0233,2025-10-12T08:00:00-04:00,59,1,2025-10-14T08:00:00-04:00,synthetic,synthetic_fixed_48h
facebook,synthetic_facebook_02,synthetic_facebook_02_post_0235,2025-10-12T10:00:00-04:00,38,4,2025-10-14T10:00:00-04:00,synthetic,synthetic_fixed_48h
instagram,synthetic_instagram_01,synthetic_instagram_01_post_0223,2025-10-12T21:00:00-04:00,28,5,2025-10-14T21:00:00-04:00,synthetic,synthetic_fixed_48h
instagram,synthetic_instagram_02,synthetic_instagram_02_post_0251,2025-10-12T22:00:00-04:00,89,8,2025-10-14T22:00:00-04:00,synthetic,synthetic_fixed_48h
instagram,synthetic_instagram_03,synthetic_instagram_03_post_0250,2025-10-13T06:00:00-04:00,90,8,2025-10-15T06:00:00-04:00,synthetic,synthetic_fixed_48h
instagram,synthetic_instagram_03,synthetic_instagram_03_post_0251,2025-10-13T17:00:00-04:00,104,9,2025-10-15T17:00:00-04:00,synthetic,synthetic_fixed_48h
facebook,synthetic_facebook_02,synthetic_facebook_02_post_0236,2025-10-13T23:00:00-04:00,31,5,2025-10-15T23:00:00-04:00,synthetic,synthetic_fixed_48h
facebook,synthetic_facebook_01,synthetic_facebook_01_post_0234,2025-10-14T22:00:00-04:00,35,1,2025-10-16T22:00:00-04:00,synthetic,synthetic_fixed_48h
instagram,synthetic_instagram_03,synthetic_instagram_03_post_0252,2025-10-15T05:00:00-04:00,68,7,2025-10-17T05:00:00-04:00,synthetic,synthetic_fixed_48h
instagram,synthetic_instagram_01,synthetic_instagram_01_post_0224,2025-10-15T08:00:00-04:00,54,4,2025-10-17T08:00:00-04:00,synthetic,synthetic_fixed_48h
facebook,synthetic_facebook_01,synthetic_facebook_01_post_0235,2025-10-15T19:00:00-04:00,15,1,2025-10-17T19:00:00-04:00,synthetic,synthetic_fixed_48h
instagram,synthetic_instagram_03,synthetic_instagram_03_post_0253,2025-10-16T03:00:00-04:00,106,5,2025-10-18T03:00:00-04:00,synthetic,synthetic_fixed_48h
facebook,synthetic_facebook_01,synthetic_facebook_01_post_0236,2025-10-16T04:00:00-04:00,26,0,2025-10-18T04:00:00-04:00,synthetic,synthetic_fixed_48h
instagram,synthetic_instagram_02,synthetic_instagram_02_post_0252,2025-10-16T05:00:00-04:00,48,6,2025-10-18T05:00:00-04:00,synthetic,synthetic_fixed_48h
instagram,synthetic_instagram_02,synthetic_instagram_02_post_0253,2025-10-16T09:00:00-04:00,82,10,2025-10-18T09:00:00-04:00,synthetic,synthetic_fixed_48h
facebook,synthetic_facebook_01,synthetic_facebook_01_post_0237,2025-10-16T11:00:00-04:00,53,3,2025-10-18T11:00:00-04:00,synthetic,synthetic_fixed_48h
facebook,synthetic_facebook_02,synthetic_facebook_02_post_0237,2025-10-16T17:00:00-04:00,81,7,2025-10-18T17:00:00-04:00,synthetic,synthetic_fixed_48h
instagram,synthetic_instagram_02,synthetic_instagram_02_post_0254,2025-10-16T18:00:00-04:00,145,12,2025-10-18T18:00:00-04:00,synthetic,synthetic_fixed_48h
instagram,synthetic_instagram_02,synthetic_instagram_02_post_0255,2025-10-17T07:00:00-04:00,46,2,2025-10-19T07:00:00-04:00,synthetic,synthetic_fixed_48h
facebook,synthetic_facebook_03,synthetic_facebook_03_post_0225,2025-10-17T14:00:00-04:00,48,0,2025-10-19T14:00:00-04:00,synthetic,synthetic_fixed_48h
facebook,synthetic_facebook_03,synthetic_facebook_03_post_0226,2025-10-18T02:00:00-04:00,40,3,2025-10-20T02:00:00-04:00,synthetic,synthetic_fixed_48h
instagram,synthetic_instagram_01,synthetic_instagram_01_post_0225,2025-10-18T04:00:00-04:00,58,2,2025-10-20T04:00:00-04:00,synthetic,synthetic_fixed_48h
facebook,synthetic_facebook_03,synthetic_facebook_03_post_0227,2025-10-18T07:00:00-04:00,36,3,2025-10-20T07:00:00-04:00,synthetic,synthetic_fixed_48h
facebook,synthetic_facebook_01,synthetic_facebook_01_post_0238,2025-10-18T08:00:00-04:00,85,7,2025-10-20T08:00:00-04:00,synthetic,synthetic_fixed_48h
instagram,synthetic_instagram_03,synthetic_instagram_03_post_0254,2025-10-18T09:00:00-04:00,75,8,2025-10-20T09:00:00-04:00,synthetic,synthetic_fixed_48h
facebook,synthetic_facebook_01,synthetic_facebook_01_post_0239,2025-10-18T13:00:00-04:00,28,0,2025-10-20T13:00:00-04:00,synthetic,synthetic_fixed_48h
instagram,synthetic_instagram_01,synthetic_instagram_01_post_0226,2025-10-18T16:00:00-04:00,34,4,2025-10-20T16:00:00-04:00,synthetic,synthetic_fixed_48h
facebook,synthetic_facebook_03,synthetic_facebook_03_post_0228,2025-10-18T22:00:00-04:00,123,9,2025-10-20T22:00:00-04:00,synthetic,synthetic_fixed_48h
facebook,synthetic_facebook_01,synthetic_facebook_01_post_0240,2025-10-18T23:00:00-04:00,9,0,2025-10-20T23:00:00-04:00,synthetic,synthetic_fixed_48h
facebook,synthetic_facebook_03,synthetic_facebook_03_post_0229,2025-10-19T02:00:00-04:00,55,4,2025-10-21T02:00:00-04:00,synthetic,synthetic_fixed_48h
facebook,synthetic_facebook_03,synthetic_facebook_03_post_0230,2025-10-19T04:00:00-04:00,44,5,2025-10-21T04:00:00-04:00,synthetic,synthetic_fixed_48h
instagram,synthetic_instagram_02,synthetic_instagram_02_post_0256,2025-10-19T05:00:00-04:00,16,0,2025-10-21T05:00:00-04:00,synthetic,synthetic_fixed_48h
instagram,synthetic_instagram_03,synthetic_instagram_03_post_0255,2025-10-19T07:00:00-04:00,76,5,2025-10-21T07:00:00-04:00,synthetic,synthetic_fixed_48h
instagram,synthetic_instagram_03,synthetic_instagram_03_post_0256,2025-10-19T08:00:00-04:00,72,6,2025-10-21T08:00:00-04:00,synthetic,synthetic_fixed_48h
instagram,synthetic_instagram_02,synthetic_instagram_02_post_0257,2025-10-19T11:00:00-04:00,44,0,2025-10-21T11:00:00-04:00,synthetic,synthetic_fixed_48h
facebook,synthetic_facebook_03,synthetic_facebook_03_post_0231,2025-10-19T20:00:00-04:00,91,7,2025-10-21T20:00:00-04:00,synthetic,synthetic_fixed_48h
instagram,synthetic_instagram_01,synthetic_instagram_01_post_0227,2025-10-19T22:00:00-04:00,35,0,2025-10-21T22:00:00-04:00,synthetic,synthetic_fixed_48h
instagram,synthetic_instagram_02,synthetic_instagram_02_post_0258,2025-10-20T00:00:00-04:00,32,4,2025-10-22T00:00:00-04:00,synthetic,synthetic_fixed_48h
instagram,synthetic_instagram_01,synthetic_instagram_01_post_0228,2025-10-20T07:00:00-04:00,71,5,2025-10-22T07:00:00-04:00,synthetic,synthetic_fixed_48h
instagram,synthetic_instagram_01,synthetic_instagram_01_post_0229,2025-10-20T12:00:00-04:00,104,8,2025-10-22T12:00:00-04:00,synthetic,synthetic_fixed_48h
instagram,synthetic_instagram_03,synthetic_instagram_03_post_0257,2025-10-20T13:00:00-04:00,36,1,2025-10-22T13:00:00-04:00,synthetic,synthetic_fixed_48h
facebook,synthetic_facebook_01,synthetic_facebook_01_post_0241,2025-10-20T16:00:00-04:00,40,4,2025-10-22T16:00:00-04:00,synthetic,synthetic_fixed_48h
instagram,synthetic_instagram_01,synthetic_instagram_01_post_0230,2025-10-20T16:00:00-04:00,72,4,2025-10-22T16:00:00-04:00,synthetic,synthetic_fixed_48h
facebook,synthetic_facebook_03,synthetic_facebook_03_post_0232,2025-10-21T13:00:00-04:00,38,2,2025-10-23T13:00:00-04:00,synthetic,synthetic_fixed_48h
facebook,synthetic_facebook_02,synthetic_facebook_02_post_0238,2025-10-21T17:00:00-04:00,83,5,2025-10-23T17:00:00-04:00,synthetic,synthetic_fixed_48h
instagram,synthetic_instagram_03,synthetic_instagram_03_post_0258,2025-10-21T21:00:00-04:00,52,6,2025-10-23T21:00:00-04:00,synthetic,synthetic_fixed_48h
facebook,synthetic_facebook_02,synthetic_facebook_02_post_0239,2025-10-22T07:00:00-04:00,42,0,2025-10-24T07:00:00-04:00,synthetic,synthetic_fixed_48h
instagram,synthetic_instagram_02,synthetic_instagram_02_post_0259,2025-10-22T10:00:00-04:00,47,6,2025-10-24T10:00:00-04:00,synthetic,synthetic_fixed_48h
instagram,synthetic_instagram_01,synthetic_instagram_01_post_0231,2025-10-22T16:00:00-04:00,63,4,2025-10-24T16:00:00-04:00,synthetic,synthetic_fixed_48h
facebook,synthetic_facebook_02,synthetic_facebook_02_post_0240,2025-10-22T21:00:00-04:00,67,2,2025-10-24T21:00:00-04:00,synthetic,synthetic_fixed_48h
facebook,synthetic_facebook_01,synthetic_facebook_01_post_0242,2025-10-23T00:00:00-04:00,2,1,2025-10-25T00:00:00-04:00,synthetic,synthetic_fixed_48h
instagram,synthetic_instagram_01,synthetic_instagram_01_post_0232,2025-10-23T09:00:00-04:00,70,5,2025-10-25T09:00:00-04:00,synthetic,synthetic_fixed_48h
instagram,synthetic_instagram_01,synthetic_instagram_01_post_0233,2025-10-23T12:00:00-04:00,71,5,2025-10-25T12:00:00-04:00,synthetic,synthetic_fixed_48h
instagram,synthetic_instagram_01,synthetic_instagram_01_post_0234,2025-10-24T09:00:00-04:00,95,11,2025-10-26T09:00:00-04:00,synthetic,synthetic_fixed_48h
facebook,synthetic_facebook_03,synthetic_facebook_03_post_0233,2025-10-24T12:00:00-04:00,146,7,2025-10-26T12:00:00-04:00,synthetic,synthetic_fixed_48h
instagram,synthetic_instagram_01,synthetic_instagram_01_post_0235,2025-10-24T16:00:00-04:00,58,7,2025-10-26T16:00:00-04:00,synthetic,synthetic_fixed_48h
instagram,synthetic_instagram_02,synthetic_instagram_02_post_0260,2025-10-24T16:00:00-04:00,152,9,2025-10-26T16:00:00-04:00,synthetic,synthetic_fixed_48h
instagram,synthetic_instagram_02,synthetic_instagram_02_post_0261,2025-10-24T20:00:00-04:00,139,13,2025-10-26T20:00:00-04:00,synthetic,synthetic_fixed_48h
facebook,synthetic_facebook_03,synthetic_facebook_03_post_0234,2025-10-24T22:00:00-04:00,224,13,2025-10-26T22:00:00-04:00,synthetic,synthetic_fixed_48h
facebook,synthetic_facebook_01,synthetic_facebook_01_post_0243,2025-10-25T03:00:00-04:00,33,8,2025-10-27T03:00:00-04:00,synthetic,synthetic_fixed_48h
instagram,synthetic_instagram_01,synthetic_instagram_01_post_0236,2025-10-25T03:00:00-04:00,33,1,2025-10-27T03:00:00-04:00,synthetic,synthetic_fixed_48h
instagram,synthetic_instagram_01,synthetic_instagram_01_post_0237,2025-10-25T08:00:00-04:00,49,5,2025-10-27T08:00:00-04:00,synthetic,synthetic_fixed_48h
instagram,synthetic_instagram_03,synthetic_instagram_03_post_0259,2025-10-25T08:00:00-04:00,56,5,2025-10-27T08:00:00-04:00,synthetic,synthetic_fixed_48h
facebook,synthetic_facebook_03,synthetic_facebook_03_post_0235,2025-10-25T14:00:00-04:00,80,5,2025-10-27T14:00:00-04:00,synthetic,synthetic_fixed_48h
instagram,synthetic_instagram_02,synthetic_instagram_02_post_0262,2025-10-25T18:00:00-04:00,124,10,2025-10-27T18:00:00-04:00,synthetic,synthetic_fixed_48h
instagram,synthetic_instagram_02,synthetic_instagram_02_post_0263,2025-10-26T04:00:00-04:00,48,3,2025-10-28T04:00:00-04:00,synthetic,synthetic_fixed_48h
facebook,synthetic_facebook_02,synthetic_facebook_02_post_0241,2025-10-26T08:00:00-04:00,55,2,2025-10-28T08:00:00-04:00,synthetic,synthetic_fixed_48h
facebook,synthetic_facebook_02,synthetic_facebook_02_post_0242,2025-10-26T09:00:00-04:00,41,4,2025-10-28T09:00:00-04:00,synthetic,synthetic_fixed_48h
instagram,synthetic_instagram_03,synthetic_instagram_03_post_0260,2025-10-26T09:00:00-04:00,66,6,2025-10-28T09:00:00-04:00,synthetic,synthetic_fixed_48h
facebook,synthetic_facebook_02,synthetic_facebook_02_post_0243,2025-10-26T10:00:00-04:00,36,0,2025-10-28T10:00:00-04:00,synthetic,synthetic_fixed_48h
instagram,synthetic_instagram_01,synthetic_instagram_01_post_0238,2025-10-26T11:00:00-04:00,55,4,2025-10-28T11:00:00-04:00,synthetic,synthetic_fixed_48h
facebook,synthetic_facebook_01,synthetic_facebook_01_post_0244,2025-10-26T13:00:00-04:00,64,3,2025-10-28T13:00:00-04:00,synthetic,synthetic_fixed_48h
facebook,synthetic_facebook_01,synthetic_facebook_01_post_0245,2025-10-26T18:00:00-04:00,40,0,2025-10-28T18:00:00-04:00,synthetic,synthetic_fixed_48h
facebook,synthetic_facebook_01,synthetic_facebook_01_post_0246,2025-10-26T22:00:00-04:00,13,0,2025-10-28T22:00:00-04:00,synthetic,synthetic_fixed_48h
instagram,synthetic_instagram_03,synthetic_instagram_03_post_0261,2025-10-26T22:00:00-04:00,148,12,2025-10-28T22:00:00-04:00,synthetic,synthetic_fixed_48h
facebook,synthetic_facebook_01,synthetic_facebook_01_post_0247,2025-10-26T23:00:00-04:00,30,0,2025-10-28T23:00:00-04:00,synthetic,synthetic_fixed_48h
instagram,synthetic_instagram_03,synthetic_instagram_03_post_0262,2025-10-27T03:00:00-04:00,36,4,2025-10-29T03:00:00-04:00,synthetic,synthetic_fixed_48h
instagram,synthetic_instagram_03,synthetic_instagram_03_post_0263,2025-10-27T11:00:00-04:00,52,5,2025-10-29T11:00:00-04:00,synthetic,synthetic_fixed_48h
instagram,synthetic_instagram_01,synthetic_instagram_01_post_0239,2025-10-27T15:00:00-04:00,87,10,2025-10-29T15:00:00-04:00,synthetic,synthetic_fixed_48h
facebook,synthetic_facebook_03,synthetic_facebook_03_post_0236,2025-10-27T23:00:00-04:00,91,4,2025-10-29T23:00:00-04:00,synthetic,synthetic_fixed_48h
instagram,synthetic_instagram_01,synthetic_instagram_01_post_0240,2025-10-28T00:00:00-04:00,48,5,2025-10-30T00:00:00-04:00,synthetic,synthetic_fixed_48h
instagram,synthetic_instagram_02,synthetic_instagram_02_post_0264,2025-10-28T03:00:00-04:00,23,2,2025-10-30T03:00:00-04:00,synthetic,synthetic_fixed_48h
facebook,synthetic_facebook_01,synthetic_facebook_01_post_0248,2025-10-28T09:00:00-04:00,71,5,2025-10-30T09:00:00-04:00,synthetic,synthetic_fixed_48h
instagram,synthetic_instagram_01,synthetic_instagram_01_post_0241,2025-10-28T13:00:00-04:00,133,8,2025-10-30T13:00:00-04:00,synthetic,synthetic_fixed_48h
instagram,synthetic_instagram_03,synthetic_instagram_03_post_0264,2025-10-29T03:00:00-04:00,91,10,2025-10-31T03:00:00-04:00,synthetic,synthetic_fixed_48h
instagram,synthetic_instagram_01,synthetic_instagram_01_post_0242,2025-10-29T05:00:00-04:00,47,3,2025-10-31T05:00:00-04:00,synthetic,synthetic_fixed_48h
facebook,synthetic_facebook_03,synthetic_facebook_03_post_0237,2025-10-29T10:00:00-04:00,61,7,2025-10-31T10:00:00-04:00,synthetic,synthetic_fixed_48h
facebook,synthetic_facebook_02,synthetic_facebook_02_post_0244,2025-10-29T11:00:00-04:00,77,8,2025-10-31T11:00:00-04:00,synthetic,synthetic_fixed_48h
instagram,synthetic_instagram_01,synthetic_instagram_01_post_0243,2025-10-29T11:00:00-04:00,96,9,2025-10-31T11:00:00-04:00,synthetic,synthetic_fixed_48h
instagram,synthetic_instagram_02,synthetic_instagram_02_post_0265,2025-10-29T11:00:00-04:00,52,5,2025-10-31T11:00:00-04:00,synthetic,synthetic_fixed_48h
facebook,synthetic_facebook_03,synthetic_facebook_03_post_0238,2025-10-29T20:00:00-04:00,116,7,2025-10-31T20:00:00-04:00,synthetic,synthetic_fixed_48h
facebook,synthetic_facebook_02,synthetic_facebook_02_post_0245,2025-10-30T07:00:00-04:00,48,7,2025-11-01T07:00:00-04:00,synthetic,synthetic_fixed_48h
instagram,synthetic_instagram_01,synthetic_instagram_01_post_0244,2025-10-30T09:00:00-04:00,83,9,2025-11-01T09:00:00-04:00,synthetic,synthetic_fixed_48h
facebook,synthetic_facebook_03,synthetic_facebook_03_post_0239,2025-10-30T10:00:00-04:00,87,5,2025-11-01T10:00:00-04:00,synthetic,synthetic_fixed_48h
facebook,synthetic_facebook_02,synthetic_facebook_02_post_0246,2025-10-30T12:00:00-04:00,37,3,2025-11-01T12:00:00-04:00,synthetic,synthetic_fixed_48h
instagram,synthetic_instagram_03,synthetic_instagram_03_post_0265,2025-10-30T16:00:00-04:00,63,7,2025-11-01T16:00:00-04:00,synthetic,synthetic_fixed_48h
facebook,synthetic_facebook_03,synthetic_facebook_03_post_0240,2025-10-30T17:00:00-04:00,150,9,2025-11-01T17:00:00-04:00,synthetic,synthetic_fixed_48h
instagram,synthetic_instagram_01,synthetic_instagram_01_post_0245,2025-10-30T18:00:00-04:00,56,6,2025-11-01T18:00:00-04:00,synthetic,synthetic_fixed_48h
facebook,synthetic_facebook_03,synthetic_facebook_03_post_0241,2025-10-30T20:00:00-04:00,201,11,2025-11-01T20:00:00-04:00,synthetic,synthetic_fixed_48h
instagram,synthetic_instagram_02,synthetic_instagram_02_post_0266,2025-10-30T20:00:00-04:00,84,6,2025-11-01T20:00:00-04:00,synthetic,synthetic_fixed_48h
instagram,synthetic_instagram_03,synthetic_instagram_03_post_0266,2025-10-31T04:00:00-04:00,91,10,2025-11-02T04:00:00-04:00,synthetic,synthetic_fixed_48h
facebook,synthetic_facebook_02,synthetic_facebook_02_post_0247,2025-10-31T15:00:00-04:00,58,6,2025-11-02T15:00:00-04:00,synthetic,synthetic_fixed_48h
facebook,synthetic_facebook_03,synthetic_facebook_03_post_0242,2025-10-31T16:00:00-04:00,174,12,2025-11-02T16:00:00-04:00,synthetic,synthetic_fixed_48h
facebook,synthetic_facebook_02,synthetic_facebook_02_post_0248,2025-10-31T23:00:00-04:00,34,5,2025-11-02T23:00:00-04:00,synthetic,synthetic_fixed_48h
facebook,synthetic_facebook_01,synthetic_facebook_01_post_0249,2025-11-01T01:00:00-04:00,41,5,2025-11-03T01:00:00-04:00,synthetic,synthetic_fixed_48h
facebook,synthetic_facebook_02,synthetic_facebook_02_post_0249,2025-11-01T09:00:00-04:00,42,4,2025-11-03T09:00:00-04:00,synthetic,synthetic_fixed_48h
facebook,synthetic_facebook_02,synthetic_facebook_02_post_0250,2025-11-01T12:00:00-04:00,66,6,2025-11-03T12:00:00-04:00,synthetic,synthetic_fixed_48h
instagram,synthetic_instagram_01,synthetic_instagram_01_post_0246,2025-11-01T19:00:00-04:00,40,6,2025-11-03T19:00:00-04:00,synthetic,synthetic_fixed_48h
instagram,synthetic_instagram_03,synthetic_instagram_03_post_0267,2025-11-02T06:00:00-04:00,237,19,2025-11-04T06:00:00-04:00,synthetic,synthetic_fixed_48h
instagram,synthetic_instagram_02,synthetic_instagram_02_post_0267,2025-11-02T20:00:00-04:00,92,6,2025-11-04T20:00:00-04:00,synthetic,synthetic_fixed_48h
facebook,synthetic_facebook_01,synthetic_facebook_01_post_0250,2025-11-03T11:00:00-04:00,33,7,2025-11-05T11:00:00-04:00,synthetic,synthetic_fixed_48h
instagram,synthetic_instagram_02,synthetic_instagram_02_post_0268,2025-11-03T13:00:00-04:00,100,7,2025-11-05T13:00:00-04:00,synthetic,synthetic_fixed_48h
instagram,synthetic_instagram_01,synthetic_instagram_01_post_0247,2025-11-03T17:00:00-04:00,47,4,2025-11-05T17:00:00-04:00,synthetic,synthetic_fixed_48h
instagram,synthetic_instagram_03,synthetic_instagram_03_post_0268,2025-11-04T02:00:00-04:00,145,13,2025-11-06T02:00:00-04:00,synthetic,synthetic_fixed_48h
instagram,synthetic_instagram_03,synthetic_instagram_03_post_0269,2025-11-04T12:00:00-04:00,78,6,2025-11-06T12:00:00-04:00,synthetic,synthetic_fixed_48h
instagram,synthetic_instagram_03,synthetic_instagram_03_post_0270,2025-11-04T20:00:00-04:00,113,12,2025-11-06T20:00:00-04:00,synthetic,synthetic_fixed_48h
facebook,synthetic_facebook_02,synthetic_facebook_02_post_0251,2025-11-05T00:00:00-04:00,68,2,2025-11-07T00:00:00-04:00,synthetic,synthetic_fixed_48h
instagram,synthetic_instagram_01,synthetic_instagram_01_post_0248,2025-11-05T07:00:00-04:00,39,1,2025-11-07T07:00:00-04:00,synthetic,synthetic_fixed_48h
instagram,synthetic_instagram_02,synthetic_instagram_02_post_0269,2025-11-05T08:00:00-04:00,61,2,2025-11-07T08:00:00-04:00,synthetic,synthetic_fixed_48h
facebook,synthetic_facebook_03,synthetic_facebook_03_post_0243,2025-11-05T10:00:00-04:00,66,3,2025-11-07T10:00:00-04:00,synthetic,synthetic_fixed_48h
facebook,synthetic_facebook_01,synthetic_facebook_01_post_0251,2025-11-05T12:00:00-04:00,75,8,2025-11-07T12:00:00-04:00,synthetic,synthetic_fixed_48h
instagram,synthetic_instagram_03,synthetic_instagram_03_post_0271,2025-11-05T15:00:00-04:00,78,8,2025-11-07T15:00:00-04:00,synthetic,synthetic_fixed_48h
instagram,synthetic_instagram_01,synthetic_instagram_01_post_0249,2025-11-05T20:00:00-04:00,18,1,2025-11-07T20:00:00-04:00,synthetic,synthetic_fixed_48h
facebook,synthetic_facebook_02,synthetic_facebook_02_post_0252,2025-11-06T00:00:00-04:00,48,2,2025-11-08T00:00:00-04:00,synthetic,synthetic_fixed_48h
facebook,synthetic_facebook_03,synthetic_facebook_03_post_0244,2025-11-06T10:00:00-04:00,102,6,2025-11-08T10:00:00-04:00,synthetic,synthetic_fixed_48h
instagram,synthetic_instagram_02,synthetic_instagram_02_post_0270,2025-11-06T12:00:00-04:00,89,8,2025-11-08T12:00:00-04:00,synthetic,synthetic_fixed_48h
facebook,synthetic_facebook_02,synthetic_facebook_02_post_0253,2025-11-06T15:00:00-04:00,142,15,2025-11-08T15:00:00-04:00,synthetic,synthetic_fixed_48h
facebook,synthetic_facebook_02,synthetic_facebook_02_post_0254,2025-11-06T16:00:00-04:00,138,11,2025-11-08T16:00:00-04:00,synthetic,synthetic_fixed_48h
instagram,synthetic_instagram_02,synthetic_instagram_02_post_0271,2025-11-06T23:00:00-04:00,56,4,2025-11-08T23:00:00-04:00,synthetic,synthetic_fixed_48h
facebook,synthetic_facebook_01,synthetic_facebook_01_post_0252,2025-11-07T00:00:00-04:00,4,0,2025-11-09T00:00:00-04:00,synthetic,synthetic_fixed_48h
facebook,synthetic_facebook_02,synthetic_facebook_02_post_0255,2025-11-07T10:00:00-04:00,146,5,2025-11-09T10:00:00-04:00,synthetic,synthetic_fixed_48h
instagram,synthetic_instagram_01,synthetic_instagram_01_post_0250,2025-11-07T14:00:00-04:00,94,7,2025-11-09T14:00:00-04:00,synthetic,synthetic_fixed_48h
facebook,synthetic_facebook_01,synthetic_facebook_01_post_0253,2025-11-07T16:00:00-04:00,26,4,2025-11-09T16:00:00-04:00,synthetic,synthetic_fixed_48h
instagram,synthetic_instagram_03,synthetic_instagram_03_post_0272,2025-11-07T20:00:00-04:00,107,9,2025-11-09T20:00:00-04:00,synthetic,synthetic_fixed_48h
instagram,synthetic_instagram_01,synthetic_instagram_01_post_0251,2025-11-07T21:00:00-04:00,38,5,2025-11-09T21:00:00-04:00,synthetic,synthetic_fixed_48h
facebook,synthetic_facebook_02,synthetic_facebook_02_post_0256,2025-11-07T22:00:00-04:00,42,6,2025-11-09T22:00:00-04:00,synthetic,synthetic_fixed_48h
facebook,synthetic_facebook_02,synthetic_facebook_02_post_0257,2025-11-08T02:00:00-04:00,24,3,2025-11-10T02:00:00-04:00,synthetic,synthetic_fixed_48h
facebook,synthetic_facebook_02,synthetic_facebook_02_post_0258,2025-11-08T05:00:00-04:00,34,1,2025-11-10T05:00:00-04:00,synthetic,synthetic_fixed_48h
facebook,synthetic_facebook_03,synthetic_facebook_03_post_0245,2025-11-08T09:00:00-04:00,133,9,2025-11-10T09:00:00-04:00,synthetic,synthetic_fixed_48h
facebook,synthetic_facebook_03,synthetic_facebook_03_post_0246,2025-11-08T15:00:00-04:00,103,8,2025-11-10T15:00:00-04:00,synthetic,synthetic_fixed_48h
instagram,synthetic_instagram_02,synthetic_instagram_02_post_0272,2025-11-09T06:00:00-04:00,36,1,2025-11-11T06:00:00-04:00,synthetic,synthetic_fixed_48h
facebook,synthetic_facebook_01,synthetic_facebook_01_post_0254,2025-11-09T09:00:00-04:00,114,9,2025-11-11T09:00:00-04:00,synthetic,synthetic_fixed_48h
facebook,synthetic_facebook_01,synthetic_facebook_01_post_0255,2025-11-09T16:00:00-04:00,38,1,2025-11-11T16:00:00-04:00,synthetic,synthetic_fixed_48h
facebook,synthetic_facebook_02,synthetic_facebook_02_post_0259,2025-11-09T16:00:00-04:00,98,2,2025-11-11T16:00:00-04:00,synthetic,synthetic_fixed_48h
instagram,synthetic_instagram_02,synthetic_instagram_02_post_0273,2025-11-10T01:00:00-04:00,36,1,2025-11-12T01:00:00-04:00,synthetic,synthetic_fixed_48h
instagram,synthetic_instagram_02,synthetic_instagram_02_post_0274,2025-11-10T10:00:00-04:00,43,4,2025-11-12T10:00:00-04:00,synthetic,synthetic_fixed_48h
instagram,synthetic_instagram_03,synthetic_instagram_03_post_0273,2025-11-10T12:00:00-04:00,107,9,2025-11-12T12:00:00-04:00,synthetic,synthetic_fixed_48h
facebook,synthetic_facebook_01,synthetic_facebook_01_post_0256,2025-11-10T15:00:00-04:00,36,2,2025-11-12T15:00:00-04:00,synthetic,synthetic_fixed_48h
facebook,synthetic_facebook_03,synthetic_facebook_03_post_0247,2025-11-11T04:00:00-04:00,48,3,2025-11-13T04:00:00-04:00,synthetic,synthetic_fixed_48h
facebook,synthetic_facebook_02,synthetic_facebook_02_post_0260,2025-11-11T10:00:00-04:00,159,6,2025-11-13T10:00:00-04:00,synthetic,synthetic_fixed_48h
instagram,synthetic_instagram_01,synthetic_instagram_01_post_0252,2025-11-11T19:00:00-04:00,84,6,2025-11-13T19:00:00-04:00,synthetic,synthetic_fixed_48h
instagram,synthetic_instagram_01,synthetic_instagram_01_post_0253,2025-11-12T04:00:00-04:00,67,5,2025-11-14T04:00:00-04:00,synthetic,synthetic_fixed_48h
facebook,synthetic_facebook_01,synthetic_facebook_01_post_0257,2025-11-12T07:00:00-04:00,63,4,2025-11-14T07:00:00-04:00,synthetic,synthetic_fixed_48h
facebook,synthetic_facebook_02,synthetic_facebook_02_post_0261,2025-11-12T14:00:00-04:00,106,8,2025-11-14T14:00:00-04:00,synthetic,synthetic_fixed_48h
instagram,synthetic_instagram_03,synthetic_instagram_03_post_0274,2025-11-12T15:00:00-04:00,68,4,2025-11-14T15:00:00-04:00,synthetic,synthetic_fixed_48h
facebook,synthetic_facebook_02,synthetic_facebook_02_post_0262,2025-11-12T21:00:00-04:00,45,1,2025-11-14T21:00:00-04:00,synthetic,synthetic_fixed_48h
facebook,synthetic_facebook_03,synthetic_facebook_03_post_0248,2025-11-13T04:00:00-04:00,79,3,2025-11-15T04:00:00-04:00,synthetic,synthetic_fixed_48h
facebook,synthetic_facebook_01,synthetic_facebook_01_post_0258,2025-11-13T06:00:00-04:00,45,1,2025-11-15T06:00:00-04:00,synthetic,synthetic_fixed_48h
facebook,synthetic_facebook_03,synthetic_facebook_03_post_0249,2025-11-13T06:00:00-04:00,35,0,2025-11-15T06:00:00-04:00,synthetic,synthetic_fixed_48h
instagram,synthetic_instagram_01,synthetic_instagram_01_post_0254,2025-11-13T19:00:00-04:00,68,5,2025-11-15T19:00:00-04:00,synthetic,synthetic_fixed_48h
facebook,synthetic_facebook_02,synthetic_facebook_02_post_0263,2025-11-14T02:00:00-04:00,28,4,2025-11-16T02:00:00-04:00,synthetic,synthetic_fixed_48h
instagram,synthetic_instagram_01,synthetic_instagram_01_post_0255,2025-11-14T02:00:00-04:00,31,6,2025-11-16T02:00:00-04:00,synthetic,synthetic_fixed_48h
facebook,synthetic_facebook_01,synthetic_facebook_01_post_0259,2025-11-14T07:00:00-04:00,38,3,2025-11-16T07:00:00-04:00,synthetic,synthetic_fixed_48h
instagram,synthetic_instagram_02,synthetic_instagram_02_post_0275,2025-11-14T11:00:00-04:00,112,14,2025-11-16T11:00:00-04:00,synthetic,synthetic_fixed_48h
facebook,synthetic_facebook_02,synthetic_facebook_02_post_0264,2025-11-14T23:00:00-04:00,67,3,2025-11-16T23:00:00-04:00,synthetic,synthetic_fixed_48h
instagram,synthetic_instagram_02,synthetic_instagram_02_post_0276,2025-11-15T04:00:00-04:00,49,6,2025-11-17T04:00:00-04:00,synthetic,synthetic_fixed_48h
instagram,synthetic_instagram_01,synthetic_instagram_01_post_0256,2025-11-15T16:00:00-04:00,44,2,2025-11-17T16:00:00-04:00,synthetic,synthetic_fixed_48h
facebook,synthetic_facebook_01,synthetic_facebook_01_post_0260,2025-11-16T03:00:00-04:00,71,7,2025-11-18T03:00:00-04:00,synthetic,synthetic_fixed_48h
facebook,synthetic_facebook_02,synthetic_facebook_02_post_0265,2025-11-16T16:00:00-04:00,63,3,2025-11-18T16:00:00-04:00,synthetic,synthetic_fixed_48h
facebook,synthetic_facebook_01,synthetic_facebook_01_post_0261,2025-11-16T21:00:00-04:00,72,4,2025-11-18T21:00:00-04:00,synthetic,synthetic_fixed_48h
instagram,synthetic_instagram_02,synthetic_instagram_02_post_0277,2025-11-17T13:00:00-04:00,124,11,2025-11-19T13:00:00-04:00,synthetic,synthetic_fixed_48h
facebook,synthetic_facebook_02,synthetic_facebook_02_post_0266,2025-11-17T17:00:00-04:00,169,9,2025-11-19T17:00:00-04:00,synthetic,synthetic_fixed_48h
instagram,synthetic_instagram_01,synthetic_instagram_01_post_0257,2025-11-18T00:00:00-04:00,53,2,2025-11-20T00:00:00-04:00,synthetic,synthetic_fixed_48h
instagram,synthetic_instagram_03,synthetic_instagram_03_post_0275,2025-11-18T05:00:00-04:00,64,9,2025-11-20T05:00:00-04:00,synthetic,synthetic_fixed_48h
facebook,synthetic_facebook_02,synthetic_facebook_02_post_0267,2025-11-18T06:00:00-04:00,63,1,2025-11-20T06:00:00-04:00,synthetic,synthetic_fixed_48h
instagram,synthetic_instagram_01,synthetic_instagram_01_post_0258,2025-11-18T11:00:00-04:00,175,11,2025-11-20T11:00:00-04:00,synthetic,synthetic_fixed_48h
instagram,synthetic_instagram_01,synthetic_instagram_01_post_0259,2025-11-18T16:00:00-04:00,115,10,2025-11-20T16:00:00-04:00,synthetic,synthetic_fixed_48h
facebook,synthetic_facebook_02,synthetic_facebook_02_post_0268,2025-11-18T17:00:00-04:00,88,1,2025-11-20T17:00:00-04:00,synthetic,synthetic_fixed_48h
instagram,synthetic_instagram_02,synthetic_instagram_02_post_0278,2025-11-18T22:00:00-04:00,100,9,2025-11-20T22:00:00-04:00,synthetic,synthetic_fixed_48h
instagram,synthetic_instagram_03,synthetic_instagram_03_post_0276,2025-11-19T01:00:00-04:00,165,12,2025-11-21T01:00:00-04:00,synthetic,synthetic_fixed_48h
facebook,synthetic_facebook_02,synthetic_facebook_02_post_0269,2025-11-19T03:00:00-04:00,43,3,2025-11-21T03:00:00-04:00,synthetic,synthetic_fixed_48h
facebook,synthetic_facebook_02,synthetic_facebook_02_post_0270,2025-11-19T06:00:00-04:00,58,5,2025-11-21T06:00:00-04:00,synthetic,synthetic_fixed_48h
instagram,synthetic_instagram_02,synthetic_instagram_02_post_0279,2025-11-20T01:00:00-04:00,52,5,2025-11-22T01:00:00-04:00,synthetic,synthetic_fixed_48h
instagram,synthetic_instagram_03,synthetic_instagram_03_post_0277,2025-11-20T03:00:00-04:00,101,8,2025-11-22T03:00:00-04:00,synthetic,synthetic_fixed_48h
facebook,synthetic_facebook_02,synthetic_facebook_02_post_0271,2025-11-20T04:00:00-04:00,50,0,2025-11-22T04:00:00-04:00,synthetic,synthetic_fixed_48h
facebook,synthetic_facebook_03,synthetic_facebook_03_post_0250,2025-11-20T07:00:00-04:00,70,5,2025-11-22T07:00:00-04:00,synthetic,synthetic_fixed_48h
instagram,synthetic_instagram_02,synthetic_instagram_02_post_0280,2025-11-20T07:00:00-04:00,55,3,2025-11-22T07:00:00-04:00,synthetic,synthetic_fixed_48h
facebook,synthetic_facebook_02,synthetic_facebook_02_post_0272,2025-11-20T14:00:00-04:00,102,7,2025-11-22T14:00:00-04:00,synthetic,synthetic_fixed_48h
facebook,synthetic_facebook_03,synthetic_facebook_03_post_0251,2025-11-20T14:00:00-04:00,114,7,2025-11-22T14:00:00-04:00,synthetic,synthetic_fixed_48h
instagram,synthetic_instagram_02,synthetic_instagram_02_post_0281,2025-11-20T18:00:00-04:00,95,6,2025-11-22T18:00:00-04:00,synthetic,synthetic_fixed_48h
facebook,synthetic_facebook_01,synthetic_facebook_01_post_0262,2025-11-20T22:00:00-04:00,29,3,2025-11-22T22:00:00-04:00,synthetic,synthetic_fixed_48h
instagram,synthetic_instagram_03,synthetic_instagram_03_post_0278,2025-11-21T18:00:00-04:00,235,18,2025-11-23T18:00:00-04:00,synthetic,synthetic_fixed_48h
facebook,synthetic_facebook_01,synthetic_facebook_01_post_0263,2025-11-21T22:00:00-04:00,13,0,2025-11-23T22:00:00-04:00,synthetic,synthetic_fixed_48h
instagram,synthetic_instagram_02,synthetic_instagram_02_post_0282,2025-11-22T06:00:00-04:00,41,4,2025-11-24T06:00:00-04:00,synthetic,synthetic_fixed_48h
instagram,synthetic_instagram_01,synthetic_instagram_01_post_0260,2025-11-22T13:00:00-04:00,95,7,2025-11-24T13:00:00-04:00,synthetic,synthetic_fixed_48h
facebook,synthetic_facebook_03,synthetic_facebook_03_post_0252,2025-11-22T19:00:00-04:00,96,6,2025-11-24T19:00:00-04:00,synthetic,synthetic_fixed_48h
facebook,synthetic_facebook_02,synthetic_facebook_02_post_0273,2025-11-22T22:00:00-04:00,52,2,2025-11-24T22:00:00-04:00,synthetic,synthetic_fixed_48h
instagram,synthetic_instagram_03,synthetic_instagram_03_post_0279,2025-11-23T03:00:00-04:00,123,8,2025-11-25T03:00:00-04:00,synthetic,synthetic_fixed_48h
facebook,synthetic_facebook_02,synthetic_facebook_02_post_0274,2025-11-23T05:00:00-04:00,20,0,2025-11-25T05:00:00-04:00,synthetic,synthetic_fixed_48h
instagram,synthetic_instagram_02,synthetic_instagram_02_post_0283,2025-11-23T15:00:00-04:00,101,10,2025-11-25T15:00:00-04:00,synthetic,synthetic_fixed_48h
instagram,synthetic_instagram_02,synthetic_instagram_02_post_0284,2025-11-23T16:00:00-04:00,86,7,2025-11-25T16:00:00-04:00,synthetic,synthetic_fixed_48h
facebook,synthetic_facebook_02,synthetic_facebook_02_post_0275,2025-11-23T19:00:00-04:00,74,6,2025-11-25T19:00:00-04:00,synthetic,synthetic_fixed_48h
instagram,synthetic_instagram_02,synthetic_instagram_02_post_0285,2025-11-24T01:00:00-04:00,38,6,2025-11-26T01:00:00-04:00,synthetic,synthetic_fixed_48h
facebook,synthetic_facebook_01,synthetic_facebook_01_post_0264,2025-11-24T02:00:00-04:00,59,3,2025-11-26T02:00:00-04:00,synthetic,synthetic_fixed_48h
instagram,synthetic_instagram_01,synthetic_instagram_01_post_0261,2025-11-24T02:00:00-04:00,37,0,2025-11-26T02:00:00-04:00,synthetic,synthetic_fixed_48h
instagram,synthetic_instagram_02,synthetic_instagram_02_post_0286,2025-11-24T07:00:00-04:00,58,7,2025-11-26T07:00:00-04:00,synthetic,synthetic_fixed_48h
instagram,synthetic_instagram_03,synthetic_instagram_03_post_0280,2025-11-24T09:00:00-04:00,95,6,2025-11-26T09:00:00-04:00,synthetic,synthetic_fixed_48h
instagram,synthetic_instagram_02,synthetic_instagram_02_post_0287,2025-11-24T15:00:00-04:00,61,5,2025-11-26T15:00:00-04:00,synthetic,synthetic_fixed_48h
instagram,synthetic_instagram_01,synthetic_instagram_01_post_0262,2025-11-24T21:00:00-04:00,29,4,2025-11-26T21:00:00-04:00,synthetic,synthetic_fixed_48h
facebook,synthetic_facebook_02,synthetic_facebook_02_post_0276,2025-11-25T09:00:00-04:00,50,3,2025-11-27T09:00:00-04:00,synthetic,synthetic_fixed_48h
facebook,synthetic_facebook_01,synthetic_facebook_01_post_0265,2025-11-25T14:00:00-04:00,82,1,2025-11-27T14:00:00-04:00,synthetic,synthetic_fixed_48h
facebook,synthetic_facebook_01,synthetic_facebook_01_post_0266,2025-11-26T03:00:00-04:00,70,4,2025-11-28T03:00:00-04:00,synthetic,synthetic_fixed_48h
facebook,synthetic_facebook_02,synthetic_facebook_02_post_0277,2025-11-26T05:00:00-04:00,48,3,2025-11-28T05:00:00-04:00,synthetic,synthetic_fixed_48h
facebook,synthetic_facebook_03,synthetic_facebook_03_post_0253,2025-11-26T11:00:00-04:00,80,8,2025-11-28T11:00:00-04:00,synthetic,synthetic_fixed_48h
facebook,synthetic_facebook_03,synthetic_facebook_03_post_0254,2025-11-26T21:00:00-04:00,119,8,2025-11-28T21:00:00-04:00,synthetic,synthetic_fixed_48h
instagram,synthetic_instagram_01,synthetic_instagram_01_post_0263,2025-11-26T21:00:00-04:00,29,4,2025-11-28T21:00:00-04:00,synthetic,synthetic_fixed_48h
instagram,synthetic_instagram_03,synthetic_instagram_03_post_0281,2025-11-26T22:00:00-04:00,285,24,2025-11-28T22:00:00-04:00,synthetic,synthetic_fixed_48h
facebook,synthetic_facebook_02,synthetic_facebook_02_post_0278,2025-11-26T23:00:00-04:00,42,1,2025-11-28T23:00:00-04:00,synthetic,synthetic_fixed_48h
facebook,synthetic_facebook_01,synthetic_facebook_01_post_0267,2025-11-27T00:00:00-04:00,41,1,2025-11-29T00:00:00-04:00,synthetic,synthetic_fixed_48h
instagram,synthetic_instagram_03,synthetic_instagram_03_post_0282,2025-11-27T04:00:00-04:00,149,11,2025-11-29T04:00:00-04:00,synthetic,synthetic_fixed_48h
facebook,synthetic_facebook_02,synthetic_facebook_02_post_0279,2025-11-27T06:00:00-04:00,42,1,2025-11-29T06:00:00-04:00,synthetic,synthetic_fixed_48h
facebook,synthetic_facebook_03,synthetic_facebook_03_post_0255,2025-11-27T07:00:00-04:00,48,1,2025-11-29T07:00:00-04:00,synthetic,synthetic_fixed_48h
facebook,synthetic_facebook_01,synthetic_facebook_01_post_0268,2025-11-27T08:00:00-04:00,47,6,2025-11-29T08:00:00-04:00,synthetic,synthetic_fixed_48h
facebook,synthetic_facebook_03,synthetic_facebook_03_post_0256,2025-11-27T15:00:00-04:00,231,15,2025-11-29T15:00:00-04:00,synthetic,synthetic_fixed_48h
instagram,synthetic_instagram_03,synthetic_instagram_03_post_0283,2025-11-27T22:00:00-04:00,136,10,2025-11-29T22:00:00-04:00,synthetic,synthetic_fixed_48h
facebook,synthetic_facebook_02,synthetic_facebook_02_post_0280,2025-11-28T04:00:00-04:00,45,3,2025-11-30T04:00:00-04:00,synthetic,synthetic_fixed_48h
facebook,synthetic_facebook_03,synthetic_facebook_03_post_0257,2025-11-28T13:00:00-04:00,99,4,2025-11-30T13:00:00-04:00,synthetic,synthetic_fixed_48h
facebook,synthetic_facebook_02,synthetic_facebook_02_post_0281,2025-11-28T22:00:00-04:00,32,0,2025-11-30T22:00:00-04:00,synthetic,synthetic_fixed_48h
instagram,synthetic_instagram_01,synthetic_instagram_01_post_0264,2025-11-29T00:00:00-04:00,10,0,2025-12-01T00:00:00-04:00,synthetic,synthetic_fixed_48h
instagram,synthetic_instagram_03,synthetic_instagram_03_post_0284,2025-11-29T03:00:00-04:00,141,8,2025-12-01T03:00:00-04:00,synthetic,synthetic_fixed_48h
facebook,synthetic_facebook_03,synthetic_facebook_03_post_0258,2025-11-29T05:00:00-04:00,39,3,2025-12-01T05:00:00-04:00,synthetic,synthetic_fixed_48h
instagram,synthetic_instagram_01,synthetic_instagram_01_post_0265,2025-11-29T21:00:00-04:00,33,2,2025-12-01T21:00:00-04:00,synthetic,synthetic_fixed_48h
instagram,synthetic_instagram_02,synthetic_instagram_02_post_0288,2025-11-29T21:00:00-04:00,134,12,2025-12-01T21:00:00-04:00,synthetic,synthetic_fixed_48h
facebook,synthetic_facebook_01,synthetic_facebook_01_post_0269,2025-11-29T22:00:00-04:00,53,3,2025-12-01T22:00:00-04:00,synthetic,synthetic_fixed_48h
facebook,synthetic_facebook_01,synthetic_facebook_01_post_0270,2025-11-30T05:00:00-04:00,92,9,2025-12-02T05:00:00-04:00,synthetic,synthetic_fixed_48h
facebook,synthetic_facebook_02,synthetic_facebook_02_post_0282,2025-11-30T05:00:00-04:00,27,2,2025-12-02T05:00:00-04:00,synthetic,synthetic_fixed_48h
facebook,synthetic_facebook_01,synthetic_facebook_01_post_0271,2025-11-30T08:00:00-04:00,155,8,2025-12-02T08:00:00-04:00,synthetic,synthetic_fixed_48h
facebook,synthetic_facebook_03,synthetic_facebook_03_post_0259,2025-11-30T16:00:00-04:00,66,6,2025-12-02T16:00:00-04:00,synthetic,synthetic_fixed_48h
instagram,synthetic_instagram_01,synthetic_instagram_01_post_0266,2025-11-30T19:00:00-04:00,35,2,2025-12-02T19:00:00-04:00,synthetic,synthetic_fixed_48h
facebook,synthetic_facebook_03,synthetic_facebook_03_post_0260,2025-11-30T23:00:00-04:00,72,4,2025-12-02T23:00:00-04:00,synthetic,synthetic_fixed_48h
facebook,synthetic_facebook_01,synthetic_facebook_01_post_0272,2025-12-01T04:00:00-04:00,52,2,2025-12-03T04:00:00-04:00,synthetic,synthetic_fixed_48h
facebook,synthetic_facebook_02,synthetic_facebook_02_post_0283,2025-12-01T12:00:00-04:00,67,2,2025-12-03T12:00:00-04:00,synthetic,synthetic_fixed_48h
instagram,synthetic_instagram_02,synthetic_instagram_02_post_0289,2025-12-01T12:00:00-04:00,50,3,2025-12-03T12:00:00-04:00,synthetic,synthetic_fixed_48h
instagram,synthetic_instagram_01,synthetic_instagram_01_post_0267,2025-12-01T17:00:00-04:00,54,4,2025-12-03T17:00:00-04:00,synthetic,synthetic_fixed_48h
facebook,synthetic_facebook_02,synthetic_facebook_02_post_0284,2025-12-01T18:00:00-04:00,67,5,2025-12-03T18:00:00-04:00,synthetic,synthetic_fixed_48h
facebook,synthetic_facebook_02,synthetic_facebook_02_post_0285,2025-12-01T19:00:00-04:00,29,2,2025-12-03T19:00:00-04:00,synthetic,synthetic_fixed_48h
facebook,synthetic_facebook_03,synthetic_facebook_03_post_0261,2025-12-02T02:00:00-04:00,41,7,2025-12-04T02:00:00-04:00,synthetic,synthetic_fixed_48h
instagram,synthetic_instagram_03,synthetic_instagram_03_post_0285,2025-12-02T06:00:00-04:00,64,7,2025-12-04T06:00:00-04:00,synthetic,synthetic_fixed_48h
instagram,synthetic_instagram_03,synthetic_instagram_03_post_0286,2025-12-02T07:00:00-04:00,79,4,2025-12-04T07:00:00-04:00,synthetic,synthetic_fixed_48h
facebook,synthetic_facebook_02,synthetic_facebook_02_post_0286,2025-12-02T08:00:00-04:00,59,4,2025-12-04T08:00:00-04:00,synthetic,synthetic_fixed_48h
facebook,synthetic_facebook_03,synthetic_facebook_03_post_0262,2025-12-02T08:00:00-04:00,42,1,2025-12-04T08:00:00-04:00,synthetic,synthetic_fixed_48h
instagram,synthetic_instagram_03,synthetic_instagram_03_post_0287,2025-12-02T08:00:00-04:00,59,5,2025-12-04T08:00:00-04:00,synthetic,synthetic_fixed_48h
facebook,synthetic_facebook_02,synthetic_facebook_02_post_0287,2025-12-02T12:00:00-04:00,100,5,2025-12-04T12:00:00-04:00,synthetic,synthetic_fixed_48h
facebook,synthetic_facebook_02,synthetic_facebook_02_post_0288,2025-12-02T18:00:00-04:00,53,6,2025-12-04T18:00:00-04:00,synthetic,synthetic_fixed_48h
instagram,synthetic_instagram_01,synthetic_instagram_01_post_0268,2025-12-02T18:00:00-04:00,29,2,2025-12-04T18:00:00-04:00,synthetic,synthetic_fixed_48h
instagram,synthetic_instagram_03,synthetic_instagram_03_post_0288,2025-12-03T02:00:00-04:00,73,6,2025-12-05T02:00:00-04:00,synthetic,synthetic_fixed_48h
facebook,synthetic_facebook_03,synthetic_facebook_03_post_0263,2025-12-03T08:00:00-04:00,22,2,2025-12-05T08:00:00-04:00,synthetic,synthetic_fixed_48h
instagram,synthetic_instagram_03,synthetic_instagram_03_post_0289,2025-12-03T18:00:00-04:00,63,7,2025-12-05T18:00:00-04:00,synthetic,synthetic_fixed_48h
facebook,synthetic_facebook_02,synthetic_facebook_02_post_0289,2025-12-03T21:00:00-04:00,59,4,2025-12-05T21:00:00-04:00,synthetic,synthetic_fixed_48h
facebook,synthetic_facebook_02,synthetic_facebook_02_post_0290,2025-12-04T07:00:00-04:00,58,3,2025-12-06T07:00:00-04:00,synthetic,synthetic_fixed_48h
instagram,synthetic_instagram_01,synthetic_instagram_01_post_0269,2025-12-04T15:00:00-04:00,51,3,2025-12-06T15:00:00-04:00,synthetic,synthetic_fixed_48h
instagram,synthetic_instagram_02,synthetic_instagram_02_post_0290,2025-12-04T17:00:00-04:00,130,12,2025-12-06T17:00:00-04:00,synthetic,synthetic_fixed_48h
instagram,synthetic_instagram_03,synthetic_instagram_03_post_0290,2025-12-04T17:00:00-04:00,77,7,2025-12-06T17:00:00-04:00,synthetic,synthetic_fixed_48h
instagram,synthetic_instagram_01,synthetic_instagram_01_post_0270,2025-12-04T18:00:00-04:00,78,8,2025-12-06T18:00:00-04:00,synthetic,synthetic_fixed_48h
instagram,synthetic_instagram_03,synthetic_instagram_03_post_0291,2025-12-05T07:00:00-04:00,71,5,2025-12-07T07:00:00-04:00,synthetic,synthetic_fixed_48h
instagram,synthetic_instagram_01,synthetic_instagram_01_post_0271,2025-12-05T09:00:00-04:00,48,2,2025-12-07T09:00:00-04:00,synthetic,synthetic_fixed_48h
instagram,synthetic_instagram_02,synthetic_instagram_02_post_0291,2025-12-05T12:00:00-04:00,55,5,2025-12-07T12:00:00-04:00,synthetic,synthetic_fixed_48h
instagram,synthetic_instagram_01,synthetic_instagram_01_post_0272,2025-12-05T17:00:00-04:00,33,2,2025-12-07T17:00:00-04:00,synthetic,synthetic_fixed_48h
facebook,synthetic_facebook_03,synthetic_facebook_03_post_0264,2025-12-05T18:00:00-04:00,130,10,2025-12-07T18:00:00-04:00,synthetic,synthetic_fixed_48h
facebook,synthetic_facebook_03,synthetic_facebook_03_post_0265,2025-12-05T20:00:00-04:00,126,12,2025-12-07T20:00:00-04:00,synthetic,synthetic_fixed_48h
facebook,synthetic_facebook_01,synthetic_facebook_01_post_0273,2025-12-05T21:00:00-04:00,26,2,2025-12-07T21:00:00-04:00,synthetic,synthetic_fixed_48h
facebook,synthetic_facebook_02,synthetic_facebook_02_post_0291,2025-12-05T23:00:00-04:00,28,2,2025-12-07T23:00:00-04:00,synthetic,synthetic_fixed_48h
facebook,synthetic_facebook_02,synthetic_facebook_02_post_0292,2025-12-06T02:00:00-04:00,36,4,2025-12-08T02:00:00-04:00,synthetic,synthetic_fixed_48h
facebook,synthetic_facebook_02,synthetic_facebook_02_post_0293,2025-12-06T08:00:00-04:00,32,2,2025-12-08T08:00:00-04:00,synthetic,synthetic_fixed_48h
facebook,synthetic_facebook_02,synthetic_facebook_02_post_0294,2025-12-06T11:00:00-04:00,69,0,2025-12-08T11:00:00-04:00,synthetic,synthetic_fixed_48h
facebook,synthetic_facebook_03,synthetic_facebook_03_post_0266,2025-12-06T11:00:00-04:00,109,7,2025-12-08T11:00:00-04:00,synthetic,synthetic_fixed_48h
instagram,synthetic_instagram_03,synthetic_instagram_03_post_0292,2025-12-06T14:00:00-04:00,105,9,2025-12-08T14:00:00-04:00,synthetic,synthetic_fixed_48h
facebook,synthetic_facebook_03,synthetic_facebook_03_post_0267,2025-12-06T17:00:00-04:00,116,6,2025-12-08T17:00:00-04:00,synthetic,synthetic_fixed_48h
facebook,synthetic_facebook_01,synthetic_facebook_01_post_0274,2025-12-06T18:00:00-04:00,31,0,2025-12-08T18:00:00-04:00,synthetic,synthetic_fixed_48h
instagram,synthetic_instagram_01,synthetic_instagram_01_post_0273,2025-12-06T20:00:00-04:00,42,5,2025-12-08T20:00:00-04:00,synthetic,synthetic_fixed_48h
facebook,synthetic_facebook_03,synthetic_facebook_03_post_0268,2025-12-07T03:00:00-04:00,55,5,2025-12-09T03:00:00-04:00,synthetic,synthetic_fixed_48h
facebook,synthetic_facebook_03,synthetic_facebook_03_post_0269,2025-12-07T06:00:00-04:00,54,2,2025-12-09T06:00:00-04:00,synthetic,synthetic_fixed_48h
facebook,synthetic_facebook_03,synthetic_facebook_03_post_0270,2025-12-07T07:00:00-04:00,40,2,2025-12-09T07:00:00-04:00,synthetic,synthetic_fixed_48h
instagram,synthetic_instagram_01,synthetic_instagram_01_post_0274,2025-12-07T19:00:00-04:00,53,5,2025-12-09T19:00:00-04:00,synthetic,synthetic_fixed_48h
instagram,synthetic_instagram_02,synthetic_instagram_02_post_0292,2025-12-08T01:00:00-04:00,26,2,2025-12-10T01:00:00-04:00,synthetic,synthetic_fixed_48h
instagram,synthetic_instagram_03,synthetic_instagram_03_post_0293,2025-12-08T21:00:00-04:00,146,14,2025-12-10T21:00:00-04:00,synthetic,synthetic_fixed_48h
instagram,synthetic_instagram_02,synthetic_instagram_02_post_0293,2025-12-09T01:00:00-04:00,49,4,2025-12-11T01:00:00-04:00,synthetic,synthetic_fixed_48h
facebook,synthetic_facebook_01,synthetic_facebook_01_post_0275,2025-12-09T03:00:00-04:00,30,1,2025-12-11T03:00:00-04:00,synthetic,synthetic_fixed_48h
facebook,synthetic_facebook_02,synthetic_facebook_02_post_0295,2025-12-09T05:00:00-04:00,45,2,2025-12-11T05:00:00-04:00,synthetic,synthetic_fixed_48h
instagram,synthetic_instagram_03,synthetic_instagram_03_post_0294,2025-12-09T07:00:00-04:00,35,6,2025-12-11T07:00:00-04:00,synthetic,synthetic_fixed_48h
instagram,synthetic_instagram_03,synthetic_instagram_03_post_0295,2025-12-09T09:00:00-04:00,29,2,2025-12-11T09:00:00-04:00,synthetic,synthetic_fixed_48h
facebook,synthetic_facebook_02,synthetic_facebook_02_post_0296,2025-12-09T10:00:00-04:00,109,12,2025-12-11T10:00:00-04:00,synthetic,synthetic_fixed_48h
facebook,synthetic_facebook_01,synthetic_facebook_01_post_0276,2025-12-09T13:00:00-04:00,33,3,2025-12-11T13:00:00-04:00,synthetic,synthetic_fixed_48h
instagram,synthetic_instagram_03,synthetic_instagram_03_post_0296,2025-12-09T13:00:00-04:00,23,0,2025-12-11T13:00:00-04:00,synthetic,synthetic_fixed_48h
facebook,synthetic_facebook_02,synthetic_facebook_02_post_0297,2025-12-09T14:00:00-04:00,99,9,2025-12-11T14:00:00-04:00,synthetic,synthetic_fixed_48h
facebook,synthetic_facebook_02,synthetic_facebook_02_post_0298,2025-12-09T17:00:00-04:00,80,4,2025-12-11T17:00:00-04:00,synthetic,synthetic_fixed_48h
instagram,synthetic_instagram_01,synthetic_instagram_01_post_0275,2025-12-09T18:00:00-04:00,79,4,2025-12-11T18:00:00-04:00,synthetic,synthetic_fixed_48h
facebook,synthetic_facebook_01,synthetic_facebook_01_post_0277,2025-12-10T09:00:00-04:00,73,9,2025-12-12T09:00:00-04:00,synthetic,synthetic_fixed_48h
facebook,synthetic_facebook_02,synthetic_facebook_02_post_0299,2025-12-10T09:00:00-04:00,54,1,2025-12-12T09:00:00-04:00,synthetic,synthetic_fixed_48h
facebook,synthetic_facebook_03,synthetic_facebook_03_post_0271,2025-12-10T12:00:00-04:00,68,1,2025-12-12T12:00:00-04:00,synthetic,synthetic_fixed_48h
instagram,synthetic_instagram_01,synthetic_instagram_01_post_0276,2025-12-10T20:00:00-04:00,47,0,2025-12-12T20:00:00-04:00,synthetic,synthetic_fixed_48h
instagram,synthetic_instagram_03,synthetic_instagram_03_post_0297,2025-12-10T20:00:00-04:00,127,17,2025-12-12T20:00:00-04:00,synthetic,synthetic_fixed_48h
facebook,synthetic_facebook_03,synthetic_facebook_03_post_0272,2025-12-11T05:00:00-04:00,36,5,2025-12-13T05:00:00-04:00,synthetic,synthetic_fixed_48h
facebook,synthetic_facebook_03,synthetic_facebook_03_post_0273,2025-12-11T07:00:00-04:00,74,6,2025-12-13T07:00:00-04:00,synthetic,synthetic_fixed_48h
facebook,synthetic_facebook_01,synthetic_facebook_01_post_0278,2025-12-11T10:00:00-04:00,96,4,2025-12-13T10:00:00-04:00,synthetic,synthetic_fixed_48h
facebook,synthetic_facebook_02,synthetic_facebook_02_post_0300,2025-12-11T13:00:00-04:00,140,9,2025-12-13T13:00:00-04:00,synthetic,synthetic_fixed_48h
instagram,synthetic_instagram_01,synthetic_instagram_01_post_0277,2025-12-11T15:00:00-04:00,51,3,2025-12-13T15:00:00-04:00,synthetic,synthetic_fixed_48h
facebook,synthetic_facebook_02,synthetic_facebook_02_post_0301,2025-12-11T19:00:00-04:00,64,5,2025-12-13T19:00:00-04:00,synthetic,synthetic_fixed_48h
facebook,synthetic_facebook_02,synthetic_facebook_02_post_0302,2025-12-11T20:00:00-04:00,49,3,2025-12-13T20:00:00-04:00,synthetic,synthetic_fixed_48h
facebook,synthetic_facebook_01,synthetic_facebook_01_post_0279,2025-12-11T23:00:00-04:00,15,2,2025-12-13T23:00:00-04:00,synthetic,synthetic_fixed_48h
instagram,synthetic_instagram_02,synthetic_instagram_02_post_0294,2025-12-12T14:00:00-04:00,91,9,2025-12-14T14:00:00-04:00,synthetic,synthetic_fixed_48h
instagram,synthetic_instagram_03,synthetic_instagram_03_post_0298,2025-12-12T15:00:00-04:00,68,4,2025-12-14T15:00:00-04:00,synthetic,synthetic_fixed_48h
instagram,synthetic_instagram_02,synthetic_instagram_02_post_0295,2025-12-12T17:00:00-04:00,103,6,2025-12-14T17:00:00-04:00,synthetic,synthetic_fixed_48h
instagram,synthetic_instagram_03,synthetic_instagram_03_post_0299,2025-12-12T22:00:00-04:00,125,9,2025-12-14T22:00:00-04:00,synthetic,synthetic_fixed_48h
facebook,synthetic_facebook_01,synthetic_facebook_01_post_0280,2025-12-13T00:00:00-04:00,38,2,2025-12-15T00:00:00-04:00,synthetic,synthetic_fixed_48h
instagram,synthetic_instagram_03,synthetic_instagram_03_post_0300,2025-12-13T00:00:00-04:00,92,6,2025-12-15T00:00:00-04:00,synthetic,synthetic_fixed_48h
facebook,synthetic_facebook_01,synthetic_facebook_01_post_0281,2025-12-13T14:00:00-04:00,25,1,2025-12-15T14:00:00-04:00,synthetic,synthetic_fixed_48h
facebook,synthetic_facebook_03,synthetic_facebook_03_post_0274,2025-12-13T14:00:00-04:00,86,9,2025-12-15T14:00:00-04:00,synthetic,synthetic_fixed_48h
facebook,synthetic_facebook_03,synthetic_facebook_03_post_0275,2025-12-13T15:00:00-04:00,138,10,2025-12-15T15:00:00-04:00,synthetic,synthetic_fixed_48h
instagram,synthetic_instagram_02,synthetic_instagram_02_post_0296,2025-12-13T20:00:00-04:00,40,7,2025-12-15T20:00:00-04:00,synthetic,synthetic_fixed_48h
facebook,synthetic_facebook_01,synthetic_facebook_01_post_0282,2025-12-14T06:00:00-04:00,86,5,2025-12-16T06:00:00-04:00,synthetic,synthetic_fixed_48h
instagram,synthetic_instagram_01,synthetic_instagram_01_post_0278,2025-12-14T14:00:00-04:00,85,2,2025-12-16T14:00:00-04:00,synthetic,synthetic_fixed_48h
facebook,synthetic_facebook_01,synthetic_facebook_01_post_0283,2025-12-14T16:00:00-04:00,48,0,2025-12-16T16:00:00-04:00,synthetic,synthetic_fixed_48h
instagram,synthetic_instagram_02,synthetic_instagram_02_post_0297,2025-12-14T18:00:00-04:00,99,5,2025-12-16T18:00:00-04:00,synthetic,synthetic_fixed_48h
instagram,synthetic_instagram_01,synthetic_instagram_01_post_0279,2025-12-15T01:00:00-04:00,28,0,2025-12-17T01:00:00-04:00,synthetic,synthetic_fixed_48h
instagram,synthetic_instagram_02,synthetic_instagram_02_post_0298,2025-12-15T01:00:00-04:00,57,5,2025-12-17T01:00:00-04:00,synthetic,synthetic_fixed_48h
facebook,synthetic_facebook_03,synthetic_facebook_03_post_0276,2025-12-15T06:00:00-04:00,21,0,2025-12-17T06:00:00-04:00,synthetic,synthetic_fixed_48h
facebook,synthetic_facebook_02,synthetic_facebook_02_post_0303,2025-12-15T12:00:00-04:00,101,4,2025-12-17T12:00:00-04:00,synthetic,synthetic_fixed_48h
facebook,synthetic_facebook_02,synthetic_facebook_02_post_0304,2025-12-15T15:00:00-04:00,106,5,2025-12-17T15:00:00-04:00,synthetic,synthetic_fixed_48h
instagram,synthetic_instagram_02,synthetic_instagram_02_post_0299,2025-12-16T09:00:00-04:00,47,5,2025-12-18T09:00:00-04:00,synthetic,synthetic_fixed_48h
facebook,synthetic_facebook_01,synthetic_facebook_01_post_0284,2025-12-16T10:00:00-04:00,91,4,2025-12-18T10:00:00-04:00,synthetic,synthetic_fixed_48h
facebook,synthetic_facebook_02,synthetic_facebook_02_post_0305,2025-12-16T18:00:00-04:00,94,4,2025-12-18T18:00:00-04:00,synthetic,synthetic_fixed_48h
facebook,synthetic_facebook_01,synthetic_facebook_01_post_0285,2025-12-17T01:00:00-04:00,39,0,2025-12-19T01:00:00-04:00,synthetic,synthetic_fixed_48h
facebook,synthetic_facebook_01,synthetic_facebook_01_post_0286,2025-12-17T07:00:00-04:00,53,6,2025-12-19T07:00:00-04:00,synthetic,synthetic_fixed_48h
facebook,synthetic_facebook_02,synthetic_facebook_02_post_0306,2025-12-17T11:00:00-04:00,83,6,2025-12-19T11:00:00-04:00,synthetic,synthetic_fixed_48h
facebook,synthetic_facebook_01,synthetic_facebook_01_post_0287,2025-12-17T14:00:00-04:00,19,1,2025-12-19T14:00:00-04:00,synthetic,synthetic_fixed_48h
facebook,synthetic_facebook_02,synthetic_facebook_02_post_0307,2025-12-17T14:00:00-04:00,110,5,2025-12-19T14:00:00-04:00,synthetic,synthetic_fixed_48h
facebook,synthetic_facebook_02,synthetic_facebook_02_post_0308,2025-12-17T16:00:00-04:00,197,11,2025-12-19T16:00:00-04:00,synthetic,synthetic_fixed_48h
instagram,synthetic_instagram_03,synthetic_instagram_03_post_0301,2025-12-18T07:00:00-04:00,51,3,2025-12-20T07:00:00-04:00,synthetic,synthetic_fixed_48h
instagram,synthetic_instagram_01,synthetic_instagram_01_post_0280,2025-12-18T10:00:00-04:00,54,5,2025-12-20T10:00:00-04:00,synthetic,synthetic_fixed_48h
facebook,synthetic_facebook_01,synthetic_facebook_01_post_0288,2025-12-18T11:00:00-04:00,50,2,2025-12-20T11:00:00-04:00,synthetic,synthetic_fixed_48h
facebook,synthetic_facebook_01,synthetic_facebook_01_post_0289,2025-12-18T15:00:00-04:00,23,3,2025-12-20T15:00:00-04:00,synthetic,synthetic_fixed_48h
instagram,synthetic_instagram_01,synthetic_instagram_01_post_0281,2025-12-18T16:00:00-04:00,45,3,2025-12-20T16:00:00-04:00,synthetic,synthetic_fixed_48h
instagram,synthetic_instagram_01,synthetic_instagram_01_post_0282,2025-12-18T18:00:00-04:00,55,7,2025-12-20T18:00:00-04:00,synthetic,synthetic_fixed_48h
facebook,synthetic_facebook_03,synthetic_facebook_03_post_0277,2025-12-19T00:00:00-04:00,137,7,2025-12-21T00:00:00-04:00,synthetic,synthetic_fixed_48h
instagram,synthetic_instagram_03,synthetic_instagram_03_post_0302,2025-12-19T02:00:00-04:00,92,9,2025-12-21T02:00:00-04:00,synthetic,synthetic_fixed_48h
instagram,synthetic_instagram_02,synthetic_instagram_02_post_0300,2025-12-19T10:00:00-04:00,55,2,2025-12-21T10:00:00-04:00,synthetic,synthetic_fixed_48h
instagram,synthetic_instagram_03,synthetic_instagram_03_post_0303,2025-12-19T15:00:00-04:00,93,6,2025-12-21T15:00:00-04:00,synthetic,synthetic_fixed_48h
facebook,synthetic_facebook_03,synthetic_facebook_03_post_0278,2025-12-19T17:00:00-04:00,174,12,2025-12-21T17:00:00-04:00,synthetic,synthetic_fixed_48h
facebook,synthetic_facebook_02,synthetic_facebook_02_post_0309,2025-12-20T06:00:00-04:00,63,7,2025-12-22T06:00:00-04:00,synthetic,synthetic_fixed_48h
facebook,synthetic_facebook_02,synthetic_facebook_02_post_0310,2025-12-20T09:00:00-04:00,32,1,2025-12-22T09:00:00-04:00,synthetic,synthetic_fixed_48h
instagram,synthetic_instagram_03,synthetic_instagram_03_post_0304,2025-12-20T09:00:00-04:00,43,6,2025-12-22T09:00:00-04:00,synthetic,synthetic_fixed_48h
facebook,synthetic_facebook_03,synthetic_facebook_03_post_0279,2025-12-20T19:00:00-04:00,162,14,2025-12-22T19:00:00-04:00,synthetic,synthetic_fixed_48h
instagram,synthetic_instagram_03,synthetic_instagram_03_post_0305,2025-12-20T19:00:00-04:00,141,7,2025-12-22T19:00:00-04:00,synthetic,synthetic_fixed_48h
facebook,synthetic_facebook_01,synthetic_facebook_01_post_0290,2025-12-21T01:00:00-04:00,21,3,2025-12-23T01:00:00-04:00,synthetic,synthetic_fixed_48h
facebook,synthetic_facebook_01,synthetic_facebook_01_post_0291,2025-12-21T04:00:00-04:00,26,4,2025-12-23T04:00:00-04:00,synthetic,synthetic_fixed_48h
instagram,synthetic_instagram_01,synthetic_instagram_01_post_0283,2025-12-21T04:00:00-04:00,23,3,2025-12-23T04:00:00-04:00,synthetic,synthetic_fixed_48h
facebook,synthetic_facebook_01,synthetic_facebook_01_post_0292,2025-12-21T05:00:00-04:00,31,2,2025-12-23T05:00:00-04:00,synthetic,synthetic_fixed_48h
instagram,synthetic_instagram_02,synthetic_instagram_02_post_0301,2025-12-21T21:00:00-04:00,43,4,2025-12-23T21:00:00-04:00,synthetic,synthetic_fixed_48h
instagram,synthetic_instagram_02,synthetic_instagram_02_post_0302,2025-12-22T06:00:00-04:00,39,5,2025-12-24T06:00:00-04:00,synthetic,synthetic_fixed_48h
facebook,synthetic_facebook_03,synthetic_facebook_03_post_0280,2025-12-22T09:00:00-04:00,27,2,2025-12-24T09:00:00-04:00,synthetic,synthetic_fixed_48h
facebook,synthetic_facebook_03,synthetic_facebook_03_post_0281,2025-12-22T13:00:00-04:00,66,6,2025-12-24T13:00:00-04:00,synthetic,synthetic_fixed_48h
facebook,synthetic_facebook_01,synthetic_facebook_01_post_0293,2025-12-22T20:00:00-04:00,16,1,2025-12-24T20:00:00-04:00,synthetic,synthetic_fixed_48h
instagram,synthetic_instagram_03,synthetic_instagram_03_post_0306,2025-12-22T23:00:00-04:00,110,8,2025-12-24T23:00:00-04:00,synthetic,synthetic_fixed_48h
instagram,synthetic_instagram_01,synthetic_instagram_01_post_0284,2025-12-23T01:00:00-04:00,29,0,2025-12-25T01:00:00-04:00,synthetic,synthetic_fixed_48h
instagram,synthetic_instagram_03,synthetic_instagram_03_post_0307,2025-12-23T05:00:00-04:00,55,4,2025-12-25T05:00:00-04:00,synthetic,synthetic_fixed_48h
instagram,synthetic_instagram_03,synthetic_instagram_03_post_0308,2025-12-23T06:00:00-04:00,42,4,2025-12-25T06:00:00-04:00,synthetic,synthetic_fixed_48h
instagram,synthetic_instagram_02,synthetic_instagram_02_post_0303,2025-12-23T07:00:00-04:00,39,4,2025-12-25T07:00:00-04:00,synthetic,synthetic_fixed_48h
facebook,synthetic_facebook_02,synthetic_facebook_02_post_0311,2025-12-23T10:00:00-04:00,195,13,2025-12-25T10:00:00-04:00,synthetic,synthetic_fixed_48h
facebook,synthetic_facebook_01,synthetic_facebook_01_post_0294,2025-12-23T12:00:00-04:00,48,0,2025-12-25T12:00:00-04:00,synthetic,synthetic_fixed_48h
facebook,synthetic_facebook_03,synthetic_facebook_03_post_0282,2025-12-23T16:00:00-04:00,87,6,2025-12-25T16:00:00-04:00,synthetic,synthetic_fixed_48h
facebook,synthetic_facebook_03,synthetic_facebook_03_post_0283,2025-12-23T18:00:00-04:00,78,5,2025-12-25T18:00:00-04:00,synthetic,synthetic_fixed_48h
instagram,synthetic_instagram_01,synthetic_instagram_01_post_0285,2025-12-23T18:00:00-04:00,50,4,2025-12-25T18:00:00-04:00,synthetic,synthetic_fixed_48h
instagram,synthetic_instagram_01,synthetic_instagram_01_post_0286,2025-12-24T01:00:00-04:00,17,1,2025-12-26T01:00:00-04:00,synthetic,synthetic_fixed_48h
instagram,synthetic_instagram_02,synthetic_instagram_02_post_0304,2025-12-24T02:00:00-04:00,28,1,2025-12-26T02:00:00-04:00,synthetic,synthetic_fixed_48h
facebook,synthetic_facebook_03,synthetic_facebook_03_post_0284,2025-12-24T13:00:00-04:00,93,5,2025-12-26T13:00:00-04:00,synthetic,synthetic_fixed_48h
facebook,synthetic_facebook_01,synthetic_facebook_01_post_0295,2025-12-25T02:00:00-04:00,24,2,2025-12-27T02:00:00-04:00,synthetic,synthetic_fixed_48h
facebook,synthetic_facebook_02,synthetic_facebook_02_post_0312,2025-12-25T02:00:00-04:00,17,1,2025-12-27T02:00:00-04:00,synthetic,synthetic_fixed_48h
instagram,synthetic_instagram_01,synthetic_instagram_01_post_0287,2025-12-25T04:00:00-04:00,18,2,2025-12-27T04:00:00-04:00,synthetic,synthetic_fixed_48h
instagram,synthetic_instagram_03,synthetic_instagram_03_post_0309,2025-12-25T07:00:00-04:00,43,2,2025-12-27T07:00:00-04:00,synthetic,synthetic_fixed_48h
instagram,synthetic_instagram_01,synthetic_instagram_01_post_0288,2025-12-25T20:00:00-04:00,43,2,2025-12-27T20:00:00-04:00,synthetic,synthetic_fixed_48h
facebook,synthetic_facebook_01,synthetic_facebook_01_post_0296,2025-12-25T22:00:00-04:00,30,1,2025-12-27T22:00:00-04:00,synthetic,synthetic_fixed_48h
facebook,synthetic_facebook_02,synthetic_facebook_02_post_0313,2025-12-26T05:00:00-04:00,23,7,2025-12-28T05:00:00-04:00,synthetic,synthetic_fixed_48h
instagram,synthetic_instagram_02,synthetic_instagram_02_post_0305,2025-12-26T06:00:00-04:00,36,3,2025-12-28T06:00:00-04:00,synthetic,synthetic_fixed_48h
facebook,synthetic_facebook_02,synthetic_facebook_02_post_0314,2025-12-26T11:00:00-04:00,44,1,2025-12-28T11:00:00-04:00,synthetic,synthetic_fixed_48h
facebook,synthetic_facebook_03,synthetic_facebook_03_post_0285,2025-12-27T01:00:00-04:00,50,3,2025-12-29T01:00:00-04:00,synthetic,synthetic_fixed_48h
instagram,synthetic_instagram_03,synthetic_instagram_03_post_0310,2025-12-27T02:00:00-04:00,100,7,2025-12-29T02:00:00-04:00,synthetic,synthetic_fixed_48h
facebook,synthetic_facebook_01,synthetic_facebook_01_post_0297,2025-12-27T04:00:00-04:00,46,5,2025-12-29T04:00:00-04:00,synthetic,synthetic_fixed_48h
facebook,synthetic_facebook_03,synthetic_facebook_03_post_0286,2025-12-27T05:00:00-04:00,43,6,2025-12-29T05:00:00-04:00,synthetic,synthetic_fixed_48h
instagram,synthetic_instagram_03,synthetic_instagram_03_post_0311,2025-12-27T16:00:00-04:00,82,4,2025-12-29T16:00:00-04:00,synthetic,synthetic_fixed_48h
facebook,synthetic_facebook_03,synthetic_facebook_03_post_0287,2025-12-27T23:00:00-04:00,81,1,2025-12-29T23:00:00-04:00,synthetic,synthetic_fixed_48h
facebook,synthetic_facebook_02,synthetic_facebook_02_post_0315,2025-12-28T00:00:00-04:00,32,1,2025-12-30T00:00:00-04:00,synthetic,synthetic_fixed_48h
instagram,synthetic_instagram_01,synthetic_instagram_01_post_0289,2025-12-28T06:00:00-04:00,32,4,2025-12-30T06:00:00-04:00,synthetic,synthetic_fixed_48h
instagram,synthetic_instagram_03,synthetic_instagram_03_post_0312,2025-12-28T12:00:00-04:00,28,3,2025-12-30T12:00:00-04:00,synthetic,synthetic_fixed_48h
facebook,synthetic_facebook_01,synthetic_facebook_01_post_0298,2025-12-28T16:00:00-04:00,36,6,2025-12-30T16:00:00-04:00,synthetic,synthetic_fixed_48h
instagram,synthetic_instagram_01,synthetic_instagram_01_post_0290,2025-12-28T16:00:00-04:00,50,4,2025-12-30T16:00:00-04:00,synthetic,synthetic_fixed_48h
instagram,synthetic_instagram_01,synthetic_instagram_01_post_0291,2025-12-28T22:00:00-04:00,18,1,2025-12-30T22:00:00-04:00,synthetic,synthetic_fixed_48h
instagram,synthetic_instagram_01,synthetic_instagram_01_post_0292,2025-12-29T00:00:00-04:00,23,2,2025-12-31T00:00:00-04:00,synthetic,synthetic_fixed_48h
instagram,synthetic_instagram_01,synthetic_instagram_01_post_0293,2025-12-29T05:00:00-04:00,55,4,2025-12-31T05:00:00-04:00,synthetic,synthetic_fixed_48h
instagram,synthetic_instagram_03,synthetic_instagram_03_post_0313,2025-12-30T01:00:00-04:00,63,5,2026-01-01T01:00:00-04:00,synthetic,synthetic_fixed_48h
instagram,synthetic_instagram_03,synthetic_instagram_03_post_0314,2025-12-30T09:00:00-04:00,30,0,2026-01-01T09:00:00-04:00,synthetic,synthetic_fixed_48h
facebook,synthetic_facebook_01,synthetic_facebook_01_post_0299,2025-12-30T10:00:00-04:00,60,3,2026-01-01T10:00:00-04:00,synthetic,synthetic_fixed_48h
instagram,synthetic_instagram_03,synthetic_instagram_03_post_0315,2025-12-30T14:00:00-04:00,36,1,2026-01-01T14:00:00-04:00,synthetic,synthetic_fixed_48h
facebook,synthetic_facebook_01,synthetic_facebook_01_post_0300,2025-12-30T17:00:00-04:00,31,5,2026-01-01T17:00:00-04:00,synthetic,synthetic_fixed_48h
instagram,synthetic_instagram_03,synthetic_instagram_03_post_0316,2025-12-30T20:00:00-04:00,111,7,2026-01-01T20:00:00-04:00,synthetic,synthetic_fixed_48h
facebook,synthetic_facebook_02,synthetic_facebook_02_post_0316,2025-12-31T04:00:00-04:00,51,5,2026-01-02T04:00:00-04:00,synthetic,synthetic_fixed_48h
facebook,synthetic_facebook_03,synthetic_facebook_03_post_0288,2025-12-31T04:00:00-04:00,35,2,2026-01-02T04:00:00-04:00,synthetic,synthetic_fixed_48h
instagram,synthetic_instagram_03,synthetic_instagram_03_post_0317,2025-12-31T06:00:00-04:00,70,12,2026-01-02T06:00:00-04:00,synthetic,synthetic_fixed_48h
instagram,synthetic_instagram_01,synthetic_instagram_01_post_0294,2025-12-31T07:00:00-04:00,46,0,2026-01-02T07:00:00-04:00,synthetic,synthetic_fixed_48h
facebook,synthetic_facebook_03,synthetic_facebook_03_post_0289,2025-12-31T12:00:00-04:00,62,5,2026-01-02T12:00:00-04:00,synthetic,synthetic_fixed_48h
instagram,synthetic_instagram_01,synthetic_instagram_01_post_0295,2025-12-31T14:00:00-04:00,72,8,2026-01-02T14:00:00-04:00,synthetic,synthetic_fixed_48h
instagram,synthetic_instagram_02,synthetic_instagram_02_post_0306,2025-12-31T19:00:00-04:00,44,2,2026-01-02T19:00:00-04:00,synthetic,synthetic_fixed_48h
instagram,synthetic_instagram_01,synthetic_instagram_01_post_0296,2025-12-31T22:00:00-04:00,34,5,2026-01-02T22:00:00-04:00,synthetic,synthetic_fixed_48h
instagram,synthetic_instagram_02,synthetic_instagram_02_post_0307,2025-12-31T23:00:00-04:00,55,2,2026-01-02T23:00:00-04:00,synthetic,synthetic_fixed_48h
facebook,synthetic_facebook_01,synthetic_facebook_01_post_0301,2026-01-01T03:00:00-04:00,28,0,2026-01-03T03:00:00-04:00,synthetic,synthetic_fixed_48h
facebook,synthetic_facebook_01,synthetic_facebook_01_post_0302,2026-01-01T04:00:00-04:00,28,0,2026-01-03T04:00:00-04:00,synthetic,synthetic_fixed_48h
instagram,synthetic_instagram_03,synthetic_instagram_03_post_0318,2026-01-01T15:00:00-04:00,121,9,2026-01-03T15:00:00-04:00,synthetic,synthetic_fixed_48h
facebook,synthetic_facebook_02,synthetic_facebook_02_post_0317,2026-01-01T16:00:00-04:00,112,9,2026-01-03T16:00:00-04:00,synthetic,synthetic_fixed_48h
instagram,synthetic_instagram_03,synthetic_instagram_03_post_0319,2026-01-01T16:00:00-04:00,63,7,2026-01-03T16:00:00-04:00,synthetic,synthetic_fixed_48h
instagram,synthetic_instagram_01,synthetic_instagram_01_post_0297,2026-01-01T19:00:00-04:00,20,0,2026-01-03T19:00:00-04:00,synthetic,synthetic_fixed_48h
instagram,synthetic_instagram_01,synthetic_instagram_01_post_0298,2026-01-01T22:00:00-04:00,36,4,2026-01-03T22:00:00-04:00,synthetic,synthetic_fixed_48h
facebook,synthetic_facebook_02,synthetic_facebook_02_post_0318,2026-01-01T23:00:00-04:00,28,1,2026-01-03T23:00:00-04:00,synthetic,synthetic_fixed_48h
facebook,synthetic_facebook_03,synthetic_facebook_03_post_0290,2026-01-02T00:00:00-04:00,76,6,2026-01-04T00:00:00-04:00,synthetic,synthetic_fixed_48h
instagram,synthetic_instagram_02,synthetic_instagram_02_post_0308,2026-01-02T00:00:00-04:00,40,2,2026-01-04T00:00:00-04:00,synthetic,synthetic_fixed_48h
instagram,synthetic_instagram_02,synthetic_instagram_02_post_0309,2026-01-02T01:00:00-04:00,27,1,2026-01-04T01:00:00-04:00,synthetic,synthetic_fixed_48h
instagram,synthetic_instagram_01,synthetic_instagram_01_post_0299,2026-01-02T03:00:00-04:00,19,2,2026-01-04T03:00:00-04:00,synthetic,synthetic_fixed_48h
instagram,synthetic_instagram_03,synthetic_instagram_03_post_0320,2026-01-02T05:00:00-04:00,40,4,2026-01-04T05:00:00-04:00,synthetic,synthetic_fixed_48h
instagram,synthetic_instagram_03,synthetic_instagram_03_post_0321,2026-01-02T14:00:00-04:00,75,9,2026-01-04T14:00:00-04:00,synthetic,synthetic_fixed_48h
facebook,synthetic_facebook_01,synthetic_facebook_01_post_0303,2026-01-02T23:00:00-04:00,8,0,2026-01-04T23:00:00-04:00,synthetic,synthetic_fixed_48h
instagram,synthetic_instagram_03,synthetic_instagram_03_post_0322,2026-01-03T00:00:00-04:00,141,11,2026-01-05T00:00:00-04:00,synthetic,synthetic_fixed_48h
instagram,synthetic_instagram_01,synthetic_instagram_01_post_0300,2026-01-03T22:00:00-04:00,16,1,2026-01-05T22:00:00-04:00,synthetic,synthetic_fixed_48h
instagram,synthetic_instagram_01,synthetic_instagram_01_post_0301,2026-01-03T23:00:00-04:00,23,2,2026-01-05T23:00:00-04:00,synthetic,synthetic_fixed_48h
instagram,synthetic_instagram_01,synthetic_instagram_01_post_0302,2026-01-04T03:00:00-04:00,21,2,2026-01-06T03:00:00-04:00,synthetic,synthetic_fixed_48h
facebook,synthetic_facebook_02,synthetic_facebook_02_post_0319,2026-01-04T11:00:00-04:00,65,2,2026-01-06T11:00:00-04:00,synthetic,synthetic_fixed_48h
instagram,synthetic_instagram_02,synthetic_instagram_02_post_0310,2026-01-04T14:00:00-04:00,28,1,2026-01-06T14:00:00-04:00,synthetic,synthetic_fixed_48h
facebook,synthetic_facebook_02,synthetic_facebook_02_post_0320,2026-01-04T18:00:00-04:00,24,0,2026-01-06T18:00:00-04:00,synthetic,synthetic_fixed_48h
instagram,synthetic_instagram_01,synthetic_instagram_01_post_0303,2026-01-05T01:00:00-04:00,17,3,2026-01-07T01:00:00-04:00,synthetic,synthetic_fixed_48h
facebook,synthetic_facebook_02,synthetic_facebook_02_post_0321,2026-01-05T11:00:00-04:00,58,6,2026-01-07T11:00:00-04:00,synthetic,synthetic_fixed_48h
facebook,synthetic_facebook_01,synthetic_facebook_01_post_0304,2026-01-05T14:00:00-04:00,38,1,2026-01-07T14:00:00-04:00,synthetic,synthetic_fixed_48h
facebook,synthetic_facebook_03,synthetic_facebook_03_post_0291,2026-01-05T17:00:00-04:00,66,8,2026-01-07T17:00:00-04:00,synthetic,synthetic_fixed_48h
facebook,synthetic_facebook_01,synthetic_facebook_01_post_0305,2026-01-06T02:00:00-04:00,21,4,2026-01-08T02:00:00-04:00,synthetic,synthetic_fixed_48h
facebook,synthetic_facebook_03,synthetic_facebook_03_post_0292,2026-01-06T02:00:00-04:00,18,0,2026-01-08T02:00:00-04:00,synthetic,synthetic_fixed_48h
instagram,synthetic_instagram_01,synthetic_instagram_01_post_0304,2026-01-06T10:00:00-04:00,83,1,2026-01-08T10:00:00-04:00,synthetic,synthetic_fixed_48h
instagram,synthetic_instagram_01,synthetic_instagram_01_post_0305,2026-01-06T16:00:00-04:00,47,6,2026-01-08T16:00:00-04:00,synthetic,synthetic_fixed_48h
facebook,synthetic_facebook_02,synthetic_facebook_02_post_0322,2026-01-06T17:00:00-04:00,46,4,2026-01-08T17:00:00-04:00,synthetic,synthetic_fixed_48h
instagram,synthetic_instagram_01,synthetic_instagram_01_post_0306,2026-01-07T04:00:00-04:00,34,3,2026-01-09T04:00:00-04:00,synthetic,synthetic_fixed_48h
instagram,synthetic_instagram_02,synthetic_instagram_02_post_0311,2026-01-07T14:00:00-04:00,72,5,2026-01-09T14:00:00-04:00,synthetic,synthetic_fixed_48h
facebook,synthetic_facebook_01,synthetic_facebook_01_post_0306,2026-01-07T16:00:00-04:00,28,1,2026-01-09T16:00:00-04:00,synthetic,synthetic_fixed_48h
facebook,synthetic_facebook_01,synthetic_facebook_01_post_0307,2026-01-07T18:00:00-04:00,21,3,2026-01-09T18:00:00-04:00,synthetic,synthetic_fixed_48h
facebook,synthetic_facebook_03,synthetic_facebook_03_post_0293,2026-01-08T00:00:00-04:00,78,4,2026-01-10T00:00:00-04:00,synthetic,synthetic_fixed_48h
instagram,synthetic_instagram_03,synthetic_instagram_03_post_0323,2026-01-08T07:00:00-04:00,66,7,2026-01-10T07:00:00-04:00,synthetic,synthetic_fixed_48h
instagram,synthetic_instagram_02,synthetic_instagram_02_post_0312,2026-01-08T11:00:00-04:00,22,3,2026-01-10T11:00:00-04:00,synthetic,synthetic_fixed_48h
instagram,synthetic_instagram_01,synthetic_instagram_01_post_0307,2026-01-08T12:00:00-04:00,66,6,2026-01-10T12:00:00-04:00,synthetic,synthetic_fixed_48h
facebook,synthetic_facebook_01,synthetic_facebook_01_post_0308,2026-01-08T13:00:00-04:00,32,4,2026-01-10T13:00:00-04:00,synthetic,synthetic_fixed_48h
instagram,synthetic_instagram_02,synthetic_instagram_02_post_0313,2026-01-08T15:00:00-04:00,85,5,2026-01-10T15:00:00-04:00,synthetic,synthetic_fixed_48h
facebook,synthetic_facebook_02,synthetic_facebook_02_post_0323,2026-01-08T17:00:00-04:00,48,4,2026-01-10T17:00:00-04:00,synthetic,synthetic_fixed_48h
facebook,synthetic_facebook_02,synthetic_facebook_02_post_0324,2026-01-09T03:00:00-04:00,25,1,2026-01-11T03:00:00-04:00,synthetic,synthetic_fixed_48h
facebook,synthetic_facebook_03,synthetic_facebook_03_post_0294,2026-01-09T04:00:00-04:00,39,3,2026-01-11T04:00:00-04:00,synthetic,synthetic_fixed_48h
instagram,synthetic_instagram_02,synthetic_instagram_02_post_0314,2026-01-09T07:00:00-04:00,60,3,2026-01-11T07:00:00-04:00,synthetic,synthetic_fixed_48h
facebook,synthetic_facebook_01,synthetic_facebook_01_post_0309,2026-01-09T11:00:00-04:00,32,1,2026-01-11T11:00:00-04:00,synthetic,synthetic_fixed_48h
instagram,synthetic_instagram_03,synthetic_instagram_03_post_0324,2026-01-09T15:00:00-04:00,47,7,2026-01-11T15:00:00-04:00,synthetic,synthetic_fixed_48h
facebook,synthetic_facebook_03,synthetic_facebook_03_post_0295,2026-01-10T03:00:00-04:00,87,11,2026-01-12T03:00:00-04:00,synthetic,synthetic_fixed_48h
facebook,synthetic_facebook_03,synthetic_facebook_03_post_0296,2026-01-10T08:00:00-04:00,25,1,2026-01-12T08:00:00-04:00,synthetic,synthetic_fixed_48h
facebook,synthetic_facebook_03,synthetic_facebook_03_post_0297,2026-01-10T14:00:00-04:00,64,2,2026-01-12T14:00:00-04:00,synthetic,synthetic_fixed_48h
instagram,synthetic_instagram_03,synthetic_instagram_03_post_0325,2026-01-10T22:00:00-04:00,97,7,2026-01-12T22:00:00-04:00,synthetic,synthetic_fixed_48h
facebook,synthetic_facebook_03,synthetic_facebook_03_post_0298,2026-01-11T02:00:00-04:00,51,5,2026-01-13T02:00:00-04:00,synthetic,synthetic_fixed_48h
instagram,synthetic_instagram_01,synthetic_instagram_01_post_0308,2026-01-11T10:00:00-04:00,52,5,2026-01-13T10:00:00-04:00,synthetic,synthetic_fixed_48h
instagram,synthetic_instagram_01,synthetic_instagram_01_post_0309,2026-01-11T15:00:00-04:00,39,5,2026-01-13T15:00:00-04:00,synthetic,synthetic_fixed_48h
instagram,synthetic_instagram_01,synthetic_instagram_01_post_0310,2026-01-11T20:00:00-04:00,28,0,2026-01-13T20:00:00-04:00,synthetic,synthetic_fixed_48h
instagram,synthetic_instagram_02,synthetic_instagram_02_post_0315,2026-01-11T20:00:00-04:00,46,6,2026-01-13T20:00:00-04:00,synthetic,synthetic_fixed_48h
instagram,synthetic_instagram_02,synthetic_instagram_02_post_0316,2026-01-11T23:00:00-04:00,8,1,2026-01-13T23:00:00-04:00,synthetic,synthetic_fixed_48h
facebook,synthetic_facebook_01,synthetic_facebook_01_post_0310,2026-01-12T00:00:00-04:00,28,0,2026-01-14T00:00:00-04:00,synthetic,synthetic_fixed_48h
facebook,synthetic_facebook_02,synthetic_facebook_02_post_0325,2026-01-12T01:00:00-04:00,9,0,2026-01-14T01:00:00-04:00,synthetic,synthetic_fixed_48h
instagram,synthetic_instagram_02,synthetic_instagram_02_post_0317,2026-01-12T01:00:00-04:00,35,1,2026-01-14T01:00:00-04:00,synthetic,synthetic_fixed_48h
facebook,synthetic_facebook_03,synthetic_facebook_03_post_0299,2026-01-12T06:00:00-04:00,15,0,2026-01-14T06:00:00-04:00,synthetic,synthetic_fixed_48h
instagram,synthetic_instagram_02,synthetic_instagram_02_post_0318,2026-01-12T15:00:00-04:00,62,6,2026-01-14T15:00:00-04:00,synthetic,synthetic_fixed_48h
instagram,synthetic_instagram_03,synthetic_instagram_03_post_0326,2026-01-12T17:00:00-04:00,109,6,2026-01-14T17:00:00-04:00,synthetic,synthetic_fixed_48h
instagram,synthetic_instagram_03,synthetic_instagram_03_post_0327,2026-01-12T19:00:00-04:00,89,7,2026-01-14T19:00:00-04:00,synthetic,synthetic_fixed_48h
facebook,synthetic_facebook_01,synthetic_facebook_01_post_0311,2026-01-12T23:00:00-04:00,23,4,2026-01-14T23:00:00-04:00,synthetic,synthetic_fixed_48h
instagram,synthetic_instagram_02,synthetic_instagram_02_post_0319,2026-01-12T23:00:00-04:00,21,5,2026-01-14T23:00:00-04:00,synthetic,synthetic_fixed_48h
facebook,synthetic_facebook_02,synthetic_facebook_02_post_0326,2026-01-13T08:00:00-04:00,48,3,2026-01-15T08:00:00-04:00,synthetic,synthetic_fixed_48h
instagram,synthetic_instagram_02,synthetic_instagram_02_post_0320,2026-01-13T13:00:00-04:00,60,3,2026-01-15T13:00:00-04:00,synthetic,synthetic_fixed_48h
facebook,synthetic_facebook_01,synthetic_facebook_01_post_0312,2026-01-13T18:00:00-04:00,21,4,2026-01-15T18:00:00-04:00,synthetic,synthetic_fixed_48h
instagram,synthetic_instagram_01,synthetic_instagram_01_post_0311,2026-01-13T20:00:00-04:00,27,3,2026-01-15T20:00:00-04:00,synthetic,synthetic_fixed_48h
instagram,synthetic_instagram_03,synthetic_instagram_03_post_0328,2026-01-13T20:00:00-04:00,69,6,2026-01-15T20:00:00-04:00,synthetic,synthetic_fixed_48h
facebook,synthetic_facebook_01,synthetic_facebook_01_post_0313,2026-01-14T03:00:00-04:00,25,2,2026-01-16T03:00:00-04:00,synthetic,synthetic_fixed_48h
facebook,synthetic_facebook_03,synthetic_facebook_03_post_0300,2026-01-14T03:00:00-04:00,35,0,2026-01-16T03:00:00-04:00,synthetic,synthetic_fixed_48h
instagram,synthetic_instagram_02,synthetic_instagram_02_post_0321,2026-01-14T15:00:00-04:00,76,7,2026-01-16T15:00:00-04:00,synthetic,synthetic_fixed_48h
facebook,synthetic_facebook_01,synthetic_facebook_01_post_0314,2026-01-14T18:00:00-04:00,9,1,2026-01-16T18:00:00-04:00,synthetic,synthetic_fixed_48h
instagram,synthetic_instagram_01,synthetic_instagram_01_post_0312,2026-01-14T21:00:00-04:00,41,5,2026-01-16T21:00:00-04:00,synthetic,synthetic_fixed_48h
facebook,synthetic_facebook_01,synthetic_facebook_01_post_0315,2026-01-14T23:00:00-04:00,19,4,2026-01-16T23:00:00-04:00,synthetic,synthetic_fixed_48h
facebook,synthetic_facebook_02,synthetic_facebook_02_post_0327,2026-01-14T23:00:00-04:00,30,0,2026-01-16T23:00:00-04:00,synthetic,synthetic_fixed_48h
instagram,synthetic_instagram_01,synthetic_instagram_01_post_0313,2026-01-14T23:00:00-04:00,24,1,2026-01-16T23:00:00-04:00,synthetic,synthetic_fixed_48h
facebook,synthetic_facebook_01,synthetic_facebook_01_post_0316,2026-01-15T02:00:00-04:00,42,0,2026-01-17T02:00:00-04:00,synthetic,synthetic_fixed_48h
facebook,synthetic_facebook_01,synthetic_facebook_01_post_0317,2026-01-15T06:00:00-04:00,33,0,2026-01-17T06:00:00-04:00,synthetic,synthetic_fixed_48h
facebook,synthetic_facebook_03,synthetic_facebook_03_post_0301,2026-01-15T07:00:00-04:00,40,6,2026-01-17T07:00:00-04:00,synthetic,synthetic_fixed_48h
instagram,synthetic_instagram_01,synthetic_instagram_01_post_0314,2026-01-15T07:00:00-04:00,21,2,2026-01-17T07:00:00-04:00,synthetic,synthetic_fixed_48h
instagram,synthetic_instagram_03,synthetic_instagram_03_post_0329,2026-01-15T08:00:00-04:00,37,3,2026-01-17T08:00:00-04:00,synthetic,synthetic_fixed_48h
facebook,synthetic_facebook_03,synthetic_facebook_03_post_0302,2026-01-15T14:00:00-04:00,153,14,2026-01-17T14:00:00-04:00,synthetic,synthetic_fixed_48h
facebook,synthetic_facebook_02,synthetic_facebook_02_post_0328,2026-01-15T18:00:00-04:00,43,2,2026-01-17T18:00:00-04:00,synthetic,synthetic_fixed_48h
facebook,synthetic_facebook_02,synthetic_facebook_02_post_0329,2026-01-15T19:00:00-04:00,63,7,2026-01-17T19:00:00-04:00,synthetic,synthetic_fixed_48h
facebook,synthetic_facebook_02,synthetic_facebook_02_post_0330,2026-01-15T21:00:00-04:00,42,3,2026-01-17T21:00:00-04:00,synthetic,synthetic_fixed_48h
facebook,synthetic_facebook_01,synthetic_facebook_01_post_0318,2026-01-16T00:00:00-04:00,16,1,2026-01-18T00:00:00-04:00,synthetic,synthetic_fixed_48h
facebook,synthetic_facebook_03,synthetic_facebook_03_post_0303,2026-01-16T15:00:00-04:00,90,4,2026-01-18T15:00:00-04:00,synthetic,synthetic_fixed_48h
instagram,synthetic_instagram_02,synthetic_instagram_02_post_0322,2026-01-17T06:00:00-04:00,19,3,2026-01-19T06:00:00-04:00,synthetic,synthetic_fixed_48h
instagram,synthetic_instagram_01,synthetic_instagram_01_post_0315,2026-01-17T21:00:00-04:00,25,3,2026-01-19T21:00:00-04:00,synthetic,synthetic_fixed_48h
facebook,synthetic_facebook_02,synthetic_facebook_02_post_0331,2026-01-18T10:00:00-04:00,85,3,2026-01-20T10:00:00-04:00,synthetic,synthetic_fixed_48h
instagram,synthetic_instagram_01,synthetic_instagram_01_post_0316,2026-01-18T11:00:00-04:00,51,5,2026-01-20T11:00:00-04:00,synthetic,synthetic_fixed_48h
facebook,synthetic_facebook_03,synthetic_facebook_03_post_0304,2026-01-19T02:00:00-04:00,18,1,2026-01-21T02:00:00-04:00,synthetic,synthetic_fixed_48h
instagram,synthetic_instagram_01,synthetic_instagram_01_post_0317,2026-01-19T04:00:00-04:00,48,4,2026-01-21T04:00:00-04:00,synthetic,synthetic_fixed_48h
facebook,synthetic_facebook_02,synthetic_facebook_02_post_0332,2026-01-19T09:00:00-04:00,42,1,2026-01-21T09:00:00-04:00,synthetic,synthetic_fixed_48h
instagram,synthetic_instagram_01,synthetic_instagram_01_post_0318,2026-01-20T02:00:00-04:00,24,0,2026-01-22T02:00:00-04:00,synthetic,synthetic_fixed_48h
instagram,synthetic_instagram_02,synthetic_instagram_02_post_0323,2026-01-20T02:00:00-04:00,20,3,2026-01-22T02:00:00-04:00,synthetic,synthetic_fixed_48h
facebook,synthetic_facebook_01,synthetic_facebook_01_post_0319,2026-01-20T06:00:00-04:00,26,2,2026-01-22T06:00:00-04:00,synthetic,synthetic_fixed_48h
facebook,synthetic_facebook_03,synthetic_facebook_03_post_0305,2026-01-20T06:00:00-04:00,19,5,2026-01-22T06:00:00-04:00,synthetic,synthetic_fixed_48h
facebook,synthetic_facebook_02,synthetic_facebook_02_post_0333,2026-01-20T08:00:00-04:00,42,1,2026-01-22T08:00:00-04:00,synthetic,synthetic_fixed_48h
facebook,synthetic_facebook_01,synthetic_facebook_01_post_0320,2026-01-20T21:00:00-04:00,16,1,2026-01-22T21:00:00-04:00,synthetic,synthetic_fixed_48h
facebook,synthetic_facebook_03,synthetic_facebook_03_post_0306,2026-01-20T21:00:00-04:00,66,0,2026-01-22T21:00:00-04:00,synthetic,synthetic_fixed_48h
facebook,synthetic_facebook_01,synthetic_facebook_01_post_0321,2026-01-20T22:00:00-04:00,12,0,2026-01-22T22:00:00-04:00,synthetic,synthetic_fixed_48h
facebook,synthetic_facebook_01,synthetic_facebook_01_post_0322,2026-01-21T13:00:00-04:00,29,4,2026-01-23T13:00:00-04:00,synthetic,synthetic_fixed_48h
instagram,synthetic_instagram_03,synthetic_instagram_03_post_0330,2026-01-22T00:00:00-04:00,63,3,2026-01-24T00:00:00-04:00,synthetic,synthetic_fixed_48h
facebook,synthetic_facebook_01,synthetic_facebook_01_post_0323,2026-01-22T02:00:00-04:00,19,1,2026-01-24T02:00:00-04:00,synthetic,synthetic_fixed_48h
facebook,synthetic_facebook_02,synthetic_facebook_02_post_0334,2026-01-22T03:00:00-04:00,54,3,2026-01-24T03:00:00-04:00,synthetic,synthetic_fixed_48h
facebook,synthetic_facebook_01,synthetic_facebook_01_post_0324,2026-01-22T06:00:00-04:00,39,0,2026-01-24T06:00:00-04:00,synthetic,synthetic_fixed_48h
facebook,synthetic_facebook_02,synthetic_facebook_02_post_0335,2026-01-22T12:00:00-04:00,47,3,2026-01-24T12:00:00-04:00,synthetic,synthetic_fixed_48h
facebook,synthetic_facebook_01,synthetic_facebook_01_post_0325,2026-01-22T16:00:00-04:00,37,3,2026-01-24T16:00:00-04:00,synthetic,synthetic_fixed_48h
facebook,synthetic_facebook_02,synthetic_facebook_02_post_0336,2026-01-23T09:00:00-04:00,30,1,2026-01-25T09:00:00-04:00,synthetic,synthetic_fixed_48h
instagram,synthetic_instagram_02,synthetic_instagram_02_post_0324,2026-01-23T11:00:00-04:00,73,5,2026-01-25T11:00:00-04:00,synthetic,synthetic_fixed_48h
facebook,synthetic_facebook_03,synthetic_facebook_03_post_0307,2026-01-23T18:00:00-04:00,138,8,2026-01-25T18:00:00-04:00,synthetic,synthetic_fixed_48h
facebook,synthetic_facebook_03,synthetic_facebook_03_post_0308,2026-01-23T21:00:00-04:00,141,8,2026-01-25T21:00:00-04:00,synthetic,synthetic_fixed_48h
facebook,synthetic_facebook_01,synthetic_facebook_01_post_0326,2026-01-24T01:00:00-04:00,31,3,2026-01-26T01:00:00-04:00,synthetic,synthetic_fixed_48h
instagram,synthetic_instagram_02,synthetic_instagram_02_post_0325,2026-01-24T01:00:00-04:00,48,5,2026-01-26T01:00:00-04:00,synthetic,synthetic_fixed_48h
instagram,synthetic_instagram_01,synthetic_instagram_01_post_0319,2026-01-24T02:00:00-04:00,30,5,2026-01-26T02:00:00-04:00,synthetic,synthetic_fixed_48h
facebook,synthetic_facebook_01,synthetic_facebook_01_post_0327,2026-01-24T09:00:00-04:00,116,9,2026-01-26T09:00:00-04:00,synthetic,synthetic_fixed_48h
instagram,synthetic_instagram_01,synthetic_instagram_01_post_0320,2026-01-24T13:00:00-04:00,59,4,2026-01-26T13:00:00-04:00,synthetic,synthetic_fixed_48h
instagram,synthetic_instagram_01,synthetic_instagram_01_post_0321,2026-01-24T22:00:00-04:00,33,2,2026-01-26T22:00:00-04:00,synthetic,synthetic_fixed_48h
instagram,synthetic_instagram_01,synthetic_instagram_01_post_0322,2026-01-25T07:00:00-04:00,53,6,2026-01-27T07:00:00-04:00,synthetic,synthetic_fixed_48h
instagram,synthetic_instagram_03,synthetic_instagram_03_post_0331,2026-01-25T07:00:00-04:00,39,5,2026-01-27T07:00:00-04:00,synthetic,synthetic_fixed_48h
facebook,synthetic_facebook_03,synthetic_facebook_03_post_0309,2026-01-25T13:00:00-04:00,82,7,2026-01-27T13:00:00-04:00,synthetic,synthetic_fixed_48h
facebook,synthetic_facebook_01,synthetic_facebook_01_post_0328,2026-01-25T15:00:00-04:00,38,2,2026-01-27T15:00:00-04:00,synthetic,synthetic_fixed_48h
instagram,synthetic_instagram_02,synthetic_instagram_02_post_0326,2026-01-25T15:00:00-04:00,88,10,2026-01-27T15:00:00-04:00,synthetic,synthetic_fixed_48h
instagram,synthetic_instagram_03,synthetic_instagram_03_post_0332,2026-01-25T18:00:00-04:00,72,4,2026-01-27T18:00:00-04:00,synthetic,synthetic_fixed_48h
facebook,synthetic_facebook_01,synthetic_facebook_01_post_0329,2026-01-26T06:00:00-04:00,43,5,2026-01-28T06:00:00-04:00,synthetic,synthetic_fixed_48h
instagram,synthetic_instagram_03,synthetic_instagram_03_post_0333,2026-01-26T10:00:00-04:00,32,4,2026-01-28T10:00:00-04:00,synthetic,synthetic_fixed_48h
facebook,synthetic_facebook_01,synthetic_facebook_01_post_0330,2026-01-26T12:00:00-04:00,42,1,2026-01-28T12:00:00-04:00,synthetic,synthetic_fixed_48h
facebook,synthetic_facebook_02,synthetic_facebook_02_post_0337,2026-01-26T21:00:00-04:00,33,0,2026-01-28T21:00:00-04:00,synthetic,synthetic_fixed_48h
facebook,synthetic_facebook_01,synthetic_facebook_01_post_0331,2026-01-27T09:00:00-04:00,81,7,2026-01-29T09:00:00-04:00,synthetic,synthetic_fixed_48h
facebook,synthetic_facebook_01,synthetic_facebook_01_post_0332,2026-01-27T13:00:00-04:00,40,5,2026-01-29T13:00:00-04:00,synthetic,synthetic_fixed_48h
facebook,synthetic_facebook_01,synthetic_facebook_01_post_0333,2026-01-27T16:00:00-04:00,33,3,2026-01-29T16:00:00-04:00,synthetic,synthetic_fixed_48h
facebook,synthetic_facebook_02,synthetic_facebook_02_post_0338,2026-01-27T17:00:00-04:00,94,7,2026-01-29T17:00:00-04:00,synthetic,synthetic_fixed_48h
facebook,synthetic_facebook_02,synthetic_facebook_02_post_0339,2026-01-27T19:00:00-04:00,56,6,2026-01-29T19:00:00-04:00,synthetic,synthetic_fixed_48h
facebook,synthetic_facebook_02,synthetic_facebook_02_post_0340,2026-01-27T20:00:00-04:00,56,5,2026-01-29T20:00:00-04:00,synthetic,synthetic_fixed_48h
instagram,synthetic_instagram_02,synthetic_instagram_02_post_0327,2026-01-28T12:00:00-04:00,120,9,2026-01-30T12:00:00-04:00,synthetic,synthetic_fixed_48h
instagram,synthetic_instagram_03,synthetic_instagram_03_post_0334,2026-01-28T21:00:00-04:00,86,6,2026-01-30T21:00:00-04:00,synthetic,synthetic_fixed_48h
instagram,synthetic_instagram_01,synthetic_instagram_01_post_0323,2026-01-29T07:00:00-04:00,72,7,2026-01-31T07:00:00-04:00,synthetic,synthetic_fixed_48h
instagram,synthetic_instagram_01,synthetic_instagram_01_post_0324,2026-01-29T08:00:00-04:00,69,7,2026-01-31T08:00:00-04:00,synthetic,synthetic_fixed_48h
instagram,synthetic_instagram_03,synthetic_instagram_03_post_0335,2026-01-29T12:00:00-04:00,67,6,2026-01-31T12:00:00-04:00,synthetic,synthetic_fixed_48h
facebook,synthetic_facebook_03,synthetic_facebook_03_post_0310,2026-01-29T22:00:00-04:00,81,6,2026-01-31T22:00:00-04:00,synthetic,synthetic_fixed_48h
instagram,synthetic_instagram_01,synthetic_instagram_01_post_0325,2026-01-30T02:00:00-04:00,35,4,2026-02-01T02:00:00-04:00,synthetic,synthetic_fixed_48h
facebook,synthetic_facebook_02,synthetic_facebook_02_post_0341,2026-01-30T06:00:00-04:00,45,4,2026-02-01T06:00:00-04:00,synthetic,synthetic_fixed_48h
facebook,synthetic_facebook_01,synthetic_facebook_01_post_0334,2026-01-30T12:00:00-04:00,56,4,2026-02-01T12:00:00-04:00,synthetic,synthetic_fixed_48h
facebook,synthetic_facebook_03,synthetic_facebook_03_post_0311,2026-01-30T14:00:00-04:00,87,7,2026-02-01T14:00:00-04:00,synthetic,synthetic_fixed_48h
facebook,synthetic_facebook_01,synthetic_facebook_01_post_0335,2026-01-30T15:00:00-04:00,40,0,2026-02-01T15:00:00-04:00,synthetic,synthetic_fixed_48h
facebook,synthetic_facebook_03,synthetic_facebook_03_post_0312,2026-01-30T23:00:00-04:00,165,15,2026-02-01T23:00:00-04:00,synthetic,synthetic_fixed_48h
facebook,synthetic_facebook_01,synthetic_facebook_01_post_0336,2026-01-31T00:00:00-04:00,41,2,2026-02-02T00:00:00-04:00,synthetic,synthetic_fixed_48h
facebook,synthetic_facebook_03,synthetic_facebook_03_post_0313,2026-01-31T12:00:00-04:00,71,7,2026-02-02T12:00:00-04:00,synthetic,synthetic_fixed_48h
facebook,synthetic_facebook_01,synthetic_facebook_01_post_0337,2026-01-31T17:00:00-04:00,25,2,2026-02-02T17:00:00-04:00,synthetic,synthetic_fixed_48h
facebook,synthetic_facebook_03,synthetic_facebook_03_post_0314,2026-01-31T17:00:00-04:00,137,11,2026-02-02T17:00:00-04:00,synthetic,synthetic_fixed_48h
facebook,synthetic_facebook_03,synthetic_facebook_03_post_0315,2026-01-31T21:00:00-04:00,83,2,2026-02-02T21:00:00-04:00,synthetic,synthetic_fixed_48h
instagram,synthetic_instagram_02,synthetic_instagram_02_post_0328,2026-02-01T14:00:00-04:00,191,13,2026-02-03T14:00:00-04:00,synthetic,synthetic_fixed_48h
instagram,synthetic_instagram_01,synthetic_instagram_01_post_0326,2026-02-01T15:00:00-04:00,74,4,2026-02-03T15:00:00-04:00,synthetic,synthetic_fixed_48h
facebook,synthetic_facebook_01,synthetic_facebook_01_post_0338,2026-02-02T00:00:00-04:00,25,1,2026-02-04T00:00:00-04:00,synthetic,synthetic_fixed_48h
facebook,synthetic_facebook_03,synthetic_facebook_03_post_0316,2026-02-02T03:00:00-04:00,30,5,2026-02-04T03:00:00-04:00,synthetic,synthetic_fixed_48h
instagram,synthetic_instagram_03,synthetic_instagram_03_post_0336,2026-02-02T04:00:00-04:00,69,7,2026-02-04T04:00:00-04:00,synthetic,synthetic_fixed_48h
instagram,synthetic_instagram_01,synthetic_instagram_01_post_0327,2026-02-02T15:00:00-04:00,68,9,2026-02-04T15:00:00-04:00,synthetic,synthetic_fixed_48h
facebook,synthetic_facebook_03,synthetic_facebook_03_post_0317,2026-02-02T18:00:00-04:00,54,6,2026-02-04T18:00:00-04:00,synthetic,synthetic_fixed_48h
facebook,synthetic_facebook_01,synthetic_facebook_01_post_0339,2026-02-02T23:00:00-04:00,26,4,2026-02-04T23:00:00-04:00,synthetic,synthetic_fixed_48h
facebook,synthetic_facebook_02,synthetic_facebook_02_post_0342,2026-02-03T01:00:00-04:00,42,6,2026-02-05T01:00:00-04:00,synthetic,synthetic_fixed_48h
instagram,synthetic_instagram_02,synthetic_instagram_02_post_0329,2026-02-03T03:00:00-04:00,24,4,2026-02-05T03:00:00-04:00,synthetic,synthetic_fixed_48h
facebook,synthetic_facebook_02,synthetic_facebook_02_post_0343,2026-02-03T08:00:00-04:00,64,5,2026-02-05T08:00:00-04:00,synthetic,synthetic_fixed_48h
facebook,synthetic_facebook_02,synthetic_facebook_02_post_0344,2026-02-03T14:00:00-04:00,84,5,2026-02-05T14:00:00-04:00,synthetic,synthetic_fixed_48h
instagram,synthetic_instagram_03,synthetic_instagram_03_post_0337,2026-02-03T18:00:00-04:00,62,3,2026-02-05T18:00:00-04:00,synthetic,synthetic_fixed_48h
instagram,synthetic_instagram_01,synthetic_instagram_01_post_0328,2026-02-04T00:00:00-04:00,44,5,2026-02-06T00:00:00-04:00,synthetic,synthetic_fixed_48h
facebook,synthetic_facebook_02,synthetic_facebook_02_post_0345,2026-02-04T03:00:00-04:00,29,4,2026-02-06T03:00:00-04:00,synthetic,synthetic_fixed_48h
instagram,synthetic_instagram_01,synthetic_instagram_01_post_0329,2026-02-04T04:00:00-04:00,47,3,2026-02-06T04:00:00-04:00,synthetic,synthetic_fixed_48h
instagram,synthetic_instagram_01,synthetic_instagram_01_post_0330,2026-02-04T07:00:00-04:00,36,6,2026-02-06T07:00:00-04:00,synthetic,synthetic_fixed_48h
instagram,synthetic_instagram_01,synthetic_instagram_01_post_0331,2026-02-04T13:00:00-04:00,71,3,2026-02-06T13:00:00-04:00,synthetic,synthetic_fixed_48h
instagram,synthetic_instagram_02,synthetic_instagram_02_post_0330,2026-02-04T18:00:00-04:00,144,12,2026-02-06T18:00:00-04:00,synthetic,synthetic_fixed_48h
instagram,synthetic_instagram_02,synthetic_instagram_02_post_0331,2026-02-04T21:00:00-04:00,103,4,2026-02-06T21:00:00-04:00,synthetic,synthetic_fixed_48h
instagram,synthetic_instagram_03,synthetic_instagram_03_post_0338,2026-02-04T22:00:00-04:00,44,0,2026-02-06T22:00:00-04:00,synthetic,synthetic_fixed_48h
instagram,synthetic_instagram_01,synthetic_instagram_01_post_0332,2026-02-05T02:00:00-04:00,24,2,2026-02-07T02:00:00-04:00,synthetic,synthetic_fixed_48h
instagram,synthetic_instagram_03,synthetic_instagram_03_post_0339,2026-02-05T07:00:00-04:00,38,2,2026-02-07T07:00:00-04:00,synthetic,synthetic_fixed_48h
instagram,synthetic_instagram_02,synthetic_instagram_02_post_0332,2026-02-05T09:00:00-04:00,67,8,2026-02-07T09:00:00-04:00,synthetic,synthetic_fixed_48h
facebook,synthetic_facebook_03,synthetic_facebook_03_post_0318,2026-02-05T15:00:00-04:00,115,9,2026-02-07T15:00:00-04:00,synthetic,synthetic_fixed_48h
instagram,synthetic_instagram_02,synthetic_instagram_02_post_0333,2026-02-05T15:00:00-04:00,108,8,2026-02-07T15:00:00-04:00,synthetic,synthetic_fixed_48h
facebook,synthetic_facebook_03,synthetic_facebook_03_post_0319,2026-02-05T16:00:00-04:00,142,12,2026-02-07T16:00:00-04:00,synthetic,synthetic_fixed_48h
instagram,synthetic_instagram_01,synthetic_instagram_01_post_0333,2026-02-05T19:00:00-04:00,29,7,2026-02-07T19:00:00-04:00,synthetic,synthetic_fixed_48h
facebook,synthetic_facebook_02,synthetic_facebook_02_post_0346,2026-02-05T22:00:00-04:00,47,3,2026-02-07T22:00:00-04:00,synthetic,synthetic_fixed_48h
facebook,synthetic_facebook_01,synthetic_facebook_01_post_0340,2026-02-05T23:00:00-04:00,16,0,2026-02-07T23:00:00-04:00,synthetic,synthetic_fixed_48h
instagram,synthetic_instagram_02,synthetic_instagram_02_post_0334,2026-02-06T02:00:00-04:00,76,5,2026-02-08T02:00:00-04:00,synthetic,synthetic_fixed_48h
facebook,synthetic_facebook_01,synthetic_facebook_01_post_0341,2026-02-06T12:00:00-04:00,52,1,2026-02-08T12:00:00-04:00,synthetic,synthetic_fixed_48h
instagram,synthetic_instagram_03,synthetic_instagram_03_post_0340,2026-02-06T12:00:00-04:00,41,3,2026-02-08T12:00:00-04:00,synthetic,synthetic_fixed_48h
facebook,synthetic_facebook_02,synthetic_facebook_02_post_0347,2026-02-06T13:00:00-04:00,68,5,2026-02-08T13:00:00-04:00,synthetic,synthetic_fixed_48h
instagram,synthetic_instagram_01,synthetic_instagram_01_post_0334,2026-02-06T13:00:00-04:00,63,5,2026-02-08T13:00:00-04:00,synthetic,synthetic_fixed_48h
instagram,synthetic_instagram_02,synthetic_instagram_02_post_0335,2026-02-06T17:00:00-04:00,154,12,2026-02-08T17:00:00-04:00,synthetic,synthetic_fixed_48h
instagram,synthetic_instagram_02,synthetic_instagram_02_post_0336,2026-02-07T07:00:00-04:00,41,5,2026-02-09T07:00:00-04:00,synthetic,synthetic_fixed_48h
facebook,synthetic_facebook_01,synthetic_facebook_01_post_0342,2026-02-07T22:00:00-04:00,26,3,2026-02-09T22:00:00-04:00,synthetic,synthetic_fixed_48h
facebook,synthetic_facebook_01,synthetic_facebook_01_post_0343,2026-02-08T02:00:00-04:00,65,9,2026-02-10T02:00:00-04:00,synthetic,synthetic_fixed_48h
facebook,synthetic_facebook_02,synthetic_facebook_02_post_0348,2026-02-08T02:00:00-04:00,17,3,2026-02-10T02:00:00-04:00,synthetic,synthetic_fixed_48h
facebook,synthetic_facebook_02,synthetic_facebook_02_post_0349,2026-02-08T03:00:00-04:00,14,2,2026-02-10T03:00:00-04:00,synthetic,synthetic_fixed_48h
instagram,synthetic_instagram_03,synthetic_instagram_03_post_0341,2026-02-08T03:00:00-04:00,71,5,2026-02-10T03:00:00-04:00,synthetic,synthetic_fixed_48h
facebook,synthetic_facebook_03,synthetic_facebook_03_post_0320,2026-02-08T04:00:00-04:00,68,3,2026-02-10T04:00:00-04:00,synthetic,synthetic_fixed_48h
facebook,synthetic_facebook_01,synthetic_facebook_01_post_0344,2026-02-08T07:00:00-04:00,84,6,2026-02-10T07:00:00-04:00,synthetic,synthetic_fixed_48h
facebook,synthetic_facebook_02,synthetic_facebook_02_post_0350,2026-02-08T18:00:00-04:00,38,5,2026-02-10T18:00:00-04:00,synthetic,synthetic_fixed_48h
instagram,synthetic_instagram_03,synthetic_instagram_03_post_0342,2026-02-08T22:00:00-04:00,76,8,2026-02-10T22:00:00-04:00,synthetic,synthetic_fixed_48h
facebook,synthetic_facebook_03,synthetic_facebook_03_post_0321,2026-02-08T23:00:00-04:00,158,7,2026-02-10T23:00:00-04:00,synthetic,synthetic_fixed_48h
facebook,synthetic_facebook_02,synthetic_facebook_02_post_0351,2026-02-09T05:00:00-04:00,42,1,2026-02-11T05:00:00-04:00,synthetic,synthetic_fixed_48h
facebook,synthetic_facebook_03,synthetic_facebook_03_post_0322,2026-02-09T12:00:00-04:00,63,4,2026-02-11T12:00:00-04:00,synthetic,synthetic_fixed_48h
instagram,synthetic_instagram_01,synthetic_instagram_01_post_0335,2026-02-09T16:00:00-04:00,47,4,2026-02-11T16:00:00-04:00,synthetic,synthetic_fixed_48h
facebook,synthetic_facebook_02,synthetic_facebook_02_post_0352,2026-02-10T03:00:00-04:00,40,3,2026-02-12T03:00:00-04:00,synthetic,synthetic_fixed_48h
facebook,synthetic_facebook_03,synthetic_facebook_03_post_0323,2026-02-10T07:00:00-04:00,92,5,2026-02-12T07:00:00-04:00,synthetic,synthetic_fixed_48h
facebook,synthetic_facebook_03,synthetic_facebook_03_post_0324,2026-02-10T13:00:00-04:00,89,2,2026-02-12T13:00:00-04:00,synthetic,synthetic_fixed_48h
instagram,synthetic_instagram_01,synthetic_instagram_01_post_0336,2026-02-10T16:00:00-04:00,54,4,2026-02-12T16:00:00-04:00,synthetic,synthetic_fixed_48h
facebook,synthetic_facebook_03,synthetic_facebook_03_post_0325,2026-02-10T21:00:00-04:00,81,5,2026-02-12T21:00:00-04:00,synthetic,synthetic_fixed_48h
instagram,synthetic_instagram_01,synthetic_instagram_01_post_0337,2026-02-11T02:00:00-04:00,41,2,2026-02-13T02:00:00-04:00,synthetic,synthetic_fixed_48h
instagram,synthetic_instagram_01,synthetic_instagram_01_post_0338,2026-02-11T11:00:00-04:00,101,11,2026-02-13T11:00:00-04:00,synthetic,synthetic_fixed_48h
instagram,synthetic_instagram_03,synthetic_instagram_03_post_0343,2026-02-11T13:00:00-04:00,23,3,2026-02-13T13:00:00-04:00,synthetic,synthetic_fixed_48h
facebook,synthetic_facebook_03,synthetic_facebook_03_post_0326,2026-02-12T01:00:00-04:00,91,6,2026-02-14T01:00:00-04:00,synthetic,synthetic_fixed_48h
facebook,synthetic_facebook_01,synthetic_facebook_01_post_0345,2026-02-12T07:00:00-04:00,79,8,2026-02-14T07:00:00-04:00,synthetic,synthetic_fixed_48h
instagram,synthetic_instagram_03,synthetic_instagram_03_post_0344,2026-02-12T08:00:00-04:00,47,6,2026-02-14T08:00:00-04:00,synthetic,synthetic_fixed_48h
instagram,synthetic_instagram_03,synthetic_instagram_03_post_0345,2026-02-13T07:00:00-04:00,82,4,2026-02-15T07:00:00-04:00,synthetic,synthetic_fixed_48h
instagram,synthetic_instagram_03,synthetic_instagram_03_post_0346,2026-02-13T08:00:00-04:00,94,9,2026-02-15T08:00:00-04:00,synthetic,synthetic_fixed_48h
facebook,synthetic_facebook_02,synthetic_facebook_02_post_0353,2026-02-13T09:00:00-04:00,62,8,2026-02-15T09:00:00-04:00,synthetic,synthetic_fixed_48h
facebook,synthetic_facebook_02,synthetic_facebook_02_post_0354,2026-02-13T11:00:00-04:00,61,7,2026-02-15T11:00:00-04:00,synthetic,synthetic_fixed_48h
facebook,synthetic_facebook_01,synthetic_facebook_01_post_0346,2026-02-14T07:00:00-04:00,65,6,2026-02-16T07:00:00-04:00,synthetic,synthetic_fixed_48h
instagram,synthetic_instagram_02,synthetic_instagram_02_post_0337,2026-02-14T11:00:00-04:00,50,4,2026-02-16T11:00:00-04:00,synthetic,synthetic_fixed_48h
instagram,synthetic_instagram_03,synthetic_instagram_03_post_0347,2026-02-14T11:00:00-04:00,53,3,2026-02-16T11:00:00-04:00,synthetic,synthetic_fixed_48h
instagram,synthetic_instagram_01,synthetic_instagram_01_post_0339,2026-02-14T13:00:00-04:00,60,2,2026-02-16T13:00:00-04:00,synthetic,synthetic_fixed_48h
instagram,synthetic_instagram_03,synthetic_instagram_03_post_0348,2026-02-14T22:00:00-04:00,184,14,2026-02-16T22:00:00-04:00,synthetic,synthetic_fixed_48h
facebook,synthetic_facebook_02,synthetic_facebook_02_post_0355,2026-02-15T09:00:00-04:00,43,2,2026-02-17T09:00:00-04:00,synthetic,synthetic_fixed_48h
instagram,synthetic_instagram_03,synthetic_instagram_03_post_0349,2026-02-15T12:00:00-04:00,77,7,2026-02-17T12:00:00-04:00,synthetic,synthetic_fixed_48h
facebook,synthetic_facebook_01,synthetic_facebook_01_post_0347,2026-02-15T21:00:00-04:00,28,2,2026-02-17T21:00:00-04:00,synthetic,synthetic_fixed_48h
facebook,synthetic_facebook_03,synthetic_facebook_03_post_0327,2026-02-15T22:00:00-04:00,231,16,2026-02-17T22:00:00-04:00,synthetic,synthetic_fixed_48h
instagram,synthetic_instagram_02,synthetic_instagram_02_post_0338,2026-02-16T01:00:00-04:00,44,3,2026-02-18T01:00:00-04:00,synthetic,synthetic_fixed_48h
instagram,synthetic_instagram_02,synthetic_instagram_02_post_0339,2026-02-16T02:00:00-04:00,54,8,2026-02-18T02:00:00-04:00,synthetic,synthetic_fixed_48h
instagram,synthetic_instagram_03,synthetic_instagram_03_post_0350,2026-02-16T03:00:00-04:00,90,8,2026-02-18T03:00:00-04:00,synthetic,synthetic_fixed_48h
facebook,synthetic_facebook_01,synthetic_facebook_01_post_0348,2026-02-16T06:00:00-04:00,71,4,2026-02-18T06:00:00-04:00,synthetic,synthetic_fixed_48h
instagram,synthetic_instagram_03,synthetic_instagram_03_post_0351,2026-02-16T14:00:00-04:00,69,4,2026-02-18T14:00:00-04:00,synthetic,synthetic_fixed_48h
instagram,synthetic_instagram_03,synthetic_instagram_03_post_0352,2026-02-16T20:00:00-04:00,154,15,2026-02-18T20:00:00-04:00,synthetic,synthetic_fixed_48h
instagram,synthetic_instagram_02,synthetic_instagram_02_post_0340,2026-02-17T07:00:00-04:00,19,0,2026-02-19T07:00:00-04:00,synthetic,synthetic_fixed_48h
instagram,synthetic_instagram_02,synthetic_instagram_02_post_0341,2026-02-17T10:00:00-04:00,47,2,2026-02-19T10:00:00-04:00,synthetic,synthetic_fixed_48h
facebook,synthetic_facebook_02,synthetic_facebook_02_post_0356,2026-02-17T11:00:00-04:00,60,3,2026-02-19T11:00:00-04:00,synthetic,synthetic_fixed_48h
instagram,synthetic_instagram_01,synthetic_instagram_01_post_0340,2026-02-17T16:00:00-04:00,36,0,2026-02-19T16:00:00-04:00,synthetic,synthetic_fixed_48h
instagram,synthetic_instagram_01,synthetic_instagram_01_post_0341,2026-02-17T17:00:00-04:00,54,1,2026-02-19T17:00:00-04:00,synthetic,synthetic_fixed_48h
facebook,synthetic_facebook_03,synthetic_facebook_03_post_0328,2026-02-18T07:00:00-04:00,68,4,2026-02-20T07:00:00-04:00,synthetic,synthetic_fixed_48h
facebook,synthetic_facebook_01,synthetic_facebook_01_post_0349,2026-02-18T08:00:00-04:00,62,7,2026-02-20T08:00:00-04:00,synthetic,synthetic_fixed_48h
instagram,synthetic_instagram_03,synthetic_instagram_03_post_0353,2026-02-18T12:00:00-04:00,78,2,2026-02-20T12:00:00-04:00,synthetic,synthetic_fixed_48h
instagram,synthetic_instagram_02,synthetic_instagram_02_post_0342,2026-02-18T15:00:00-04:00,131,7,2026-02-20T15:00:00-04:00,synthetic,synthetic_fixed_48h
facebook,synthetic_facebook_02,synthetic_facebook_02_post_0357,2026-02-18T22:00:00-04:00,33,0,2026-02-20T22:00:00-04:00,synthetic,synthetic_fixed_48h
instagram,synthetic_instagram_01,synthetic_instagram_01_post_0342,2026-02-19T04:00:00-04:00,27,4,2026-02-21T04:00:00-04:00,synthetic,synthetic_fixed_48h
instagram,synthetic_instagram_01,synthetic_instagram_01_post_0343,2026-02-19T05:00:00-04:00,32,7,2026-02-21T05:00:00-04:00,synthetic,synthetic_fixed_48h
instagram,synthetic_instagram_01,synthetic_instagram_01_post_0344,2026-02-19T22:00:00-04:00,40,3,2026-02-21T22:00:00-04:00,synthetic,synthetic_fixed_48h
facebook,synthetic_facebook_03,synthetic_facebook_03_post_0329,2026-02-20T05:00:00-04:00,113,7,2026-02-22T05:00:00-04:00,synthetic,synthetic_fixed_48h
facebook,synthetic_facebook_01,synthetic_facebook_01_post_0350,2026-02-20T22:00:00-04:00,33,5,2026-02-22T22:00:00-04:00,synthetic,synthetic_fixed_48h
facebook,synthetic_facebook_03,synthetic_facebook_03_post_0330,2026-02-21T00:00:00-04:00,68,6,2026-02-23T00:00:00-04:00,synthetic,synthetic_fixed_48h
facebook,synthetic_facebook_01,synthetic_facebook_01_post_0351,2026-02-21T06:00:00-04:00,83,7,2026-02-23T06:00:00-04:00,synthetic,synthetic_fixed_48h
instagram,synthetic_instagram_02,synthetic_instagram_02_post_0343,2026-02-21T06:00:00-04:00,42,6,2026-02-23T06:00:00-04:00,synthetic,synthetic_fixed_48h
instagram,synthetic_instagram_02,synthetic_instagram_02_post_0344,2026-02-21T14:00:00-04:00,165,16,2026-02-23T14:00:00-04:00,synthetic,synthetic_fixed_48h
instagram,synthetic_instagram_03,synthetic_instagram_03_post_0354,2026-02-21T18:00:00-04:00,151,12,2026-02-23T18:00:00-04:00,synthetic,synthetic_fixed_48h
instagram,synthetic_instagram_01,synthetic_instagram_01_post_0345,2026-02-22T00:00:00-04:00,45,0,2026-02-24T00:00:00-04:00,synthetic,synthetic_fixed_48h
facebook,synthetic_facebook_03,synthetic_facebook_03_post_0331,2026-02-22T04:00:00-04:00,37,0,2026-02-24T04:00:00-04:00,synthetic,synthetic_fixed_48h
facebook,synthetic_facebook_01,synthetic_facebook_01_post_0352,2026-02-22T05:00:00-04:00,37,5,2026-02-24T05:00:00-04:00,synthetic,synthetic_fixed_48h
facebook,synthetic_facebook_03,synthetic_facebook_03_post_0332,2026-02-23T02:00:00-04:00,50,4,2026-02-25T02:00:00-04:00,synthetic,synthetic_fixed_48h
instagram,synthetic_instagram_03,synthetic_instagram_03_post_0355,2026-02-23T02:00:00-04:00,139,11,2026-02-25T02:00:00-04:00,synthetic,synthetic_fixed_48h
facebook,synthetic_facebook_02,synthetic_facebook_02_post_0358,2026-02-23T07:00:00-04:00,43,7,2026-02-25T07:00:00-04:00,synthetic,synthetic_fixed_48h
facebook,synthetic_facebook_03,synthetic_facebook_03_post_0333,2026-02-23T07:00:00-04:00,44,2,2026-02-25T07:00:00-04:00,synthetic,synthetic_fixed_48h
instagram,synthetic_instagram_01,synthetic_instagram_01_post_0346,2026-02-23T12:00:00-04:00,101,10,2026-02-25T12:00:00-04:00,synthetic,synthetic_fixed_48h
instagram,synthetic_instagram_01,synthetic_instagram_01_post_0347,2026-02-23T14:00:00-04:00,69,5,2026-02-25T14:00:00-04:00,synthetic,synthetic_fixed_48h
instagram,synthetic_instagram_02,synthetic_instagram_02_post_0345,2026-02-23T14:00:00-04:00,135,13,2026-02-25T14:00:00-04:00,synthetic,synthetic_fixed_48h
instagram,synthetic_instagram_02,synthetic_instagram_02_post_0346,2026-02-24T01:00:00-04:00,91,9,2026-02-26T01:00:00-04:00,synthetic,synthetic_fixed_48h
instagram,synthetic_instagram_03,synthetic_instagram_03_post_0356,2026-02-24T02:00:00-04:00,67,4,2026-02-26T02:00:00-04:00,synthetic,synthetic_fixed_48h
instagram,synthetic_instagram_01,synthetic_instagram_01_post_0348,2026-02-24T05:00:00-04:00,79,6,2026-02-26T05:00:00-04:00,synthetic,synthetic_fixed_48h
facebook,synthetic_facebook_01,synthetic_facebook_01_post_0353,2026-02-24T06:00:00-04:00,73,6,2026-02-26T06:00:00-04:00,synthetic,synthetic_fixed_48h
instagram,synthetic_instagram_02,synthetic_instagram_02_post_0347,2026-02-24T13:00:00-04:00,146,10,2026-02-26T13:00:00-04:00,synthetic,synthetic_fixed_48h
facebook,synthetic_facebook_03,synthetic_facebook_03_post_0334,2026-02-25T00:00:00-04:00,181,10,2026-02-27T00:00:00-04:00,synthetic,synthetic_fixed_48h
facebook,synthetic_facebook_01,synthetic_facebook_01_post_0354,2026-02-25T03:00:00-04:00,33,4,2026-02-27T03:00:00-04:00,synthetic,synthetic_fixed_48h
instagram,synthetic_instagram_02,synthetic_instagram_02_post_0348,2026-02-25T05:00:00-04:00,57,2,2026-02-27T05:00:00-04:00,synthetic,synthetic_fixed_48h
facebook,synthetic_facebook_03,synthetic_facebook_03_post_0335,2026-02-25T07:00:00-04:00,65,6,2026-02-27T07:00:00-04:00,synthetic,synthetic_fixed_48h
facebook,synthetic_facebook_01,synthetic_facebook_01_post_0355,2026-02-25T10:00:00-04:00,70,3,2026-02-27T10:00:00-04:00,synthetic,synthetic_fixed_48h
instagram,synthetic_instagram_03,synthetic_instagram_03_post_0357,2026-02-25T20:00:00-04:00,139,12,2026-02-27T20:00:00-04:00,synthetic,synthetic_fixed_48h
facebook,synthetic_facebook_02,synthetic_facebook_02_post_0359,2026-02-25T23:00:00-04:00,49,4,2026-02-27T23:00:00-04:00,synthetic,synthetic_fixed_48h
instagram,synthetic_instagram_02,synthetic_instagram_02_post_0349,2026-02-25T23:00:00-04:00,105,9,2026-02-27T23:00:00-04:00,synthetic,synthetic_fixed_48h
instagram,synthetic_instagram_02,synthetic_instagram_02_post_0350,2026-02-26T05:00:00-04:00,70,5,2026-02-28T05:00:00-04:00,synthetic,synthetic_fixed_48h
facebook,synthetic_facebook_03,synthetic_facebook_03_post_0336,2026-02-26T07:00:00-04:00,101,4,2026-02-28T07:00:00-04:00,synthetic,synthetic_fixed_48h
facebook,synthetic_facebook_03,synthetic_facebook_03_post_0337,2026-02-26T08:00:00-04:00,66,5,2026-02-28T08:00:00-04:00,synthetic,synthetic_fixed_48h
instagram,synthetic_instagram_02,synthetic_instagram_02_post_0351,2026-02-27T07:00:00-04:00,36,5,2026-03-01T07:00:00-04:00,synthetic,synthetic_fixed_48h
instagram,synthetic_instagram_02,synthetic_instagram_02_post_0352,2026-02-27T11:00:00-04:00,138,9,2026-03-01T11:00:00-04:00,synthetic,synthetic_fixed_48h
facebook,synthetic_facebook_01,synthetic_facebook_01_post_0356,2026-02-27T12:00:00-04:00,80,5,2026-03-01T12:00:00-04:00,synthetic,synthetic_fixed_48h
facebook,synthetic_facebook_01,synthetic_facebook_01_post_0357,2026-02-27T14:00:00-04:00,113,8,2026-03-01T14:00:00-04:00,synthetic,synthetic_fixed_48h
instagram,synthetic_instagram_02,synthetic_instagram_02_post_0353,2026-02-27T14:00:00-04:00,113,9,2026-03-01T14:00:00-04:00,synthetic,synthetic_fixed_48h
instagram,synthetic_instagram_02,synthetic_instagram_02_post_0354,2026-02-28T00:00:00-04:00,67,5,2026-03-02T00:00:00-04:00,synthetic,synthetic_fixed_48h
facebook,synthetic_facebook_01,synthetic_facebook_01_post_0358,2026-02-28T07:00:00-04:00,50,0,2026-03-02T07:00:00-04:00,synthetic,synthetic_fixed_48h
instagram,synthetic_instagram_03,synthetic_instagram_03_post_0358,2026-02-28T12:00:00-04:00,45,8,2026-03-02T12:00:00-04:00,synthetic,synthetic_fixed_48h
instagram,synthetic_instagram_03,synthetic_instagram_03_post_0359,2026-03-01T06:00:00-04:00,82,5,2026-03-03T06:00:00-04:00,synthetic,synthetic_fixed_48h
instagram,synthetic_instagram_01,synthetic_instagram_01_post_0349,2026-03-01T12:00:00-04:00,113,11,2026-03-03T12:00:00-04:00,synthetic,synthetic_fixed_48h
instagram,synthetic_instagram_03,synthetic_instagram_03_post_0360,2026-03-01T21:00:00-04:00,133,12,2026-03-03T21:00:00-04:00,synthetic,synthetic_fixed_48h
instagram,synthetic_instagram_02,synthetic_instagram_02_post_0355,2026-03-02T03:00:00-04:00,62,5,2026-03-04T03:00:00-04:00,synthetic,synthetic_fixed_48h
facebook,synthetic_facebook_02,synthetic_facebook_02_post_0360,2026-03-02T13:00:00-04:00,72,3,2026-03-04T13:00:00-04:00,synthetic,synthetic_fixed_48h
facebook,synthetic_facebook_01,synthetic_facebook_01_post_0359,2026-03-02T18:00:00-04:00,68,5,2026-03-04T18:00:00-04:00,synthetic,synthetic_fixed_48h
facebook,synthetic_facebook_02,synthetic_facebook_02_post_0361,2026-03-02T19:00:00-04:00,36,3,2026-03-04T19:00:00-04:00,synthetic,synthetic_fixed_48h
instagram,synthetic_instagram_01,synthetic_instagram_01_post_0350,2026-03-03T08:00:00-04:00,151,11,2026-03-05T08:00:00-04:00,synthetic,synthetic_fixed_48h
facebook,synthetic_facebook_01,synthetic_facebook_01_post_0360,2026-03-03T12:00:00-04:00,112,6,2026-03-05T12:00:00-04:00,synthetic,synthetic_fixed_48h
instagram,synthetic_instagram_01,synthetic_instagram_01_post_0351,2026-03-03T12:00:00-04:00,102,7,2026-03-05T12:00:00-04:00,synthetic,synthetic_fixed_48h
facebook,synthetic_facebook_01,synthetic_facebook_01_post_0361,2026-03-03T16:00:00-04:00,55,3,2026-03-05T16:00:00-04:00,synthetic,synthetic_fixed_48h
instagram,synthetic_instagram_02,synthetic_instagram_02_post_0356,2026-03-04T00:00:00-04:00,125,8,2026-03-06T00:00:00-04:00,synthetic,synthetic_fixed_48h
facebook,synthetic_facebook_03,synthetic_facebook_03_post_0338,2026-03-04T08:00:00-04:00,67,9,2026-03-06T08:00:00-04:00,synthetic,synthetic_fixed_48h
facebook,synthetic_facebook_02,synthetic_facebook_02_post_0362,2026-03-04T10:00:00-04:00,90,1,2026-03-06T10:00:00-04:00,synthetic,synthetic_fixed_48h
facebook,synthetic_facebook_01,synthetic_facebook_01_post_0362,2026-03-04T11:00:00-04:00,101,8,2026-03-06T11:00:00-04:00,synthetic,synthetic_fixed_48h
instagram,synthetic_instagram_03,synthetic_instagram_03_post_0361,2026-03-04T14:00:00-04:00,49,4,2026-03-06T14:00:00-04:00,synthetic,synthetic_fixed_48h
facebook,synthetic_facebook_02,synthetic_facebook_02_post_0363,2026-03-05T01:00:00-04:00,46,1,2026-03-07T01:00:00-04:00,synthetic,synthetic_fixed_48h
instagram,synthetic_instagram_03,synthetic_instagram_03_post_0362,2026-03-05T14:00:00-04:00,37,0,2026-03-07T14:00:00-04:00,synthetic,synthetic_fixed_48h
instagram,synthetic_instagram_01,synthetic_instagram_01_post_0352,2026-03-05T16:00:00-04:00,71,6,2026-03-07T16:00:00-04:00,synthetic,synthetic_fixed_48h
facebook,synthetic_facebook_01,synthetic_facebook_01_post_0363,2026-03-06T06:00:00-04:00,68,2,2026-03-08T06:00:00-04:00,synthetic,synthetic_fixed_48h
facebook,synthetic_facebook_02,synthetic_facebook_02_post_0364,2026-03-06T10:00:00-04:00,96,8,2026-03-08T10:00:00-04:00,synthetic,synthetic_fixed_48h
instagram,synthetic_instagram_03,synthetic_instagram_03_post_0363,2026-03-06T11:00:00-04:00,30,2,2026-03-08T11:00:00-04:00,synthetic,synthetic_fixed_48h
instagram,synthetic_instagram_03,synthetic_instagram_03_post_0364,2026-03-06T13:00:00-04:00,36,8,2026-03-08T13:00:00-04:00,synthetic,synthetic_fixed_48h
instagram,synthetic_instagram_01,synthetic_instagram_01_post_0353,2026-03-06T16:00:00-04:00,77,4,2026-03-08T16:00:00-04:00,synthetic,synthetic_fixed_48h
facebook,synthetic_facebook_01,synthetic_facebook_01_post_0364,2026-03-06T19:00:00-04:00,26,0,2026-03-08T19:00:00-04:00,synthetic,synthetic_fixed_48h
instagram,synthetic_instagram_02,synthetic_instagram_02_post_0357,2026-03-07T11:00:00-04:00,152,15,2026-03-09T11:00:00-04:00,synthetic,synthetic_fixed_48h
instagram,synthetic_instagram_02,synthetic_instagram_02_post_0358,2026-03-07T18:00:00-04:00,198,15,2026-03-09T18:00:00-04:00,synthetic,synthetic_fixed_48h
facebook,synthetic_facebook_03,synthetic_facebook_03_post_0339,2026-03-07T20:00:00-04:00,117,7,2026-03-09T20:00:00-04:00,synthetic,synthetic_fixed_48h
facebook,synthetic_facebook_03,synthetic_facebook_03_post_0340,2026-03-07T21:00:00-04:00,95,5,2026-03-09T21:00:00-04:00,synthetic,synthetic_fixed_48h
instagram,synthetic_instagram_01,synthetic_instagram_01_post_0354,2026-03-08T08:00:00-04:00,55,3,2026-03-10T08:00:00-04:00,synthetic,synthetic_fixed_48h
facebook,synthetic_facebook_02,synthetic_facebook_02_post_0365,2026-03-08T11:00:00-04:00,71,6,2026-03-10T11:00:00-04:00,synthetic,synthetic_fixed_48h
instagram,synthetic_instagram_03,synthetic_instagram_03_post_0365,2026-03-08T11:00:00-04:00,61,3,2026-03-10T11:00:00-04:00,synthetic,synthetic_fixed_48h
facebook,synthetic_facebook_02,synthetic_facebook_02_post_0366,2026-03-08T18:00:00-04:00,87,5,2026-03-10T18:00:00-04:00,synthetic,synthetic_fixed_48h
instagram,synthetic_instagram_02,synthetic_instagram_02_post_0359,2026-03-09T00:00:00-04:00,72,8,2026-03-11T00:00:00-04:00,synthetic,synthetic_fixed_48h
instagram,synthetic_instagram_02,synthetic_instagram_02_post_0360,2026-03-09T02:00:00-04:00,65,5,2026-03-11T02:00:00-04:00,synthetic,synthetic_fixed_48h
instagram,synthetic_instagram_01,synthetic_instagram_01_post_0355,2026-03-09T04:00:00-04:00,29,4,2026-03-11T04:00:00-04:00,synthetic,synthetic_fixed_48h
instagram,synthetic_instagram_02,synthetic_instagram_02_post_0361,2026-03-09T04:00:00-04:00,71,9,2026-03-11T04:00:00-04:00,synthetic,synthetic_fixed_48h
facebook,synthetic_facebook_02,synthetic_facebook_02_post_0367,2026-03-09T06:00:00-04:00,38,1,2026-03-11T06:00:00-04:00,synthetic,synthetic_fixed_48h
instagram,synthetic_instagram_01,synthetic_instagram_01_post_0356,2026-03-09T07:00:00-04:00,51,1,2026-03-11T07:00:00-04:00,synthetic,synthetic_fixed_48h
instagram,synthetic_instagram_02,synthetic_instagram_02_post_0362,2026-03-09T08:00:00-04:00,39,4,2026-03-11T08:00:00-04:00,synthetic,synthetic_fixed_48h
facebook,synthetic_facebook_01,synthetic_facebook_01_post_0365,2026-03-09T12:00:00-04:00,63,4,2026-03-11T12:00:00-04:00,synthetic,synthetic_fixed_48h
instagram,synthetic_instagram_02,synthetic_instagram_02_post_0363,2026-03-09T14:00:00-04:00,141,11,2026-03-11T14:00:00-04:00,synthetic,synthetic_fixed_48h
instagram,synthetic_instagram_02,synthetic_instagram_02_post_0364,2026-03-09T18:00:00-04:00,83,6,2026-03-11T18:00:00-04:00,synthetic,synthetic_fixed_48h
instagram,synthetic_instagram_02,synthetic_instagram_02_post_0365,2026-03-10T00:00:00-04:00,91,1,2026-03-12T00:00:00-04:00,synthetic,synthetic_fixed_48h
facebook,synthetic_facebook_02,synthetic_facebook_02_post_0368,2026-03-10T11:00:00-04:00,76,6,2026-03-12T11:00:00-04:00,synthetic,synthetic_fixed_48h
facebook,synthetic_facebook_03,synthetic_facebook_03_post_0341,2026-03-11T02:00:00-04:00,46,3,2026-03-13T02:00:00-04:00,synthetic,synthetic_fixed_48h
instagram,synthetic_instagram_02,synthetic_instagram_02_post_0366,2026-03-11T09:00:00-04:00,79,6,2026-03-13T09:00:00-04:00,synthetic,synthetic_fixed_48h
facebook,synthetic_facebook_01,synthetic_facebook_01_post_0366,2026-03-11T13:00:00-04:00,55,2,2026-03-13T13:00:00-04:00,synthetic,synthetic_fixed_48h
instagram,synthetic_instagram_01,synthetic_instagram_01_post_0357,2026-03-11T16:00:00-04:00,56,7,2026-03-13T16:00:00-04:00,synthetic,synthetic_fixed_48h
facebook,synthetic_facebook_03,synthetic_facebook_03_post_0342,2026-03-12T01:00:00-04:00,140,10,2026-03-14T01:00:00-04:00,synthetic,synthetic_fixed_48h
facebook,synthetic_facebook_01,synthetic_facebook_01_post_0367,2026-03-12T06:00:00-04:00,74,4,2026-03-14T06:00:00-04:00,synthetic,synthetic_fixed_48h
instagram,synthetic_instagram_02,synthetic_instagram_02_post_0367,2026-03-12T08:00:00-04:00,47,5,2026-03-14T08:00:00-04:00,synthetic,synthetic_fixed_48h
instagram,synthetic_instagram_01,synthetic_instagram_01_post_0358,2026-03-12T13:00:00-04:00,98,11,2026-03-14T13:00:00-04:00,synthetic,synthetic_fixed_48h
instagram,synthetic_instagram_02,synthetic_instagram_02_post_0368,2026-03-12T13:00:00-04:00,82,4,2026-03-14T13:00:00-04:00,synthetic,synthetic_fixed_48h
instagram,synthetic_instagram_03,synthetic_instagram_03_post_0366,2026-03-12T14:00:00-04:00,78,10,2026-03-14T14:00:00-04:00,synthetic,synthetic_fixed_48h
facebook,synthetic_facebook_03,synthetic_facebook_03_post_0343,2026-03-12T17:00:00-04:00,171,11,2026-03-14T17:00:00-04:00,synthetic,synthetic_fixed_48h
facebook,synthetic_facebook_03,synthetic_facebook_03_post_0344,2026-03-12T18:00:00-04:00,208,11,2026-03-14T18:00:00-04:00,synthetic,synthetic_fixed_48h
instagram,synthetic_instagram_01,synthetic_instagram_01_post_0359,2026-03-12T23:00:00-04:00,44,6,2026-03-14T23:00:00-04:00,synthetic,synthetic_fixed_48h
instagram,synthetic_instagram_01,synthetic_instagram_01_post_0360,2026-03-13T02:00:00-04:00,50,4,2026-03-15T02:00:00-04:00,synthetic,synthetic_fixed_48h
instagram,synthetic_instagram_01,synthetic_instagram_01_post_0361,2026-03-13T11:00:00-04:00,83,7,2026-03-15T11:00:00-04:00,synthetic,synthetic_fixed_48h
facebook,synthetic_facebook_03,synthetic_facebook_03_post_0345,2026-03-13T13:00:00-04:00,178,11,2026-03-15T13:00:00-04:00,synthetic,synthetic_fixed_48h
facebook,synthetic_facebook_03,synthetic_facebook_03_post_0346,2026-03-13T21:00:00-04:00,102,8,2026-03-15T21:00:00-04:00,synthetic,synthetic_fixed_48h
instagram,synthetic_instagram_01,synthetic_instagram_01_post_0362,2026-03-14T03:00:00-04:00,46,2,2026-03-16T03:00:00-04:00,synthetic,synthetic_fixed_48h
instagram,synthetic_instagram_01,synthetic_instagram_01_post_0363,2026-03-14T07:00:00-04:00,88,7,2026-03-16T07:00:00-04:00,synthetic,synthetic_fixed_48h
instagram,synthetic_instagram_01,synthetic_instagram_01_post_0364,2026-03-14T14:00:00-04:00,69,5,2026-03-16T14:00:00-04:00,synthetic,synthetic_fixed_48h
facebook,synthetic_facebook_01,synthetic_facebook_01_post_0368,2026-03-14T20:00:00-04:00,45,0,2026-03-16T20:00:00-04:00,synthetic,synthetic_fixed_48h
facebook,synthetic_facebook_03,synthetic_facebook_03_post_0347,2026-03-14T21:00:00-04:00,135,10,2026-03-16T21:00:00-04:00,synthetic,synthetic_fixed_48h
instagram,synthetic_instagram_01,synthetic_instagram_01_post_0365,2026-03-14T23:00:00-04:00,19,1,2026-03-16T23:00:00-04:00,synthetic,synthetic_fixed_48h
instagram,synthetic_instagram_01,synthetic_instagram_01_post_0366,2026-03-15T00:00:00-04:00,20,2,2026-03-17T00:00:00-04:00,synthetic,synthetic_fixed_48h
facebook,synthetic_facebook_02,synthetic_facebook_02_post_0369,2026-03-15T04:00:00-04:00,28,3,2026-03-17T04:00:00-04:00,synthetic,synthetic_fixed_48h
facebook,synthetic_facebook_01,synthetic_facebook_01_post_0369,2026-03-15T06:00:00-04:00,69,5,2026-03-17T06:00:00-04:00,synthetic,synthetic_fixed_48h
facebook,synthetic_facebook_02,synthetic_facebook_02_post_0370,2026-03-15T13:00:00-04:00,92,7,2026-03-17T13:00:00-04:00,synthetic,synthetic_fixed_48h
facebook,synthetic_facebook_03,synthetic_facebook_03_post_0348,2026-03-15T21:00:00-04:00,158,12,2026-03-17T21:00:00-04:00,synthetic,synthetic_fixed_48h
instagram,synthetic_instagram_02,synthetic_instagram_02_post_0369,2026-03-16T00:00:00-04:00,52,3,2026-03-18T00:00:00-04:00,synthetic,synthetic_fixed_48h
instagram,synthetic_instagram_03,synthetic_instagram_03_post_0367,2026-03-16T05:00:00-04:00,28,0,2026-03-18T05:00:00-04:00,synthetic,synthetic_fixed_48h
facebook,synthetic_facebook_02,synthetic_facebook_02_post_0371,2026-03-16T08:00:00-04:00,59,2,2026-03-18T08:00:00-04:00,synthetic,synthetic_fixed_48h
instagram,synthetic_instagram_01,synthetic_instagram_01_post_0367,2026-03-16T13:00:00-04:00,62,7,2026-03-18T13:00:00-04:00,synthetic,synthetic_fixed_48h
facebook,synthetic_facebook_01,synthetic_facebook_01_post_0370,2026-03-16T20:00:00-04:00,36,5,2026-03-18T20:00:00-04:00,synthetic,synthetic_fixed_48h
instagram,synthetic_instagram_02,synthetic_instagram_02_post_0370,2026-03-17T01:00:00-04:00,27,6,2026-03-19T01:00:00-04:00,synthetic,synthetic_fixed_48h
instagram,synthetic_instagram_01,synthetic_instagram_01_post_0368,2026-03-17T03:00:00-04:00,57,0,2026-03-19T03:00:00-04:00,synthetic,synthetic_fixed_48h
facebook,synthetic_facebook_03,synthetic_facebook_03_post_0349,2026-03-17T04:00:00-04:00,42,2,2026-03-19T04:00:00-04:00,synthetic,synthetic_fixed_48h
instagram,synthetic_instagram_02,synthetic_instagram_02_post_0371,2026-03-17T05:00:00-04:00,46,5,2026-03-19T05:00:00-04:00,synthetic,synthetic_fixed_48h
facebook,synthetic_facebook_02,synthetic_facebook_02_post_0372,2026-03-17T10:00:00-04:00,27,2,2026-03-19T10:00:00-04:00,synthetic,synthetic_fixed_48h
instagram,synthetic_instagram_01,synthetic_instagram_01_post_0369,2026-03-17T15:00:00-04:00,97,7,2026-03-19T15:00:00-04:00,synthetic,synthetic_fixed_48h
instagram,synthetic_instagram_02,synthetic_instagram_02_post_0372,2026-03-17T16:00:00-04:00,95,11,2026-03-19T16:00:00-04:00,synthetic,synthetic_fixed_48h
facebook,synthetic_facebook_01,synthetic_facebook_01_post_0371,2026-03-18T01:00:00-04:00,31,0,2026-03-20T01:00:00-04:00,synthetic,synthetic_fixed_48h
facebook,synthetic_facebook_01,synthetic_facebook_01_post_0372,2026-03-18T02:00:00-04:00,44,3,2026-03-20T02:00:00-04:00,synthetic,synthetic_fixed_48h
facebook,synthetic_facebook_02,synthetic_facebook_02_post_0373,2026-03-18T09:00:00-04:00,72,0,2026-03-20T09:00:00-04:00,synthetic,synthetic_fixed_48h
instagram,synthetic_instagram_03,synthetic_instagram_03_post_0368,2026-03-18T11:00:00-04:00,42,4,2026-03-20T11:00:00-04:00,synthetic,synthetic_fixed_48h
facebook,synthetic_facebook_03,synthetic_facebook_03_post_0350,2026-03-18T17:00:00-04:00,123,11,2026-03-20T17:00:00-04:00,synthetic,synthetic_fixed_48h
facebook,synthetic_facebook_02,synthetic_facebook_02_post_0374,2026-03-18T18:00:00-04:00,82,3,2026-03-20T18:00:00-04:00,synthetic,synthetic_fixed_48h
instagram,synthetic_instagram_01,synthetic_instagram_01_post_0370,2026-03-18T21:00:00-04:00,35,4,2026-03-20T21:00:00-04:00,synthetic,synthetic_fixed_48h
facebook,synthetic_facebook_02,synthetic_facebook_02_post_0375,2026-03-19T01:00:00-04:00,34,5,2026-03-21T01:00:00-04:00,synthetic,synthetic_fixed_48h
facebook,synthetic_facebook_03,synthetic_facebook_03_post_0351,2026-03-19T05:00:00-04:00,51,3,2026-03-21T05:00:00-04:00,synthetic,synthetic_fixed_48h
facebook,synthetic_facebook_02,synthetic_facebook_02_post_0376,2026-03-19T09:00:00-04:00,81,6,2026-03-21T09:00:00-04:00,synthetic,synthetic_fixed_48h
instagram,synthetic_instagram_01,synthetic_instagram_01_post_0371,2026-03-19T16:00:00-04:00,92,11,2026-03-21T16:00:00-04:00,synthetic,synthetic_fixed_48h
facebook,synthetic_facebook_01,synthetic_facebook_01_post_0373,2026-03-19T17:00:00-04:00,25,2,2026-03-21T17:00:00-04:00,synthetic,synthetic_fixed_48h
facebook,synthetic_facebook_03,synthetic_facebook_03_post_0352,2026-03-20T02:00:00-04:00,61,3,2026-03-22T02:00:00-04:00,synthetic,synthetic_fixed_48h
instagram,synthetic_instagram_02,synthetic_instagram_02_post_0373,2026-03-20T03:00:00-04:00,25,1,2026-03-22T03:00:00-04:00,synthetic,synthetic_fixed_48h
instagram,synthetic_instagram_03,synthetic_instagram_03_post_0369,2026-03-20T06:00:00-04:00,76,4,2026-03-22T06:00:00-04:00,synthetic,synthetic_fixed_48h
facebook,synthetic_facebook_02,synthetic_facebook_02_post_0377,2026-03-20T14:00:00-04:00,90,8,2026-03-22T14:00:00-04:00,synthetic,synthetic_fixed_48h
instagram,synthetic_instagram_01,synthetic_instagram_01_post_0372,2026-03-20T20:00:00-04:00,26,0,2026-03-22T20:00:00-04:00,synthetic,synthetic_fixed_48h
instagram,synthetic_instagram_02,synthetic_instagram_02_post_0374,2026-03-21T06:00:00-04:00,35,4,2026-03-23T06:00:00-04:00,synthetic,synthetic_fixed_48h
facebook,synthetic_facebook_01,synthetic_facebook_01_post_0374,2026-03-21T23:00:00-04:00,28,2,2026-03-23T23:00:00-04:00,synthetic,synthetic_fixed_48h
instagram,synthetic_instagram_01,synthetic_instagram_01_post_0373,2026-03-22T12:00:00-04:00,73,2,2026-03-24T12:00:00-04:00,synthetic,synthetic_fixed_48h
facebook,synthetic_facebook_03,synthetic_facebook_03_post_0353,2026-03-22T13:00:00-04:00,78,6,2026-03-24T13:00:00-04:00,synthetic,synthetic_fixed_48h
instagram,synthetic_instagram_03,synthetic_instagram_03_post_0370,2026-03-22T17:00:00-04:00,67,3,2026-03-24T17:00:00-04:00,synthetic,synthetic_fixed_48h
facebook,synthetic_facebook_02,synthetic_facebook_02_post_0378,2026-03-23T23:00:00-04:00,39,0,2026-03-25T23:00:00-04:00,synthetic,synthetic_fixed_48h
instagram,synthetic_instagram_01,synthetic_instagram_01_post_0374,2026-03-24T10:00:00-04:00,72,9,2026-03-26T10:00:00-04:00,synthetic,synthetic_fixed_48h
instagram,synthetic_instagram_02,synthetic_instagram_02_post_0375,2026-03-24T13:00:00-04:00,43,1,2026-03-26T13:00:00-04:00,synthetic,synthetic_fixed_48h
instagram,synthetic_instagram_01,synthetic_instagram_01_post_0375,2026-03-24T15:00:00-04:00,72,5,2026-03-26T15:00:00-04:00,synthetic,synthetic_fixed_48h
facebook,synthetic_facebook_01,synthetic_facebook_01_post_0375,2026-03-24T23:00:00-04:00,41,0,2026-03-26T23:00:00-04:00,synthetic,synthetic_fixed_48h
facebook,synthetic_facebook_02,synthetic_facebook_02_post_0379,2026-03-25T03:00:00-04:00,53,7,2026-03-27T03:00:00-04:00,synthetic,synthetic_fixed_48h
facebook,synthetic_facebook_03,synthetic_facebook_03_post_0354,2026-03-25T10:00:00-04:00,42,2,2026-03-27T10:00:00-04:00,synthetic,synthetic_fixed_48h
facebook,synthetic_facebook_03,synthetic_facebook_03_post_0355,2026-03-25T23:00:00-04:00,76,4,2026-03-27T23:00:00-04:00,synthetic,synthetic_fixed_48h
instagram,synthetic_instagram_01,synthetic_instagram_01_post_0376,2026-03-26T05:00:00-04:00,38,5,2026-03-28T05:00:00-04:00,synthetic,synthetic_fixed_48h
facebook,synthetic_facebook_03,synthetic_facebook_03_post_0356,2026-03-26T09:00:00-04:00,55,4,2026-03-28T09:00:00-04:00,synthetic,synthetic_fixed_48h
facebook,synthetic_facebook_01,synthetic_facebook_01_post_0376,2026-03-26T12:00:00-04:00,55,3,2026-03-28T12:00:00-04:00,synthetic,synthetic_fixed_48h
facebook,synthetic_facebook_03,synthetic_facebook_03_post_0357,2026-03-26T18:00:00-04:00,106,8,2026-03-28T18:00:00-04:00,synthetic,synthetic_fixed_48h
instagram,synthetic_instagram_01,synthetic_instagram_01_post_0377,2026-03-26T23:00:00-04:00,26,8,2026-03-28T23:00:00-04:00,synthetic,synthetic_fixed_48h
facebook,synthetic_facebook_01,synthetic_facebook_01_post_0377,2026-03-27T09:00:00-04:00,52,3,2026-03-29T09:00:00-04:00,synthetic,synthetic_fixed_48h
facebook,synthetic_facebook_01,synthetic_facebook_01_post_0378,2026-03-27T23:00:00-04:00,23,3,2026-03-29T23:00:00-04:00,synthetic,synthetic_fixed_48h
instagram,synthetic_instagram_01,synthetic_instagram_01_post_0378,2026-03-27T23:00:00-04:00,25,2,2026-03-29T23:00:00-04:00,synthetic,synthetic_fixed_48h
facebook,synthetic_facebook_01,synthetic_facebook_01_post_0379,2026-03-28T09:00:00-04:00,48,3,2026-03-30T09:00:00-04:00,synthetic,synthetic_fixed_48h
facebook,synthetic_facebook_02,synthetic_facebook_02_post_0380,2026-03-28T10:00:00-04:00,51,4,2026-03-30T10:00:00-04:00,synthetic,synthetic_fixed_48h
facebook,synthetic_facebook_01,synthetic_facebook_01_post_0380,2026-03-28T14:00:00-04:00,45,4,2026-03-30T14:00:00-04:00,synthetic,synthetic_fixed_48h
facebook,synthetic_facebook_01,synthetic_facebook_01_post_0381,2026-03-28T16:00:00-04:00,71,4,2026-03-30T16:00:00-04:00,synthetic,synthetic_fixed_48h
facebook,synthetic_facebook_03,synthetic_facebook_03_post_0358,2026-03-29T06:00:00-04:00,36,2,2026-03-31T06:00:00-04:00,synthetic,synthetic_fixed_48h
facebook,synthetic_facebook_01,synthetic_facebook_01_post_0382,2026-03-29T13:00:00-04:00,188,11,2026-03-31T13:00:00-04:00,synthetic,synthetic_fixed_48h
facebook,synthetic_facebook_02,synthetic_facebook_02_post_0381,2026-03-29T21:00:00-04:00,35,1,2026-03-31T21:00:00-04:00,synthetic,synthetic_fixed_48h
instagram,synthetic_instagram_03,synthetic_instagram_03_post_0371,2026-03-29T22:00:00-04:00,146,13,2026-03-31T22:00:00-04:00,synthetic,synthetic_fixed_48h
instagram,synthetic_instagram_03,synthetic_instagram_03_post_0372,2026-03-30T03:00:00-04:00,74,4,2026-04-01T03:00:00-04:00,synthetic,synthetic_fixed_48h
facebook,synthetic_facebook_02,synthetic_facebook_02_post_0382,2026-03-30T09:00:00-04:00,77,5,2026-04-01T09:00:00-04:00,synthetic,synthetic_fixed_48h
instagram,synthetic_instagram_03,synthetic_instagram_03_post_0373,2026-03-30T16:00:00-04:00,52,3,2026-04-01T16:00:00-04:00,synthetic,synthetic_fixed_48h
instagram,synthetic_instagram_03,synthetic_instagram_03_post_0374,2026-03-30T22:00:00-04:00,124,6,2026-04-01T22:00:00-04:00,synthetic,synthetic_fixed_48h
facebook,synthetic_facebook_01,synthetic_facebook_01_post_0383,2026-03-31T02:00:00-04:00,71,8,2026-04-02T02:00:00-04:00,synthetic,synthetic_fixed_48h
facebook,synthetic_facebook_03,synthetic_facebook_03_post_0359,2026-03-31T04:00:00-04:00,29,4,2026-04-02T04:00:00-04:00,synthetic,synthetic_fixed_48h
instagram,synthetic_instagram_03,synthetic_instagram_03_post_0375,2026-03-31T04:00:00-04:00,73,6,2026-04-02T04:00:00-04:00,synthetic,synthetic_fixed_48h
facebook,synthetic_facebook_01,synthetic_facebook_01_post_0384,2026-03-31T06:00:00-04:00,149,5,2026-04-02T06:00:00-04:00,synthetic,synthetic_fixed_48h
instagram,synthetic_instagram_01,synthetic_instagram_01_post_0379,2026-03-31T06:00:00-04:00,45,4,2026-04-02T06:00:00-04:00,synthetic,synthetic_fixed_48h
instagram,synthetic_instagram_02,synthetic_instagram_02_post_0376,2026-03-31T07:00:00-04:00,29,2,2026-04-02T07:00:00-04:00,synthetic,synthetic_fixed_48h
facebook,synthetic_facebook_03,synthetic_facebook_03_post_0360,2026-03-31T13:00:00-04:00,32,0,2026-04-02T13:00:00-04:00,synthetic,synthetic_fixed_48h
facebook,synthetic_facebook_01,synthetic_facebook_01_post_0385,2026-03-31T18:00:00-04:00,36,0,2026-04-02T18:00:00-04:00,synthetic,synthetic_fixed_48h
instagram,synthetic_instagram_01,synthetic_instagram_01_post_0380,2026-03-31T23:00:00-04:00,33,5,2026-04-02T23:00:00-04:00,synthetic,synthetic_fixed_48h
instagram,synthetic_instagram_02,synthetic_instagram_02_post_0377,2026-04-01T14:00:00-04:00,64,10,2026-04-03T14:00:00-04:00,synthetic,synthetic_fixed_48h
facebook,synthetic_facebook_01,synthetic_facebook_01_post_0386,2026-04-01T21:00:00-04:00,28,3,2026-04-03T21:00:00-04:00,synthetic,synthetic_fixed_48h
instagram,synthetic_instagram_02,synthetic_instagram_02_post_0378,2026-04-02T06:00:00-04:00,30,6,2026-04-04T06:00:00-04:00,synthetic,synthetic_fixed_48h
facebook,synthetic_facebook_01,synthetic_facebook_01_post_0387,2026-04-02T10:00:00-04:00,46,5,2026-04-04T10:00:00-04:00,synthetic,synthetic_fixed_48h
facebook,synthetic_facebook_03,synthetic_facebook_03_post_0361,2026-04-02T15:00:00-04:00,67,2,2026-04-04T15:00:00-04:00,synthetic,synthetic_fixed_48h
facebook,synthetic_facebook_02,synthetic_facebook_02_post_0383,2026-04-02T21:00:00-04:00,93,7,2026-04-04T21:00:00-04:00,synthetic,synthetic_fixed_48h
facebook,synthetic_facebook_03,synthetic_facebook_03_post_0362,2026-04-03T00:00:00-04:00,121,4,2026-04-05T00:00:00-04:00,synthetic,synthetic_fixed_48h
facebook,synthetic_facebook_01,synthetic_facebook_01_post_0388,2026-04-03T05:00:00-04:00,79,7,2026-04-05T05:00:00-04:00,synthetic,synthetic_fixed_48h
facebook,synthetic_facebook_03,synthetic_facebook_03_post_0363,2026-04-03T16:00:00-04:00,70,5,2026-04-05T16:00:00-04:00,synthetic,synthetic_fixed_48h
instagram,synthetic_instagram_03,synthetic_instagram_03_post_0376,2026-04-03T16:00:00-04:00,67,3,2026-04-05T16:00:00-04:00,synthetic,synthetic_fixed_48h
instagram,synthetic_instagram_03,synthetic_instagram_03_post_0377,2026-04-03T17:00:00-04:00,110,10,2026-04-05T17:00:00-04:00,synthetic,synthetic_fixed_48h
instagram,synthetic_instagram_01,synthetic_instagram_01_post_0381,2026-04-03T22:00:00-04:00,18,0,2026-04-05T22:00:00-04:00,synthetic,synthetic_fixed_48h
instagram,synthetic_instagram_02,synthetic_instagram_02_post_0379,2026-04-03T23:00:00-04:00,42,4,2026-04-05T23:00:00-04:00,synthetic,synthetic_fixed_48h
instagram,synthetic_instagram_03,synthetic_instagram_03_post_0378,2026-04-04T04:00:00-04:00,94,10,2026-04-06T04:00:00-04:00,synthetic,synthetic_fixed_48h
facebook,synthetic_facebook_03,synthetic_facebook_03_post_0364,2026-04-04T06:00:00-04:00,32,2,2026-04-06T06:00:00-04:00,synthetic,synthetic_fixed_48h
instagram,synthetic_instagram_03,synthetic_instagram_03_post_0379,2026-04-04T08:00:00-04:00,36,2,2026-04-06T08:00:00-04:00,synthetic,synthetic_fixed_48h
instagram,synthetic_instagram_02,synthetic_instagram_02_post_0380,2026-04-04T09:00:00-04:00,27,2,2026-04-06T09:00:00-04:00,synthetic,synthetic_fixed_48h
facebook,synthetic_facebook_03,synthetic_facebook_03_post_0365,2026-04-04T13:00:00-04:00,52,5,2026-04-06T13:00:00-04:00,synthetic,synthetic_fixed_48h
instagram,synthetic_instagram_01,synthetic_instagram_01_post_0382,2026-04-04T22:00:00-04:00,24,3,2026-04-06T22:00:00-04:00,synthetic,synthetic_fixed_48h
instagram,synthetic_instagram_02,synthetic_instagram_02_post_0381,2026-04-05T04:00:00-04:00,23,2,2026-04-07T04:00:00-04:00,synthetic,synthetic_fixed_48h
facebook,synthetic_facebook_01,synthetic_facebook_01_post_0389,2026-04-05T11:00:00-04:00,57,8,2026-04-07T11:00:00-04:00,synthetic,synthetic_fixed_48h
instagram,synthetic_instagram_01,synthetic_instagram_01_post_0383,2026-04-05T13:00:00-04:00,74,6,2026-04-07T13:00:00-04:00,synthetic,synthetic_fixed_48h
instagram,synthetic_instagram_01,synthetic_instagram_01_post_0384,2026-04-06T05:00:00-04:00,42,6,2026-04-08T05:00:00-04:00,synthetic,synthetic_fixed_48h
facebook,synthetic_facebook_01,synthetic_facebook_01_post_0390,2026-04-06T07:00:00-04:00,70,2,2026-04-08T07:00:00-04:00,synthetic,synthetic_fixed_48h
facebook,synthetic_facebook_03,synthetic_facebook_03_post_0366,2026-04-06T11:00:00-04:00,62,4,2026-04-08T11:00:00-04:00,synthetic,synthetic_fixed_48h
facebook,synthetic_facebook_01,synthetic_facebook_01_post_0391,2026-04-06T12:00:00-04:00,53,2,2026-04-08T12:00:00-04:00,synthetic,synthetic_fixed_48h
instagram,synthetic_instagram_03,synthetic_instagram_03_post_0380,2026-04-06T13:00:00-04:00,36,2,2026-04-08T13:00:00-04:00,synthetic,synthetic_fixed_48h
facebook,synthetic_facebook_03,synthetic_facebook_03_post_0367,2026-04-06T19:00:00-04:00,68,2,2026-04-08T19:00:00-04:00,synthetic,synthetic_fixed_48h
instagram,synthetic_instagram_02,synthetic_instagram_02_post_0382,2026-04-06T19:00:00-04:00,63,5,2026-04-08T19:00:00-04:00,synthetic,synthetic_fixed_48h
instagram,synthetic_instagram_03,synthetic_instagram_03_post_0381,2026-04-06T20:00:00-04:00,112,9,2026-04-08T20:00:00-04:00,synthetic,synthetic_fixed_48h
facebook,synthetic_facebook_02,synthetic_facebook_02_post_0384,2026-04-06T21:00:00-04:00,64,3,2026-04-08T21:00:00-04:00,synthetic,synthetic_fixed_48h
facebook,synthetic_facebook_02,synthetic_facebook_02_post_0385,2026-04-06T22:00:00-04:00,46,3,2026-04-08T22:00:00-04:00,synthetic,synthetic_fixed_48h
facebook,synthetic_facebook_03,synthetic_facebook_03_post_0368,2026-04-07T03:00:00-04:00,23,0,2026-04-09T03:00:00-04:00,synthetic,synthetic_fixed_48h
instagram,synthetic_instagram_03,synthetic_instagram_03_post_0382,2026-04-07T12:00:00-04:00,53,6,2026-04-09T12:00:00-04:00,synthetic,synthetic_fixed_48h
instagram,synthetic_instagram_01,synthetic_instagram_01_post_0385,2026-04-07T20:00:00-04:00,52,3,2026-04-09T20:00:00-04:00,synthetic,synthetic_fixed_48h
instagram,synthetic_instagram_02,synthetic_instagram_02_post_0383,2026-04-07T21:00:00-04:00,60,5,2026-04-09T21:00:00-04:00,synthetic,synthetic_fixed_48h
facebook,synthetic_facebook_01,synthetic_facebook_01_post_0392,2026-04-08T07:00:00-04:00,57,8,2026-04-10T07:00:00-04:00,synthetic,synthetic_fixed_48h
facebook,synthetic_facebook_02,synthetic_facebook_02_post_0386,2026-04-08T07:00:00-04:00,47,2,2026-04-10T07:00:00-04:00,synthetic,synthetic_fixed_48h
instagram,synthetic_instagram_02,synthetic_instagram_02_post_0384,2026-04-08T14:00:00-04:00,38,1,2026-04-10T14:00:00-04:00,synthetic,synthetic_fixed_48h
instagram,synthetic_instagram_02,synthetic_instagram_02_post_0385,2026-04-08T19:00:00-04:00,60,4,2026-04-10T19:00:00-04:00,synthetic,synthetic_fixed_48h
facebook,synthetic_facebook_01,synthetic_facebook_01_post_0393,2026-04-08T20:00:00-04:00,25,2,2026-04-10T20:00:00-04:00,synthetic,synthetic_fixed_48h
instagram,synthetic_instagram_03,synthetic_instagram_03_post_0383,2026-04-08T20:00:00-04:00,72,6,2026-04-10T20:00:00-04:00,synthetic,synthetic_fixed_48h
instagram,synthetic_instagram_02,synthetic_instagram_02_post_0386,2026-04-08T21:00:00-04:00,75,5,2026-04-10T21:00:00-04:00,synthetic,synthetic_fixed_48h
facebook,synthetic_facebook_01,synthetic_facebook_01_post_0394,2026-04-09T00:00:00-04:00,17,1,2026-04-11T00:00:00-04:00,synthetic,synthetic_fixed_48h
instagram,synthetic_instagram_03,synthetic_instagram_03_post_0384,2026-04-09T01:00:00-04:00,77,6,2026-04-11T01:00:00-04:00,synthetic,synthetic_fixed_48h
instagram,synthetic_instagram_01,synthetic_instagram_01_post_0386,2026-04-09T04:00:00-04:00,47,5,2026-04-11T04:00:00-04:00,synthetic,synthetic_fixed_48h
facebook,synthetic_facebook_02,synthetic_facebook_02_post_0387,2026-04-09T07:00:00-04:00,42,2,2026-04-11T07:00:00-04:00,synthetic,synthetic_fixed_48h
instagram,synthetic_instagram_03,synthetic_instagram_03_post_0385,2026-04-09T10:00:00-04:00,52,2,2026-04-11T10:00:00-04:00,synthetic,synthetic_fixed_48h
facebook,synthetic_facebook_02,synthetic_facebook_02_post_0388,2026-04-09T19:00:00-04:00,65,5,2026-04-11T19:00:00-04:00,synthetic,synthetic_fixed_48h
instagram,synthetic_instagram_03,synthetic_instagram_03_post_0386,2026-04-09T19:00:00-04:00,65,4,2026-04-11T19:00:00-04:00,synthetic,synthetic_fixed_48h
facebook,synthetic_facebook_03,synthetic_facebook_03_post_0369,2026-04-10T04:00:00-04:00,73,4,2026-04-12T04:00:00-04:00,synthetic,synthetic_fixed_48h
facebook,synthetic_facebook_03,synthetic_facebook_03_post_0370,2026-04-10T07:00:00-04:00,53,2,2026-04-12T07:00:00-04:00,synthetic,synthetic_fixed_48h
facebook,synthetic_facebook_01,synthetic_facebook_01_post_0395,2026-04-10T18:00:00-04:00,12,0,2026-04-12T18:00:00-04:00,synthetic,synthetic_fixed_48h
instagram,synthetic_instagram_03,synthetic_instagram_03_post_0387,2026-04-10T22:00:00-04:00,208,19,2026-04-12T22:00:00-04:00,synthetic,synthetic_fixed_48h
facebook,synthetic_facebook_03,synthetic_facebook_03_post_0371,2026-04-10T23:00:00-04:00,127,9,2026-04-12T23:00:00-04:00,synthetic,synthetic_fixed_48h
instagram,synthetic_instagram_03,synthetic_instagram_03_post_0388,2026-04-10T23:00:00-04:00,111,9,2026-04-12T23:00:00-04:00,synthetic,synthetic_fixed_48h
instagram,synthetic_instagram_02,synthetic_instagram_02_post_0387,2026-04-11T04:00:00-04:00,42,2,2026-04-13T04:00:00-04:00,synthetic,synthetic_fixed_48h
instagram,synthetic_instagram_01,synthetic_instagram_01_post_0387,2026-04-11T14:00:00-04:00,63,1,2026-04-13T14:00:00-04:00,synthetic,synthetic_fixed_48h
instagram,synthetic_instagram_01,synthetic_instagram_01_post_0388,2026-04-11T16:00:00-04:00,93,7,2026-04-13T16:00:00-04:00,synthetic,synthetic_fixed_48h
instagram,synthetic_instagram_03,synthetic_instagram_03_post_0389,2026-04-11T17:00:00-04:00,75,5,2026-04-13T17:00:00-04:00,synthetic,synthetic_fixed_48h
instagram,synthetic_instagram_03,synthetic_instagram_03_post_0390,2026-04-11T21:00:00-04:00,284,22,2026-04-13T21:00:00-04:00,synthetic,synthetic_fixed_48h
facebook,synthetic_facebook_02,synthetic_facebook_02_post_0389,2026-04-12T01:00:00-04:00,21,2,2026-04-14T01:00:00-04:00,synthetic,synthetic_fixed_48h
instagram,synthetic_instagram_02,synthetic_instagram_02_post_0388,2026-04-12T10:00:00-04:00,38,2,2026-04-14T10:00:00-04:00,synthetic,synthetic_fixed_48h
facebook,synthetic_facebook_01,synthetic_facebook_01_post_0396,2026-04-12T11:00:00-04:00,50,2,2026-04-14T11:00:00-04:00,synthetic,synthetic_fixed_48h
instagram,synthetic_instagram_03,synthetic_instagram_03_post_0391,2026-04-12T11:00:00-04:00,46,1,2026-04-14T11:00:00-04:00,synthetic,synthetic_fixed_48h
facebook,synthetic_facebook_01,synthetic_facebook_01_post_0397,2026-04-12T12:00:00-04:00,60,7,2026-04-14T12:00:00-04:00,synthetic,synthetic_fixed_48h
facebook,synthetic_facebook_01,synthetic_facebook_01_post_0398,2026-04-12T16:00:00-04:00,38,0,2026-04-14T16:00:00-04:00,synthetic,synthetic_fixed_48h
instagram,synthetic_instagram_03,synthetic_instagram_03_post_0392,2026-04-12T16:00:00-04:00,149,12,2026-04-14T16:00:00-04:00,synthetic,synthetic_fixed_48h
instagram,synthetic_instagram_03,synthetic_instagram_03_post_0393,2026-04-12T19:00:00-04:00,210,17,2026-04-14T19:00:00-04:00,synthetic,synthetic_fixed_48h
facebook,synthetic_facebook_03,synthetic_facebook_03_post_0372,2026-04-12T22:00:00-04:00,93,6,2026-04-14T22:00:00-04:00,synthetic,synthetic_fixed_48h
instagram,synthetic_instagram_01,synthetic_instagram_01_post_0389,2026-04-13T09:00:00-04:00,58,7,2026-04-15T09:00:00-04:00,synthetic,synthetic_fixed_48h
facebook,synthetic_facebook_01,synthetic_facebook_01_post_0399,2026-04-13T11:00:00-04:00,52,0,2026-04-15T11:00:00-04:00,synthetic,synthetic_fixed_48h
instagram,synthetic_instagram_01,synthetic_instagram_01_post_0390,2026-04-13T23:00:00-04:00,37,2,2026-04-15T23:00:00-04:00,synthetic,synthetic_fixed_48h
instagram,synthetic_instagram_01,synthetic_instagram_01_post_0391,2026-04-14T10:00:00-04:00,105,7,2026-04-16T10:00:00-04:00,synthetic,synthetic_fixed_48h
facebook,synthetic_facebook_03,synthetic_facebook_03_post_0373,2026-04-14T16:00:00-04:00,69,9,2026-04-16T16:00:00-04:00,synthetic,synthetic_fixed_48h
instagram,synthetic_instagram_01,synthetic_instagram_01_post_0392,2026-04-14T19:00:00-04:00,92,1,2026-04-16T19:00:00-04:00,synthetic,synthetic_fixed_48h
facebook,synthetic_facebook_03,synthetic_facebook_03_post_0374,2026-04-14T23:00:00-04:00,79,6,2026-04-16T23:00:00-04:00,synthetic,synthetic_fixed_48h
facebook,synthetic_facebook_01,synthetic_facebook_01_post_0400,2026-04-15T07:00:00-04:00,26,2,2026-04-17T07:00:00-04:00,synthetic,synthetic_fixed_48h
instagram,synthetic_instagram_01,synthetic_instagram_01_post_0393,2026-04-15T08:00:00-04:00,77,7,2026-04-17T08:00:00-04:00,synthetic,synthetic_fixed_48h
instagram,synthetic_instagram_01,synthetic_instagram_01_post_0394,2026-04-15T11:00:00-04:00,48,5,2026-04-17T11:00:00-04:00,synthetic,synthetic_fixed_48h
instagram,synthetic_instagram_01,synthetic_instagram_01_post_0395,2026-04-15T19:00:00-04:00,68,2,2026-04-17T19:00:00-04:00,synthetic,synthetic_fixed_48h
facebook,synthetic_facebook_01,synthetic_facebook_01_post_0401,2026-04-15T21:00:00-04:00,27,5,2026-04-17T21:00:00-04:00,synthetic,synthetic_fixed_48h
facebook,synthetic_facebook_02,synthetic_facebook_02_post_0390,2026-04-16T02:00:00-04:00,46,5,2026-04-18T02:00:00-04:00,synthetic,synthetic_fixed_48h
instagram,synthetic_instagram_01,synthetic_instagram_01_post_0396,2026-04-16T04:00:00-04:00,114,7,2026-04-18T04:00:00-04:00,synthetic,synthetic_fixed_48h
instagram,synthetic_instagram_03,synthetic_instagram_03_post_0394,2026-04-16T06:00:00-04:00,68,7,2026-04-18T06:00:00-04:00,synthetic,synthetic_fixed_48h
instagram,synthetic_instagram_02,synthetic_instagram_02_post_0389,2026-04-16T07:00:00-04:00,37,7,2026-04-18T07:00:00-04:00,synthetic,synthetic_fixed_48h
facebook,synthetic_facebook_03,synthetic_facebook_03_post_0375,2026-04-16T10:00:00-04:00,53,0,2026-04-18T10:00:00-04:00,synthetic,synthetic_fixed_48h
instagram,synthetic_instagram_02,synthetic_instagram_02_post_0390,2026-04-16T16:00:00-04:00,97,7,2026-04-18T16:00:00-04:00,synthetic,synthetic_fixed_48h
facebook,synthetic_facebook_01,synthetic_facebook_01_post_0402,2026-04-16T23:00:00-04:00,10,1,2026-04-18T23:00:00-04:00,synthetic,synthetic_fixed_48h
facebook,synthetic_facebook_02,synthetic_facebook_02_post_0391,2026-04-17T02:00:00-04:00,44,2,2026-04-19T02:00:00-04:00,synthetic,synthetic_fixed_48h
facebook,synthetic_facebook_02,synthetic_facebook_02_post_0392,2026-04-17T03:00:00-04:00,27,7,2026-04-19T03:00:00-04:00,synthetic,synthetic_fixed_48h
instagram,synthetic_instagram_02,synthetic_instagram_02_post_0391,2026-04-17T03:00:00-04:00,45,6,2026-04-19T03:00:00-04:00,synthetic,synthetic_fixed_48h
facebook,synthetic_facebook_03,synthetic_facebook_03_post_0376,2026-04-17T18:00:00-04:00,133,7,2026-04-19T18:00:00-04:00,synthetic,synthetic_fixed_48h
instagram,synthetic_instagram_02,synthetic_instagram_02_post_0392,2026-04-17T22:00:00-04:00,108,8,2026-04-19T22:00:00-04:00,synthetic,synthetic_fixed_48h
instagram,synthetic_instagram_03,synthetic_instagram_03_post_0395,2026-04-17T22:00:00-04:00,112,9,2026-04-19T22:00:00-04:00,synthetic,synthetic_fixed_48h
instagram,synthetic_instagram_03,synthetic_instagram_03_post_0396,2026-04-18T04:00:00-04:00,59,5,2026-04-20T04:00:00-04:00,synthetic,synthetic_fixed_48h
facebook,synthetic_facebook_03,synthetic_facebook_03_post_0377,2026-04-18T09:00:00-04:00,60,3,2026-04-20T09:00:00-04:00,synthetic,synthetic_fixed_48h
instagram,synthetic_instagram_02,synthetic_instagram_02_post_0393,2026-04-18T13:00:00-04:00,96,9,2026-04-20T13:00:00-04:00,synthetic,synthetic_fixed_48h
instagram,synthetic_instagram_02,synthetic_instagram_02_post_0394,2026-04-18T15:00:00-04:00,62,9,2026-04-20T15:00:00-04:00,synthetic,synthetic_fixed_48h
instagram,synthetic_instagram_02,synthetic_instagram_02_post_0395,2026-04-18T23:00:00-04:00,53,4,2026-04-20T23:00:00-04:00,synthetic,synthetic_fixed_48h
facebook,synthetic_facebook_02,synthetic_facebook_02_post_0393,2026-04-19T18:00:00-04:00,63,7,2026-04-21T18:00:00-04:00,synthetic,synthetic_fixed_48h
facebook,synthetic_facebook_03,synthetic_facebook_03_post_0378,2026-04-20T05:00:00-04:00,36,5,2026-04-22T05:00:00-04:00,synthetic,synthetic_fixed_48h
facebook,synthetic_facebook_03,synthetic_facebook_03_post_0379,2026-04-20T08:00:00-04:00,36,1,2026-04-22T08:00:00-04:00,synthetic,synthetic_fixed_48h
instagram,synthetic_instagram_02,synthetic_instagram_02_post_0396,2026-04-20T09:00:00-04:00,49,8,2026-04-22T09:00:00-04:00,synthetic,synthetic_fixed_48h
instagram,synthetic_instagram_02,synthetic_instagram_02_post_0397,2026-04-20T11:00:00-04:00,55,3,2026-04-22T11:00:00-04:00,synthetic,synthetic_fixed_48h
instagram,synthetic_instagram_01,synthetic_instagram_01_post_0397,2026-04-20T18:00:00-04:00,37,3,2026-04-22T18:00:00-04:00,synthetic,synthetic_fixed_48h
facebook,synthetic_facebook_01,synthetic_facebook_01_post_0403,2026-04-20T19:00:00-04:00,37,1,2026-04-22T19:00:00-04:00,synthetic,synthetic_fixed_48h
instagram,synthetic_instagram_03,synthetic_instagram_03_post_0397,2026-04-21T01:00:00-04:00,80,7,2026-04-23T01:00:00-04:00,synthetic,synthetic_fixed_48h
instagram,synthetic_instagram_01,synthetic_instagram_01_post_0398,2026-04-21T06:00:00-04:00,48,5,2026-04-23T06:00:00-04:00,synthetic,synthetic_fixed_48h
instagram,synthetic_instagram_03,synthetic_instagram_03_post_0398,2026-04-21T19:00:00-04:00,89,7,2026-04-23T19:00:00-04:00,synthetic,synthetic_fixed_48h
instagram,synthetic_instagram_03,synthetic_instagram_03_post_0399,2026-04-21T20:00:00-04:00,162,15,2026-04-23T20:00:00-04:00,synthetic,synthetic_fixed_48h
facebook,synthetic_facebook_02,synthetic_facebook_02_post_0394,2026-04-21T22:00:00-04:00,33,0,2026-04-23T22:00:00-04:00,synthetic,synthetic_fixed_48h
facebook,synthetic_facebook_02,synthetic_facebook_02_post_0395,2026-04-22T00:00:00-04:00,45,2,2026-04-24T00:00:00-04:00,synthetic,synthetic_fixed_48h
facebook,synthetic_facebook_03,synthetic_facebook_03_post_0380,2026-04-22T02:00:00-04:00,73,3,2026-04-24T02:00:00-04:00,synthetic,synthetic_fixed_48h
instagram,synthetic_instagram_03,synthetic_instagram_03_post_0400,2026-04-22T03:00:00-04:00,52,8,2026-04-24T03:00:00-04:00,synthetic,synthetic_fixed_48h
instagram,synthetic_instagram_01,synthetic_instagram_01_post_0399,2026-04-22T07:00:00-04:00,57,2,2026-04-24T07:00:00-04:00,synthetic,synthetic_fixed_48h
facebook,synthetic_facebook_03,synthetic_facebook_03_post_0381,2026-04-22T09:00:00-04:00,46,3,2026-04-24T09:00:00-04:00,synthetic,synthetic_fixed_48h
facebook,synthetic_facebook_03,synthetic_facebook_03_post_0382,2026-04-22T13:00:00-04:00,71,1,2026-04-24T13:00:00-04:00,synthetic,synthetic_fixed_48h
instagram,synthetic_instagram_01,synthetic_instagram_01_post_0400,2026-04-24T00:00:00-04:00,16,1,2026-04-26T00:00:00-04:00,synthetic,synthetic_fixed_48h
instagram,synthetic_instagram_01,synthetic_instagram_01_post_0401,2026-04-24T01:00:00-04:00,32,1,2026-04-26T01:00:00-04:00,synthetic,synthetic_fixed_48h
facebook,synthetic_facebook_01,synthetic_facebook_01_post_0404,2026-04-24T02:00:00-04:00,13,2,2026-04-26T02:00:00-04:00,synthetic,synthetic_fixed_48h
facebook,synthetic_facebook_03,synthetic_facebook_03_post_0383,2026-04-24T06:00:00-04:00,44,1,2026-04-26T06:00:00-04:00,synthetic,synthetic_fixed_48h
instagram,synthetic_instagram_01,synthetic_instagram_01_post_0402,2026-04-24T16:00:00-04:00,40,3,2026-04-26T16:00:00-04:00,synthetic,synthetic_fixed_48h
instagram,synthetic_instagram_01,synthetic_instagram_01_post_0403,2026-04-24T22:00:00-04:00,12,0,2026-04-26T22:00:00-04:00,synthetic,synthetic_fixed_48h
instagram,synthetic_instagram_01,synthetic_instagram_01_post_0404,2026-04-25T10:00:00-04:00,25,2,2026-04-27T10:00:00-04:00,synthetic,synthetic_fixed_48h
facebook,synthetic_facebook_03,synthetic_facebook_03_post_0384,2026-04-25T11:00:00-04:00,62,5,2026-04-27T11:00:00-04:00,synthetic,synthetic_fixed_48h
facebook,synthetic_facebook_02,synthetic_facebook_02_post_0396,2026-04-25T20:00:00-04:00,50,4,2026-04-27T20:00:00-04:00,synthetic,synthetic_fixed_48h
facebook,synthetic_facebook_01,synthetic_facebook_01_post_0405,2026-04-26T11:00:00-04:00,31,2,2026-04-28T11:00:00-04:00,synthetic,synthetic_fixed_48h
instagram,synthetic_instagram_03,synthetic_instagram_03_post_0401,2026-04-26T11:00:00-04:00,57,4,2026-04-28T11:00:00-04:00,synthetic,synthetic_fixed_48h
instagram,synthetic_instagram_02,synthetic_instagram_02_post_0398,2026-04-26T12:00:00-04:00,52,6,2026-04-28T12:00:00-04:00,synthetic,synthetic_fixed_48h
facebook,synthetic_facebook_01,synthetic_facebook_01_post_0406,2026-04-26T13:00:00-04:00,46,5,2026-04-28T13:00:00-04:00,synthetic,synthetic_fixed_48h
instagram,synthetic_instagram_03,synthetic_instagram_03_post_0402,2026-04-26T14:00:00-04:00,52,3,2026-04-28T14:00:00-04:00,synthetic,synthetic_fixed_48h
facebook,synthetic_facebook_02,synthetic_facebook_02_post_0397,2026-04-26T20:00:00-04:00,28,0,2026-04-28T20:00:00-04:00,synthetic,synthetic_fixed_48h
facebook,synthetic_facebook_01,synthetic_facebook_01_post_0407,2026-04-27T16:00:00-04:00,35,4,2026-04-29T16:00:00-04:00,synthetic,synthetic_fixed_48h
instagram,synthetic_instagram_01,synthetic_instagram_01_post_0405,2026-04-27T20:00:00-04:00,41,0,2026-04-29T20:00:00-04:00,synthetic,synthetic_fixed_48h
facebook,synthetic_facebook_03,synthetic_facebook_03_post_0385,2026-04-27T21:00:00-04:00,94,7,2026-04-29T21:00:00-04:00,synthetic,synthetic_fixed_48h
instagram,synthetic_instagram_01,synthetic_instagram_01_post_0406,2026-04-28T06:00:00-04:00,50,3,2026-04-30T06:00:00-04:00,synthetic,synthetic_fixed_48h
instagram,synthetic_instagram_01,synthetic_instagram_01_post_0407,2026-04-28T20:00:00-04:00,36,1,2026-04-30T20:00:00-04:00,synthetic,synthetic_fixed_48h
facebook,synthetic_facebook_03,synthetic_facebook_03_post_0386,2026-04-29T00:00:00-04:00,77,8,2026-05-01T00:00:00-04:00,synthetic,synthetic_fixed_48h
facebook,synthetic_facebook_03,synthetic_facebook_03_post_0387,2026-04-29T04:00:00-04:00,32,0,2026-05-01T04:00:00-04:00,synthetic,synthetic_fixed_48h
instagram,synthetic_instagram_02,synthetic_instagram_02_post_0399,2026-04-29T09:00:00-04:00,55,7,2026-05-01T09:00:00-04:00,synthetic,synthetic_fixed_48h
instagram,synthetic_instagram_03,synthetic_instagram_03_post_0403,2026-04-29T13:00:00-04:00,51,7,2026-05-01T13:00:00-04:00,synthetic,synthetic_fixed_48h
facebook,synthetic_facebook_03,synthetic_facebook_03_post_0388,2026-04-29T14:00:00-04:00,52,1,2026-05-01T14:00:00-04:00,synthetic,synthetic_fixed_48h
instagram,synthetic_instagram_02,synthetic_instagram_02_post_0400,2026-04-29T14:00:00-04:00,146,12,2026-05-01T14:00:00-04:00,synthetic,synthetic_fixed_48h
facebook,synthetic_facebook_02,synthetic_facebook_02_post_0398,2026-04-30T03:00:00-04:00,7,0,2026-05-02T03:00:00-04:00,synthetic,synthetic_fixed_48h
facebook,synthetic_facebook_02,synthetic_facebook_02_post_0399,2026-04-30T07:00:00-04:00,31,1,2026-05-02T07:00:00-04:00,synthetic,synthetic_fixed_48h
facebook,synthetic_facebook_02,synthetic_facebook_02_post_0400,2026-04-30T10:00:00-04:00,43,2,2026-05-02T10:00:00-04:00,synthetic,synthetic_fixed_48h
facebook,synthetic_facebook_03,synthetic_facebook_03_post_0389,2026-04-30T23:00:00-04:00,71,5,2026-05-02T23:00:00-04:00,synthetic,synthetic_fixed_48h
facebook,synthetic_facebook_02,synthetic_facebook_02_post_0401,2026-05-01T07:00:00-04:00,25,4,2026-05-03T07:00:00-04:00,synthetic,synthetic_fixed_48h
instagram,synthetic_instagram_01,synthetic_instagram_01_post_0408,2026-05-01T07:00:00-04:00,42,6,2026-05-03T07:00:00-04:00,synthetic,synthetic_fixed_48h
facebook,synthetic_facebook_03,synthetic_facebook_03_post_0390,2026-05-01T10:00:00-04:00,31,0,2026-05-03T10:00:00-04:00,synthetic,synthetic_fixed_48h
instagram,synthetic_instagram_03,synthetic_instagram_03_post_0404,2026-05-01T10:00:00-04:00,17,0,2026-05-03T10:00:00-04:00,synthetic,synthetic_fixed_48h
instagram,synthetic_instagram_03,synthetic_instagram_03_post_0405,2026-05-01T23:00:00-04:00,104,3,2026-05-03T23:00:00-04:00,synthetic,synthetic_fixed_48h
facebook,synthetic_facebook_03,synthetic_facebook_03_post_0391,2026-05-02T01:00:00-04:00,64,7,2026-05-04T01:00:00-04:00,synthetic,synthetic_fixed_48h
instagram,synthetic_instagram_03,synthetic_instagram_03_post_0406,2026-05-02T08:00:00-04:00,63,5,2026-05-04T08:00:00-04:00,synthetic,synthetic_fixed_48h
facebook,synthetic_facebook_01,synthetic_facebook_01_post_0408,2026-05-02T10:00:00-04:00,37,4,2026-05-04T10:00:00-04:00,synthetic,synthetic_fixed_48h
facebook,synthetic_facebook_02,synthetic_facebook_02_post_0402,2026-05-02T13:00:00-04:00,47,2,2026-05-04T13:00:00-04:00,synthetic,synthetic_fixed_48h
instagram,synthetic_instagram_03,synthetic_instagram_03_post_0407,2026-05-02T13:00:00-04:00,66,10,2026-05-04T13:00:00-04:00,synthetic,synthetic_fixed_48h
facebook,synthetic_facebook_01,synthetic_facebook_01_post_0409,2026-05-03T05:00:00-04:00,60,0,2026-05-05T05:00:00-04:00,synthetic,synthetic_fixed_48h
facebook,synthetic_facebook_03,synthetic_facebook_03_post_0392,2026-05-03T17:00:00-04:00,66,4,2026-05-05T17:00:00-04:00,synthetic,synthetic_fixed_48h
instagram,synthetic_instagram_01,synthetic_instagram_01_post_0409,2026-05-03T17:00:00-04:00,60,2,2026-05-05T17:00:00-04:00,synthetic,synthetic_fixed_48h
instagram,synthetic_instagram_01,synthetic_instagram_01_post_0410,2026-05-03T20:00:00-04:00,54,4,2026-05-05T20:00:00-04:00,synthetic,synthetic_fixed_48h
instagram,synthetic_instagram_03,synthetic_instagram_03_post_0408,2026-05-03T23:00:00-04:00,113,9,2026-05-05T23:00:00-04:00,synthetic,synthetic_fixed_48h
facebook,synthetic_facebook_03,synthetic_facebook_03_post_0393,2026-05-04T07:00:00-04:00,20,5,2026-05-06T07:00:00-04:00,synthetic,synthetic_fixed_48h
facebook,synthetic_facebook_02,synthetic_facebook_02_post_0403,2026-05-04T16:00:00-04:00,29,0,2026-05-06T16:00:00-04:00,synthetic,synthetic_fixed_48h
facebook,synthetic_facebook_03,synthetic_facebook_03_post_0394,2026-05-04T18:00:00-04:00,79,7,2026-05-06T18:00:00-04:00,synthetic,synthetic_fixed_48h
instagram,synthetic_instagram_01,synthetic_instagram_01_post_0411,2026-05-04T19:00:00-04:00,40,8,2026-05-06T19:00:00-04:00,synthetic,synthetic_fixed_48h
instagram,synthetic_instagram_01,synthetic_instagram_01_post_0412,2026-05-05T00:00:00-04:00,59,4,2026-05-07T00:00:00-04:00,synthetic,synthetic_fixed_48h
facebook,synthetic_facebook_01,synthetic_facebook_01_post_0410,2026-05-05T02:00:00-04:00,15,0,2026-05-07T02:00:00-04:00,synthetic,synthetic_fixed_48h
instagram,synthetic_instagram_03,synthetic_instagram_03_post_0409,2026-05-05T03:00:00-04:00,28,2,2026-05-07T03:00:00-04:00,synthetic,synthetic_fixed_48h
facebook,synthetic_facebook_01,synthetic_facebook_01_post_0411,2026-05-05T06:00:00-04:00,50,5,2026-05-07T06:00:00-04:00,synthetic,synthetic_fixed_48h
facebook,synthetic_facebook_01,synthetic_facebook_01_post_0412,2026-05-05T14:00:00-04:00,18,0,2026-05-07T14:00:00-04:00,synthetic,synthetic_fixed_48h
instagram,synthetic_instagram_01,synthetic_instagram_01_post_0413,2026-05-05T16:00:00-04:00,59,7,2026-05-07T16:00:00-04:00,synthetic,synthetic_fixed_48h
facebook,synthetic_facebook_01,synthetic_facebook_01_post_0413,2026-05-05T18:00:00-04:00,23,1,2026-05-07T18:00:00-04:00,synthetic,synthetic_fixed_48h
instagram,synthetic_instagram_02,synthetic_instagram_02_post_0401,2026-05-06T02:00:00-04:00,71,4,2026-05-08T02:00:00-04:00,synthetic,synthetic_fixed_48h
instagram,synthetic_instagram_03,synthetic_instagram_03_post_0410,2026-05-06T06:00:00-04:00,51,4,2026-05-08T06:00:00-04:00,synthetic,synthetic_fixed_48h
instagram,synthetic_instagram_01,synthetic_instagram_01_post_0414,2026-05-06T11:00:00-04:00,55,5,2026-05-08T11:00:00-04:00,synthetic,synthetic_fixed_48h
facebook,synthetic_facebook_03,synthetic_facebook_03_post_0395,2026-05-06T12:00:00-04:00,45,5,2026-05-08T12:00:00-04:00,synthetic,synthetic_fixed_48h
instagram,synthetic_instagram_02,synthetic_instagram_02_post_0402,2026-05-06T13:00:00-04:00,87,6,2026-05-08T13:00:00-04:00,synthetic,synthetic_fixed_48h
instagram,synthetic_instagram_02,synthetic_instagram_02_post_0403,2026-05-07T01:00:00-04:00,45,2,2026-05-09T01:00:00-04:00,synthetic,synthetic_fixed_48h
facebook,synthetic_facebook_03,synthetic_facebook_03_post_0396,2026-05-07T12:00:00-04:00,55,2,2026-05-09T12:00:00-04:00,synthetic,synthetic_fixed_48h
instagram,synthetic_instagram_02,synthetic_instagram_02_post_0404,2026-05-07T13:00:00-04:00,118,14,2026-05-09T13:00:00-04:00,synthetic,synthetic_fixed_48h
facebook,synthetic_facebook_01,synthetic_facebook_01_post_0414,2026-05-07T16:00:00-04:00,13,0,2026-05-09T16:00:00-04:00,synthetic,synthetic_fixed_48h
facebook,synthetic_facebook_02,synthetic_facebook_02_post_0404,2026-05-07T17:00:00-04:00,84,6,2026-05-09T17:00:00-04:00,synthetic,synthetic_fixed_48h
facebook,synthetic_facebook_02,synthetic_facebook_02_post_0405,2026-05-07T19:00:00-04:00,39,5,2026-05-09T19:00:00-04:00,synthetic,synthetic_fixed_48h
facebook,synthetic_facebook_02,synthetic_facebook_02_post_0406,2026-05-07T20:00:00-04:00,28,2,2026-05-09T20:00:00-04:00,synthetic,synthetic_fixed_48h
facebook,synthetic_facebook_02,synthetic_facebook_02_post_0407,2026-05-08T04:00:00-04:00,21,2,2026-05-10T04:00:00-04:00,synthetic,synthetic_fixed_48h
instagram,synthetic_instagram_01,synthetic_instagram_01_post_0415,2026-05-08T06:00:00-04:00,23,0,2026-05-10T06:00:00-04:00,synthetic,synthetic_fixed_48h
instagram,synthetic_instagram_03,synthetic_instagram_03_post_0411,2026-05-08T09:00:00-04:00,19,1,2026-05-10T09:00:00-04:00,synthetic,synthetic_fixed_48h
facebook,synthetic_facebook_03,synthetic_facebook_03_post_0397,2026-05-08T12:00:00-04:00,56,7,2026-05-10T12:00:00-04:00,synthetic,synthetic_fixed_48h
facebook,synthetic_facebook_01,synthetic_facebook_01_post_0415,2026-05-08T23:00:00-04:00,24,3,2026-05-10T23:00:00-04:00,synthetic,synthetic_fixed_48h
instagram,synthetic_instagram_01,synthetic_instagram_01_post_0416,2026-05-09T00:00:00-04:00,22,3,2026-05-11T00:00:00-04:00,synthetic,synthetic_fixed_48h
instagram,synthetic_instagram_03,synthetic_instagram_03_post_0412,2026-05-09T00:00:00-04:00,127,9,2026-05-11T00:00:00-04:00,synthetic,synthetic_fixed_48h
facebook,synthetic_facebook_02,synthetic_facebook_02_post_0408,2026-05-09T05:00:00-04:00,27,2,2026-05-11T05:00:00-04:00,synthetic,synthetic_fixed_48h
facebook,synthetic_facebook_01,synthetic_facebook_01_post_0416,2026-05-09T08:00:00-04:00,45,1,2026-05-11T08:00:00-04:00,synthetic,synthetic_fixed_48h
instagram,synthetic_instagram_02,synthetic_instagram_02_post_0405,2026-05-09T17:00:00-04:00,157,14,2026-05-11T17:00:00-04:00,synthetic,synthetic_fixed_48h
facebook,synthetic_facebook_03,synthetic_facebook_03_post_0398,2026-05-09T18:00:00-04:00,118,7,2026-05-11T18:00:00-04:00,synthetic,synthetic_fixed_48h
facebook,synthetic_facebook_02,synthetic_facebook_02_post_0409,2026-05-10T08:00:00-04:00,52,6,2026-05-12T08:00:00-04:00,synthetic,synthetic_fixed_48h
facebook,synthetic_facebook_02,synthetic_facebook_02_post_0410,2026-05-10T12:00:00-04:00,50,3,2026-05-12T12:00:00-04:00,synthetic,synthetic_fixed_48h
facebook,synthetic_facebook_01,synthetic_facebook_01_post_0417,2026-05-10T13:00:00-04:00,65,5,2026-05-12T13:00:00-04:00,synthetic,synthetic_fixed_48h
facebook,synthetic_facebook_02,synthetic_facebook_02_post_0411,2026-05-10T22:00:00-04:00,18,0,2026-05-12T22:00:00-04:00,synthetic,synthetic_fixed_48h
facebook,synthetic_facebook_03,synthetic_facebook_03_post_0399,2026-05-10T22:00:00-04:00,52,2,2026-05-12T22:00:00-04:00,synthetic,synthetic_fixed_48h
facebook,synthetic_facebook_03,synthetic_facebook_03_post_0400,2026-05-11T06:00:00-04:00,64,1,2026-05-13T06:00:00-04:00,synthetic,synthetic_fixed_48h
instagram,synthetic_instagram_02,synthetic_instagram_02_post_0406,2026-05-11T10:00:00-04:00,45,2,2026-05-13T10:00:00-04:00,synthetic,synthetic_fixed_48h
facebook,synthetic_facebook_03,synthetic_facebook_03_post_0401,2026-05-12T00:00:00-04:00,67,4,2026-05-14T00:00:00-04:00,synthetic,synthetic_fixed_48h
facebook,synthetic_facebook_01,synthetic_facebook_01_post_0418,2026-05-12T01:00:00-04:00,24,0,2026-05-14T01:00:00-04:00,synthetic,synthetic_fixed_48h
instagram,synthetic_instagram_01,synthetic_instagram_01_post_0417,2026-05-12T07:00:00-04:00,53,7,2026-05-14T07:00:00-04:00,synthetic,synthetic_fixed_48h
instagram,synthetic_instagram_01,synthetic_instagram_01_post_0418,2026-05-12T10:00:00-04:00,88,9,2026-05-14T10:00:00-04:00,synthetic,synthetic_fixed_48h
facebook,synthetic_facebook_01,synthetic_facebook_01_post_0419,2026-05-12T17:00:00-04:00,21,0,2026-05-14T17:00:00-04:00,synthetic,synthetic_fixed_48h
facebook,synthetic_facebook_03,synthetic_facebook_03_post_0402,2026-05-12T18:00:00-04:00,76,8,2026-05-14T18:00:00-04:00,synthetic,synthetic_fixed_48h
instagram,synthetic_instagram_02,synthetic_instagram_02_post_0407,2026-05-12T18:00:00-04:00,131,9,2026-05-14T18:00:00-04:00,synthetic,synthetic_fixed_48h
instagram,synthetic_instagram_03,synthetic_instagram_03_post_0413,2026-05-13T05:00:00-04:00,48,0,2026-05-15T05:00:00-04:00,synthetic,synthetic_fixed_48h
instagram,synthetic_instagram_02,synthetic_instagram_02_post_0408,2026-05-13T06:00:00-04:00,88,8,2026-05-15T06:00:00-04:00,synthetic,synthetic_fixed_48h
instagram,synthetic_instagram_01,synthetic_instagram_01_post_0419,2026-05-13T08:00:00-04:00,71,6,2026-05-15T08:00:00-04:00,synthetic,synthetic_fixed_48h
instagram,synthetic_instagram_03,synthetic_instagram_03_post_0414,2026-05-13T10:00:00-04:00,52,4,2026-05-15T10:00:00-04:00,synthetic,synthetic_fixed_48h
facebook,synthetic_facebook_01,synthetic_facebook_01_post_0420,2026-05-13T18:00:00-04:00,20,6,2026-05-15T18:00:00-04:00,synthetic,synthetic_fixed_48h
facebook,synthetic_facebook_03,synthetic_facebook_03_post_0403,2026-05-14T06:00:00-04:00,97,3,2026-05-16T06:00:00-04:00,synthetic,synthetic_fixed_48h
instagram,synthetic_instagram_01,synthetic_instagram_01_post_0420,2026-05-14T17:00:00-04:00,53,0,2026-05-16T17:00:00-04:00,synthetic,synthetic_fixed_48h
facebook,synthetic_facebook_03,synthetic_facebook_03_post_0404,2026-05-14T21:00:00-04:00,151,10,2026-05-16T21:00:00-04:00,synthetic,synthetic_fixed_48h
instagram,synthetic_instagram_02,synthetic_instagram_02_post_0409,2026-05-15T05:00:00-04:00,70,5,2026-05-17T05:00:00-04:00,synthetic,synthetic_fixed_48h
facebook,synthetic_facebook_02,synthetic_facebook_02_post_0412,2026-05-15T06:00:00-04:00,25,2,2026-05-17T06:00:00-04:00,synthetic,synthetic_fixed_48h
instagram,synthetic_instagram_02,synthetic_instagram_02_post_0410,2026-05-15T06:00:00-04:00,56,5,2026-05-17T06:00:00-04:00,synthetic,synthetic_fixed_48h
facebook,synthetic_facebook_02,synthetic_facebook_02_post_0413,2026-05-15T09:00:00-04:00,62,4,2026-05-17T09:00:00-04:00,synthetic,synthetic_fixed_48h
instagram,synthetic_instagram_01,synthetic_instagram_01_post_0421,2026-05-15T13:00:00-04:00,48,4,2026-05-17T13:00:00-04:00,synthetic,synthetic_fixed_48h
instagram,synthetic_instagram_01,synthetic_instagram_01_post_0422,2026-05-15T15:00:00-04:00,57,5,2026-05-17T15:00:00-04:00,synthetic,synthetic_fixed_48h
instagram,synthetic_instagram_01,synthetic_instagram_01_post_0423,2026-05-15T16:00:00-04:00,58,5,2026-05-17T16:00:00-04:00,synthetic,synthetic_fixed_48h
facebook,synthetic_facebook_01,synthetic_facebook_01_post_0421,2026-05-15T19:00:00-04:00,67,5,2026-05-17T19:00:00-04:00,synthetic,synthetic_fixed_48h
instagram,synthetic_instagram_01,synthetic_instagram_01_post_0424,2026-05-16T09:00:00-04:00,59,10,2026-05-18T09:00:00-04:00,synthetic,synthetic_fixed_48h
facebook,synthetic_facebook_03,synthetic_facebook_03_post_0405,2026-05-16T12:00:00-04:00,72,5,2026-05-18T12:00:00-04:00,synthetic,synthetic_fixed_48h
facebook,synthetic_facebook_01,synthetic_facebook_01_post_0422,2026-05-16T21:00:00-04:00,36,3,2026-05-18T21:00:00-04:00,synthetic,synthetic_fixed_48h
facebook,synthetic_facebook_03,synthetic_facebook_03_post_0406,2026-05-16T21:00:00-04:00,122,8,2026-05-18T21:00:00-04:00,synthetic,synthetic_fixed_48h
facebook,synthetic_facebook_01,synthetic_facebook_01_post_0423,2026-05-17T01:00:00-04:00,37,1,2026-05-19T01:00:00-04:00,synthetic,synthetic_fixed_48h
facebook,synthetic_facebook_03,synthetic_facebook_03_post_0407,2026-05-17T09:00:00-04:00,43,1,2026-05-19T09:00:00-04:00,synthetic,synthetic_fixed_48h
instagram,synthetic_instagram_01,synthetic_instagram_01_post_0425,2026-05-17T12:00:00-04:00,51,4,2026-05-19T12:00:00-04:00,synthetic,synthetic_fixed_48h
facebook,synthetic_facebook_03,synthetic_facebook_03_post_0408,2026-05-17T14:00:00-04:00,94,8,2026-05-19T14:00:00-04:00,synthetic,synthetic_fixed_48h
instagram,synthetic_instagram_03,synthetic_instagram_03_post_0415,2026-05-17T18:00:00-04:00,226,19,2026-05-19T18:00:00-04:00,synthetic,synthetic_fixed_48h
instagram,synthetic_instagram_03,synthetic_instagram_03_post_0416,2026-05-18T02:00:00-04:00,121,11,2026-05-20T02:00:00-04:00,synthetic,synthetic_fixed_48h
facebook,synthetic_facebook_01,synthetic_facebook_01_post_0424,2026-05-18T04:00:00-04:00,73,8,2026-05-20T04:00:00-04:00,synthetic,synthetic_fixed_48h
facebook,synthetic_facebook_03,synthetic_facebook_03_post_0409,2026-05-18T04:00:00-04:00,45,4,2026-05-20T04:00:00-04:00,synthetic,synthetic_fixed_48h
instagram,synthetic_instagram_01,synthetic_instagram_01_post_0426,2026-05-18T04:00:00-04:00,35,1,2026-05-20T04:00:00-04:00,synthetic,synthetic_fixed_48h
facebook,synthetic_facebook_01,synthetic_facebook_01_post_0425,2026-05-18T12:00:00-04:00,77,8,2026-05-20T12:00:00-04:00,synthetic,synthetic_fixed_48h
instagram,synthetic_instagram_03,synthetic_instagram_03_post_0417,2026-05-18T13:00:00-04:00,55,8,2026-05-20T13:00:00-04:00,synthetic,synthetic_fixed_48h
facebook,synthetic_facebook_01,synthetic_facebook_01_post_0426,2026-05-18T14:00:00-04:00,86,8,2026-05-20T14:00:00-04:00,synthetic,synthetic_fixed_48h
facebook,synthetic_facebook_03,synthetic_facebook_03_post_0410,2026-05-18T18:00:00-04:00,125,5,2026-05-20T18:00:00-04:00,synthetic,synthetic_fixed_48h
instagram,synthetic_instagram_03,synthetic_instagram_03_post_0418,2026-05-18T18:00:00-04:00,86,8,2026-05-20T18:00:00-04:00,synthetic,synthetic_fixed_48h
instagram,synthetic_instagram_01,synthetic_instagram_01_post_0427,2026-05-18T19:00:00-04:00,51,4,2026-05-20T19:00:00-04:00,synthetic,synthetic_fixed_48h
instagram,synthetic_instagram_03,synthetic_instagram_03_post_0419,2026-05-18T23:00:00-04:00,118,9,2026-05-20T23:00:00-04:00,synthetic,synthetic_fixed_48h
instagram,synthetic_instagram_03,synthetic_instagram_03_post_0420,2026-05-19T03:00:00-04:00,45,7,2026-05-21T03:00:00-04:00,synthetic,synthetic_fixed_48h
facebook,synthetic_facebook_03,synthetic_facebook_03_post_0411,2026-05-19T04:00:00-04:00,40,5,2026-05-21T04:00:00-04:00,synthetic,synthetic_fixed_48h
instagram,synthetic_instagram_02,synthetic_instagram_02_post_0411,2026-05-19T07:00:00-04:00,55,6,2026-05-21T07:00:00-04:00,synthetic,synthetic_fixed_48h
facebook,synthetic_facebook_01,synthetic_facebook_01_post_0427,2026-05-19T11:00:00-04:00,179,11,2026-05-21T11:00:00-04:00,synthetic,synthetic_fixed_48h
facebook,synthetic_facebook_01,synthetic_facebook_01_post_0428,2026-05-19T12:00:00-04:00,82,8,2026-05-21T12:00:00-04:00,synthetic,synthetic_fixed_48h
instagram,synthetic_instagram_03,synthetic_instagram_03_post_0421,2026-05-19T15:00:00-04:00,78,6,2026-05-21T15:00:00-04:00,synthetic,synthetic_fixed_48h
instagram,synthetic_instagram_02,synthetic_instagram_02_post_0412,2026-05-19T17:00:00-04:00,130,11,2026-05-21T17:00:00-04:00,synthetic,synthetic_fixed_48h
facebook,synthetic_facebook_02,synthetic_facebook_02_post_0414,2026-05-19T19:00:00-04:00,78,5,2026-05-21T19:00:00-04:00,synthetic,synthetic_fixed_48h
facebook,synthetic_facebook_02,synthetic_facebook_02_post_0415,2026-05-20T14:00:00-04:00,74,7,2026-05-22T14:00:00-04:00,synthetic,synthetic_fixed_48h
instagram,synthetic_instagram_02,synthetic_instagram_02_post_0413,2026-05-20T15:00:00-04:00,134,14,2026-05-22T15:00:00-04:00,synthetic,synthetic_fixed_48h
facebook,synthetic_facebook_02,synthetic_facebook_02_post_0416,2026-05-20T17:00:00-04:00,93,6,2026-05-22T17:00:00-04:00,synthetic,synthetic_fixed_48h
instagram,synthetic_instagram_01,synthetic_instagram_01_post_0428,2026-05-20T18:00:00-04:00,38,0,2026-05-22T18:00:00-04:00,synthetic,synthetic_fixed_48h
instagram,synthetic_instagram_03,synthetic_instagram_03_post_0422,2026-05-20T19:00:00-04:00,74,4,2026-05-22T19:00:00-04:00,synthetic,synthetic_fixed_48h
instagram,synthetic_instagram_01,synthetic_instagram_01_post_0429,2026-05-20T20:00:00-04:00,45,3,2026-05-22T20:00:00-04:00,synthetic,synthetic_fixed_48h
facebook,synthetic_facebook_01,synthetic_facebook_01_post_0429,2026-05-20T22:00:00-04:00,17,0,2026-05-22T22:00:00-04:00,synthetic,synthetic_fixed_48h
facebook,synthetic_facebook_02,synthetic_facebook_02_post_0417,2026-05-20T22:00:00-04:00,26,2,2026-05-22T22:00:00-04:00,synthetic,synthetic_fixed_48h
facebook,synthetic_facebook_02,synthetic_facebook_02_post_0418,2026-05-21T00:00:00-04:00,29,2,2026-05-23T00:00:00-04:00,synthetic,synthetic_fixed_48h
instagram,synthetic_instagram_02,synthetic_instagram_02_post_0414,2026-05-21T04:00:00-04:00,120,7,2026-05-23T04:00:00-04:00,synthetic,synthetic_fixed_48h
instagram,synthetic_instagram_02,synthetic_instagram_02_post_0415,2026-05-21T22:00:00-04:00,167,13,2026-05-23T22:00:00-04:00,synthetic,synthetic_fixed_48h
instagram,synthetic_instagram_02,synthetic_instagram_02_post_0416,2026-05-22T12:00:00-04:00,177,16,2026-05-24T12:00:00-04:00,synthetic,synthetic_fixed_48h
instagram,synthetic_instagram_01,synthetic_instagram_01_post_0430,2026-05-22T15:00:00-04:00,61,5,2026-05-24T15:00:00-04:00,synthetic,synthetic_fixed_48h
facebook,synthetic_facebook_01,synthetic_facebook_01_post_0430,2026-05-23T01:00:00-04:00,41,3,2026-05-25T01:00:00-04:00,synthetic,synthetic_fixed_48h
facebook,synthetic_facebook_03,synthetic_facebook_03_post_0412,2026-05-23T01:00:00-04:00,126,10,2026-05-25T01:00:00-04:00,synthetic,synthetic_fixed_48h
facebook,synthetic_facebook_02,synthetic_facebook_02_post_0419,2026-05-23T04:00:00-04:00,33,5,2026-05-25T04:00:00-04:00,synthetic,synthetic_fixed_48h
facebook,synthetic_facebook_02,synthetic_facebook_02_post_0420,2026-05-23T11:00:00-04:00,34,0,2026-05-25T11:00:00-04:00,synthetic,synthetic_fixed_48h
facebook,synthetic_facebook_03,synthetic_facebook_03_post_0413,2026-05-25T00:00:00-04:00,77,7,2026-05-27T00:00:00-04:00,synthetic,synthetic_fixed_48h
facebook,synthetic_facebook_01,synthetic_facebook_01_post_0431,2026-05-25T04:00:00-04:00,48,0,2026-05-27T04:00:00-04:00,synthetic,synthetic_fixed_48h
facebook,synthetic_facebook_01,synthetic_facebook_01_post_0432,2026-05-25T13:00:00-04:00,77,5,2026-05-27T13:00:00-04:00,synthetic,synthetic_fixed_48h
facebook,synthetic_facebook_02,synthetic_facebook_02_post_0421,2026-05-26T02:00:00-04:00,21,0,2026-05-28T02:00:00-04:00,synthetic,synthetic_fixed_48h
instagram,synthetic_instagram_02,synthetic_instagram_02_post_0417,2026-05-26T03:00:00-04:00,79,10,2026-05-28T03:00:00-04:00,synthetic,synthetic_fixed_48h
instagram,synthetic_instagram_01,synthetic_instagram_01_post_0431,2026-05-26T18:00:00-04:00,51,7,2026-05-28T18:00:00-04:00,synthetic,synthetic_fixed_48h
facebook,synthetic_facebook_02,synthetic_facebook_02_post_0422,2026-05-26T21:00:00-04:00,29,3,2026-05-28T21:00:00-04:00,synthetic,synthetic_fixed_48h
instagram,synthetic_instagram_02,synthetic_instagram_02_post_0418,2026-05-27T00:00:00-04:00,122,11,2026-05-29T00:00:00-04:00,synthetic,synthetic_fixed_48h
instagram,synthetic_instagram_03,synthetic_instagram_03_post_0423,2026-05-27T00:00:00-04:00,134,11,2026-05-29T00:00:00-04:00,synthetic,synthetic_fixed_48h
facebook,synthetic_facebook_02,synthetic_facebook_02_post_0423,2026-05-27T06:00:00-04:00,33,0,2026-05-29T06:00:00-04:00,synthetic,synthetic_fixed_48h
facebook,synthetic_facebook_01,synthetic_facebook_01_post_0433,2026-05-28T03:00:00-04:00,11,0,2026-05-30T03:00:00-04:00,synthetic,synthetic_fixed_48h
instagram,synthetic_instagram_02,synthetic_instagram_02_post_0419,2026-05-28T08:00:00-04:00,99,11,2026-05-30T08:00:00-04:00,synthetic,synthetic_fixed_48h
instagram,synthetic_instagram_03,synthetic_instagram_03_post_0424,2026-05-28T14:00:00-04:00,35,4,2026-05-30T14:00:00-04:00,synthetic,synthetic_fixed_48h
facebook,synthetic_facebook_03,synthetic_facebook_03_post_0414,2026-05-28T21:00:00-04:00,241,17,2026-05-30T21:00:00-04:00,synthetic,synthetic_fixed_48h
instagram,synthetic_instagram_03,synthetic_instagram_03_post_0425,2026-05-28T22:00:00-04:00,193,15,2026-05-30T22:00:00-04:00,synthetic,synthetic_fixed_48h
facebook,synthetic_facebook_02,synthetic_facebook_02_post_0424,2026-05-29T01:00:00-04:00,35,3,2026-05-31T01:00:00-04:00,synthetic,synthetic_fixed_48h
facebook,synthetic_facebook_01,synthetic_facebook_01_post_0434,2026-05-29T07:00:00-04:00,33,0,2026-05-31T07:00:00-04:00,synthetic,synthetic_fixed_48h
instagram,synthetic_instagram_01,synthetic_instagram_01_post_0432,2026-05-29T13:00:00-04:00,38,4,2026-05-31T13:00:00-04:00,synthetic,synthetic_fixed_48h
facebook,synthetic_facebook_03,synthetic_facebook_03_post_0415,2026-05-29T17:00:00-04:00,93,8,2026-05-31T17:00:00-04:00,synthetic,synthetic_fixed_48h
instagram,synthetic_instagram_03,synthetic_instagram_03_post_0426,2026-05-30T00:00:00-04:00,217,20,2026-06-01T00:00:00-04:00,synthetic,synthetic_fixed_48h
facebook,synthetic_facebook_03,synthetic_facebook_03_post_0416,2026-05-30T08:00:00-04:00,112,7,2026-06-01T08:00:00-04:00,synthetic,synthetic_fixed_48h
instagram,synthetic_instagram_01,synthetic_instagram_01_post_0433,2026-05-30T08:00:00-04:00,32,3,2026-06-01T08:00:00-04:00,synthetic,synthetic_fixed_48h
instagram,synthetic_instagram_02,synthetic_instagram_02_post_0420,2026-05-30T08:00:00-04:00,53,3,2026-06-01T08:00:00-04:00,synthetic,synthetic_fixed_48h
facebook,synthetic_facebook_03,synthetic_facebook_03_post_0417,2026-05-30T12:00:00-04:00,79,8,2026-06-01T12:00:00-04:00,synthetic,synthetic_fixed_48h
instagram,synthetic_instagram_02,synthetic_instagram_02_post_0421,2026-05-30T13:00:00-04:00,104,11,2026-06-01T13:00:00-04:00,synthetic,synthetic_fixed_48h
facebook,synthetic_facebook_01,synthetic_facebook_01_post_0435,2026-05-30T17:00:00-04:00,39,0,2026-06-01T17:00:00-04:00,synthetic,synthetic_fixed_48h
facebook,synthetic_facebook_01,synthetic_facebook_01_post_0436,2026-05-30T20:00:00-04:00,20,1,2026-06-01T20:00:00-04:00,synthetic,synthetic_fixed_48h
facebook,synthetic_facebook_03,synthetic_facebook_03_post_0418,2026-05-30T21:00:00-04:00,95,4,2026-06-01T21:00:00-04:00,synthetic,synthetic_fixed_48h
facebook,synthetic_facebook_03,synthetic_facebook_03_post_0419,2026-05-30T22:00:00-04:00,96,4,2026-06-01T22:00:00-04:00,synthetic,synthetic_fixed_48h
instagram,synthetic_instagram_03,synthetic_instagram_03_post_0427,2026-05-30T23:00:00-04:00,128,8,2026-06-01T23:00:00-04:00,synthetic,synthetic_fixed_48h
facebook,synthetic_facebook_03,synthetic_facebook_03_post_0420,2026-05-31T00:00:00-04:00,57,4,2026-06-02T00:00:00-04:00,synthetic,synthetic_fixed_48h
instagram,synthetic_instagram_03,synthetic_instagram_03_post_0428,2026-05-31T03:00:00-04:00,126,13,2026-06-02T03:00:00-04:00,synthetic,synthetic_fixed_48h
instagram,synthetic_instagram_03,synthetic_instagram_03_post_0429,2026-05-31T04:00:00-04:00,111,8,2026-06-02T04:00:00-04:00,synthetic,synthetic_fixed_48h
facebook,synthetic_facebook_03,synthetic_facebook_03_post_0421,2026-05-31T22:00:00-04:00,109,7,2026-06-02T22:00:00-04:00,synthetic,synthetic_fixed_48h
facebook,synthetic_facebook_01,synthetic_facebook_01_post_0437,2026-06-01T09:00:00-04:00,138,7,2026-06-03T09:00:00-04:00,synthetic,synthetic_fixed_48h
instagram,synthetic_instagram_03,synthetic_instagram_03_post_0430,2026-06-01T15:00:00-04:00,64,2,2026-06-03T15:00:00-04:00,synthetic,synthetic_fixed_48h
facebook,synthetic_facebook_03,synthetic_facebook_03_post_0422,2026-06-01T19:00:00-04:00,90,5,2026-06-03T19:00:00-04:00,synthetic,synthetic_fixed_48h
facebook,synthetic_facebook_02,synthetic_facebook_02_post_0425,2026-06-01T22:00:00-04:00,56,7,2026-06-03T22:00:00-04:00,synthetic,synthetic_fixed_48h
facebook,synthetic_facebook_02,synthetic_facebook_02_post_0426,2026-06-02T00:00:00-04:00,34,5,2026-06-04T00:00:00-04:00,synthetic,synthetic_fixed_48h
facebook,synthetic_facebook_01,synthetic_facebook_01_post_0438,2026-06-02T16:00:00-04:00,48,3,2026-06-04T16:00:00-04:00,synthetic,synthetic_fixed_48h
facebook,synthetic_facebook_01,synthetic_facebook_01_post_0439,2026-06-03T02:00:00-04:00,32,9,2026-06-05T02:00:00-04:00,synthetic,synthetic_fixed_48h
instagram,synthetic_instagram_03,synthetic_instagram_03_post_0431,2026-06-03T12:00:00-04:00,62,3,2026-06-05T12:00:00-04:00,synthetic,synthetic_fixed_48h
facebook,synthetic_facebook_01,synthetic_facebook_01_post_0440,2026-06-03T17:00:00-04:00,9,2,2026-06-05T17:00:00-04:00,synthetic,synthetic_fixed_48h
instagram,synthetic_instagram_03,synthetic_instagram_03_post_0432,2026-06-03T18:00:00-04:00,229,16,2026-06-05T18:00:00-04:00,synthetic,synthetic_fixed_48h
facebook,synthetic_facebook_02,synthetic_facebook_02_post_0427,2026-06-04T03:00:00-04:00,58,0,2026-06-06T03:00:00-04:00,synthetic,synthetic_fixed_48h
facebook,synthetic_facebook_01,synthetic_facebook_01_post_0441,2026-06-04T07:00:00-04:00,51,3,2026-06-06T07:00:00-04:00,synthetic,synthetic_fixed_48h
instagram,synthetic_instagram_02,synthetic_instagram_02_post_0422,2026-06-04T07:00:00-04:00,54,3,2026-06-06T07:00:00-04:00,synthetic,synthetic_fixed_48h
instagram,synthetic_instagram_03,synthetic_instagram_03_post_0433,2026-06-04T12:00:00-04:00,63,4,2026-06-06T12:00:00-04:00,synthetic,synthetic_fixed_48h
facebook,synthetic_facebook_01,synthetic_facebook_01_post_0442,2026-06-05T01:00:00-04:00,28,1,2026-06-07T01:00:00-04:00,synthetic,synthetic_fixed_48h
facebook,synthetic_facebook_03,synthetic_facebook_03_post_0423,2026-06-05T08:00:00-04:00,57,6,2026-06-07T08:00:00-04:00,synthetic,synthetic_fixed_48h
instagram,synthetic_instagram_02,synthetic_instagram_02_post_0423,2026-06-05T08:00:00-04:00,41,6,2026-06-07T08:00:00-04:00,synthetic,synthetic_fixed_48h
instagram,synthetic_instagram_03,synthetic_instagram_03_post_0434,2026-06-05T16:00:00-04:00,107,9,2026-06-07T16:00:00-04:00,synthetic,synthetic_fixed_48h
instagram,synthetic_instagram_03,synthetic_instagram_03_post_0435,2026-06-05T19:00:00-04:00,117,9,2026-06-07T19:00:00-04:00,synthetic,synthetic_fixed_48h
instagram,synthetic_instagram_01,synthetic_instagram_01_post_0434,2026-06-06T04:00:00-04:00,28,2,2026-06-08T04:00:00-04:00,synthetic,synthetic_fixed_48h
facebook,synthetic_facebook_03,synthetic_facebook_03_post_0424,2026-06-06T06:00:00-04:00,51,2,2026-06-08T06:00:00-04:00,synthetic,synthetic_fixed_48h
instagram,synthetic_instagram_02,synthetic_instagram_02_post_0424,2026-06-06T07:00:00-04:00,56,4,2026-06-08T07:00:00-04:00,synthetic,synthetic_fixed_48h
facebook,synthetic_facebook_01,synthetic_facebook_01_post_0443,2026-06-06T11:00:00-04:00,89,6,2026-06-08T11:00:00-04:00,synthetic,synthetic_fixed_48h
facebook,synthetic_facebook_03,synthetic_facebook_03_post_0425,2026-06-06T11:00:00-04:00,96,7,2026-06-08T11:00:00-04:00,synthetic,synthetic_fixed_48h
instagram,synthetic_instagram_02,synthetic_instagram_02_post_0425,2026-06-06T19:00:00-04:00,100,6,2026-06-08T19:00:00-04:00,synthetic,synthetic_fixed_48h
instagram,synthetic_instagram_01,synthetic_instagram_01_post_0435,2026-06-06T21:00:00-04:00,16,0,2026-06-08T21:00:00-04:00,synthetic,synthetic_fixed_48h
facebook,synthetic_facebook_03,synthetic_facebook_03_post_0426,2026-06-06T22:00:00-04:00,107,5,2026-06-08T22:00:00-04:00,synthetic,synthetic_fixed_48h
facebook,synthetic_facebook_01,synthetic_facebook_01_post_0444,2026-06-07T02:00:00-04:00,36,3,2026-06-09T02:00:00-04:00,synthetic,synthetic_fixed_48h
facebook,synthetic_facebook_02,synthetic_facebook_02_post_0428,2026-06-07T04:00:00-04:00,27,0,2026-06-09T04:00:00-04:00,synthetic,synthetic_fixed_48h
facebook,synthetic_facebook_03,synthetic_facebook_03_post_0427,2026-06-07T15:00:00-04:00,131,7,2026-06-09T15:00:00-04:00,synthetic,synthetic_fixed_48h
instagram,synthetic_instagram_03,synthetic_instagram_03_post_0436,2026-06-07T15:00:00-04:00,99,8,2026-06-09T15:00:00-04:00,synthetic,synthetic_fixed_48h
instagram,synthetic_instagram_01,synthetic_instagram_01_post_0436,2026-06-07T22:00:00-04:00,20,6,2026-06-09T22:00:00-04:00,synthetic,synthetic_fixed_48h
facebook,synthetic_facebook_01,synthetic_facebook_01_post_0445,2026-06-08T03:00:00-04:00,69,4,2026-06-10T03:00:00-04:00,synthetic,synthetic_fixed_48h
facebook,synthetic_facebook_02,synthetic_facebook_02_post_0429,2026-06-08T04:00:00-04:00,26,1,2026-06-10T04:00:00-04:00,synthetic,synthetic_fixed_48h
facebook,synthetic_facebook_02,synthetic_facebook_02_post_0430,2026-06-08T09:00:00-04:00,77,6,2026-06-10T09:00:00-04:00,synthetic,synthetic_fixed_48h
instagram,synthetic_instagram_01,synthetic_instagram_01_post_0437,2026-06-08T12:00:00-04:00,62,8,2026-06-10T12:00:00-04:00,synthetic,synthetic_fixed_48h
facebook,synthetic_facebook_01,synthetic_facebook_01_post_0446,2026-06-09T06:00:00-04:00,120,4,2026-06-11T06:00:00-04:00,synthetic,synthetic_fixed_48h
facebook,synthetic_facebook_02,synthetic_facebook_02_post_0431,2026-06-09T08:00:00-04:00,54,3,2026-06-11T08:00:00-04:00,synthetic,synthetic_fixed_48h
instagram,synthetic_instagram_02,synthetic_instagram_02_post_0426,2026-06-09T10:00:00-04:00,31,0,2026-06-11T10:00:00-04:00,synthetic,synthetic_fixed_48h
facebook,synthetic_facebook_03,synthetic_facebook_03_post_0428,2026-06-09T13:00:00-04:00,24,1,2026-06-11T13:00:00-04:00,synthetic,synthetic_fixed_48h
instagram,synthetic_instagram_02,synthetic_instagram_02_post_0427,2026-06-09T14:00:00-04:00,66,2,2026-06-11T14:00:00-04:00,synthetic,synthetic_fixed_48h
instagram,synthetic_instagram_02,synthetic_instagram_02_post_0428,2026-06-09T19:00:00-04:00,142,12,2026-06-11T19:00:00-04:00,synthetic,synthetic_fixed_48h
facebook,synthetic_facebook_01,synthetic_facebook_01_post_0447,2026-06-09T20:00:00-04:00,45,6,2026-06-11T20:00:00-04:00,synthetic,synthetic_fixed_48h
facebook,synthetic_facebook_02,synthetic_facebook_02_post_0432,2026-06-10T00:00:00-04:00,25,6,2026-06-12T00:00:00-04:00,synthetic,synthetic_fixed_48h
facebook,synthetic_facebook_01,synthetic_facebook_01_post_0448,2026-06-10T02:00:00-04:00,31,0,2026-06-12T02:00:00-04:00,synthetic,synthetic_fixed_48h
facebook,synthetic_facebook_02,synthetic_facebook_02_post_0433,2026-06-10T07:00:00-04:00,59,5,2026-06-12T07:00:00-04:00,synthetic,synthetic_fixed_48h
instagram,synthetic_instagram_02,synthetic_instagram_02_post_0429,2026-06-10T09:00:00-04:00,94,7,2026-06-12T09:00:00-04:00,synthetic,synthetic_fixed_48h
instagram,synthetic_instagram_02,synthetic_instagram_02_post_0430,2026-06-10T13:00:00-04:00,121,8,2026-06-12T13:00:00-04:00,synthetic,synthetic_fixed_48h
instagram,synthetic_instagram_02,synthetic_instagram_02_post_0431,2026-06-10T20:00:00-04:00,118,9,2026-06-12T20:00:00-04:00,synthetic,synthetic_fixed_48h
instagram,synthetic_instagram_03,synthetic_instagram_03_post_0437,2026-06-11T02:00:00-04:00,76,7,2026-06-13T02:00:00-04:00,synthetic,synthetic_fixed_48h
facebook,synthetic_facebook_01,synthetic_facebook_01_post_0449,2026-06-11T05:00:00-04:00,24,3,2026-06-13T05:00:00-04:00,synthetic,synthetic_fixed_48h
facebook,synthetic_facebook_03,synthetic_facebook_03_post_0429,2026-06-11T05:00:00-04:00,80,7,2026-06-13T05:00:00-04:00,synthetic,synthetic_fixed_48h
instagram,synthetic_instagram_02,synthetic_instagram_02_post_0432,2026-06-11T09:00:00-04:00,63,3,2026-06-13T09:00:00-04:00,synthetic,synthetic_fixed_48h
instagram,synthetic_instagram_03,synthetic_instagram_03_post_0438,2026-06-11T10:00:00-04:00,21,2,2026-06-13T10:00:00-04:00,synthetic,synthetic_fixed_48h
instagram,synthetic_instagram_03,synthetic_instagram_03_post_0439,2026-06-11T14:00:00-04:00,59,3,2026-06-13T14:00:00-04:00,synthetic,synthetic_fixed_48h
instagram,synthetic_instagram_01,synthetic_instagram_01_post_0438,2026-06-12T12:00:00-04:00,103,9,2026-06-14T12:00:00-04:00,synthetic,synthetic_fixed_48h
instagram,synthetic_instagram_03,synthetic_instagram_03_post_0440,2026-06-12T16:00:00-04:00,46,6,2026-06-14T16:00:00-04:00,synthetic,synthetic_fixed_48h
facebook,synthetic_facebook_01,synthetic_facebook_01_post_0450,2026-06-12T19:00:00-04:00,17,4,2026-06-14T19:00:00-04:00,synthetic,synthetic_fixed_48h
instagram,synthetic_instagram_03,synthetic_instagram_03_post_0441,2026-06-12T20:00:00-04:00,156,15,2026-06-14T20:00:00-04:00,synthetic,synthetic_fixed_48h
instagram,synthetic_instagram_01,synthetic_instagram_01_post_0439,2026-06-13T00:00:00-04:00,24,4,2026-06-15T00:00:00-04:00,synthetic,synthetic_fixed_48h
facebook,synthetic_facebook_02,synthetic_facebook_02_post_0434,2026-06-13T07:00:00-04:00,31,3,2026-06-15T07:00:00-04:00,synthetic,synthetic_fixed_48h
facebook,synthetic_facebook_01,synthetic_facebook_01_post_0451,2026-06-13T11:00:00-04:00,46,1,2026-06-15T11:00:00-04:00,synthetic,synthetic_fixed_48h
instagram,synthetic_instagram_01,synthetic_instagram_01_post_0440,2026-06-13T11:00:00-04:00,141,11,2026-06-15T11:00:00-04:00,synthetic,synthetic_fixed_48h
instagram,synthetic_instagram_01,synthetic_instagram_01_post_0441,2026-06-13T19:00:00-04:00,54,2,2026-06-15T19:00:00-04:00,synthetic,synthetic_fixed_48h
facebook,synthetic_facebook_02,synthetic_facebook_02_post_0435,2026-06-14T10:00:00-04:00,29,1,2026-06-16T10:00:00-04:00,synthetic,synthetic_fixed_48h
instagram,synthetic_instagram_01,synthetic_instagram_01_post_0442,2026-06-14T11:00:00-04:00,92,4,2026-06-16T11:00:00-04:00,synthetic,synthetic_fixed_48h
instagram,synthetic_instagram_01,synthetic_instagram_01_post_0443,2026-06-14T17:00:00-04:00,131,12,2026-06-16T17:00:00-04:00,synthetic,synthetic_fixed_48h
instagram,synthetic_instagram_02,synthetic_instagram_02_post_0433,2026-06-15T03:00:00-04:00,55,3,2026-06-17T03:00:00-04:00,synthetic,synthetic_fixed_48h
facebook,synthetic_facebook_02,synthetic_facebook_02_post_0436,2026-06-15T12:00:00-04:00,66,4,2026-06-17T12:00:00-04:00,synthetic,synthetic_fixed_48h
instagram,synthetic_instagram_02,synthetic_instagram_02_post_0434,2026-06-15T15:00:00-04:00,119,10,2026-06-17T15:00:00-04:00,synthetic,synthetic_fixed_48h
facebook,synthetic_facebook_02,synthetic_facebook_02_post_0437,2026-06-15T16:00:00-04:00,64,4,2026-06-17T16:00:00-04:00,synthetic,synthetic_fixed_48h
facebook,synthetic_facebook_03,synthetic_facebook_03_post_0430,2026-06-15T18:00:00-04:00,128,6,2026-06-17T18:00:00-04:00,synthetic,synthetic_fixed_48h
instagram,synthetic_instagram_02,synthetic_instagram_02_post_0435,2026-06-15T18:00:00-04:00,105,10,2026-06-17T18:00:00-04:00,synthetic,synthetic_fixed_48h
facebook,synthetic_facebook_03,synthetic_facebook_03_post_0431,2026-06-16T18:00:00-04:00,137,7,2026-06-18T18:00:00-04:00,synthetic,synthetic_fixed_48h
instagram,synthetic_instagram_03,synthetic_instagram_03_post_0442,2026-06-16T23:00:00-04:00,55,4,2026-06-18T23:00:00-04:00,synthetic,synthetic_fixed_48h
facebook,synthetic_facebook_02,synthetic_facebook_02_post_0438,2026-06-17T12:00:00-04:00,91,5,2026-06-19T12:00:00-04:00,synthetic,synthetic_fixed_48h
facebook,synthetic_facebook_01,synthetic_facebook_01_post_0452,2026-06-17T19:00:00-04:00,35,0,2026-06-19T19:00:00-04:00,synthetic,synthetic_fixed_48h
instagram,synthetic_instagram_02,synthetic_instagram_02_post_0436,2026-06-17T19:00:00-04:00,102,11,2026-06-19T19:00:00-04:00,synthetic,synthetic_fixed_48h
facebook,synthetic_facebook_01,synthetic_facebook_01_post_0453,2026-06-18T02:00:00-04:00,33,7,2026-06-20T02:00:00-04:00,synthetic,synthetic_fixed_48h
facebook,synthetic_facebook_02,synthetic_facebook_02_post_0439,2026-06-18T02:00:00-04:00,23,0,2026-06-20T02:00:00-04:00,synthetic,synthetic_fixed_48h
instagram,synthetic_instagram_03,synthetic_instagram_03_post_0443,2026-06-18T04:00:00-04:00,84,5,2026-06-20T04:00:00-04:00,synthetic,synthetic_fixed_48h
facebook,synthetic_facebook_03,synthetic_facebook_03_post_0432,2026-06-18T09:00:00-04:00,49,4,2026-06-20T09:00:00-04:00,synthetic,synthetic_fixed_48h
facebook,synthetic_facebook_01,synthetic_facebook_01_post_0454,2026-06-18T14:00:00-04:00,69,7,2026-06-20T14:00:00-04:00,synthetic,synthetic_fixed_48h
instagram,synthetic_instagram_02,synthetic_instagram_02_post_0437,2026-06-18T17:00:00-04:00,133,11,2026-06-20T17:00:00-04:00,synthetic,synthetic_fixed_48h
facebook,synthetic_facebook_02,synthetic_facebook_02_post_0440,2026-06-18T20:00:00-04:00,45,2,2026-06-20T20:00:00-04:00,synthetic,synthetic_fixed_48h
instagram,synthetic_instagram_03,synthetic_instagram_03_post_0444,2026-06-18T20:00:00-04:00,187,16,2026-06-20T20:00:00-04:00,synthetic,synthetic_fixed_48h
instagram,synthetic_instagram_02,synthetic_instagram_02_post_0438,2026-06-19T00:00:00-04:00,111,10,2026-06-21T00:00:00-04:00,synthetic,synthetic_fixed_48h
facebook,synthetic_facebook_03,synthetic_facebook_03_post_0433,2026-06-19T05:00:00-04:00,103,9,2026-06-21T05:00:00-04:00,synthetic,synthetic_fixed_48h
facebook,synthetic_facebook_01,synthetic_facebook_01_post_0455,2026-06-19T16:00:00-04:00,44,0,2026-06-21T16:00:00-04:00,synthetic,synthetic_fixed_48h
instagram,synthetic_instagram_02,synthetic_instagram_02_post_0439,2026-06-19T16:00:00-04:00,113,9,2026-06-21T16:00:00-04:00,synthetic,synthetic_fixed_48h
facebook,synthetic_facebook_02,synthetic_facebook_02_post_0441,2026-06-20T00:00:00-04:00,47,1,2026-06-22T00:00:00-04:00,synthetic,synthetic_fixed_48h
facebook,synthetic_facebook_02,synthetic_facebook_02_post_0442,2026-06-20T03:00:00-04:00,34,2,2026-06-22T03:00:00-04:00,synthetic,synthetic_fixed_48h
instagram,synthetic_instagram_03,synthetic_instagram_03_post_0445,2026-06-20T10:00:00-04:00,94,7,2026-06-22T10:00:00-04:00,synthetic,synthetic_fixed_48h
facebook,synthetic_facebook_03,synthetic_facebook_03_post_0434,2026-06-20T11:00:00-04:00,97,5,2026-06-22T11:00:00-04:00,synthetic,synthetic_fixed_48h
facebook,synthetic_facebook_02,synthetic_facebook_02_post_0443,2026-06-20T12:00:00-04:00,73,7,2026-06-22T12:00:00-04:00,synthetic,synthetic_fixed_48h
instagram,synthetic_instagram_02,synthetic_instagram_02_post_0440,2026-06-20T15:00:00-04:00,170,16,2026-06-22T15:00:00-04:00,synthetic,synthetic_fixed_48h
facebook,synthetic_facebook_02,synthetic_facebook_02_post_0444,2026-06-20T22:00:00-04:00,63,3,2026-06-22T22:00:00-04:00,synthetic,synthetic_fixed_48h
instagram,synthetic_instagram_02,synthetic_instagram_02_post_0441,2026-06-21T03:00:00-04:00,36,0,2026-06-23T03:00:00-04:00,synthetic,synthetic_fixed_48h
instagram,synthetic_instagram_02,synthetic_instagram_02_post_0442,2026-06-21T04:00:00-04:00,33,4,2026-06-23T04:00:00-04:00,synthetic,synthetic_fixed_48h
facebook,synthetic_facebook_03,synthetic_facebook_03_post_0435,2026-06-21T05:00:00-04:00,73,5,2026-06-23T05:00:00-04:00,synthetic,synthetic_fixed_48h
instagram,synthetic_instagram_01,synthetic_instagram_01_post_0444,2026-06-21T15:00:00-04:00,175,14,2026-06-23T15:00:00-04:00,synthetic,synthetic_fixed_48h
facebook,synthetic_facebook_03,synthetic_facebook_03_post_0436,2026-06-21T20:00:00-04:00,189,11,2026-06-23T20:00:00-04:00,synthetic,synthetic_fixed_48h
instagram,synthetic_instagram_03,synthetic_instagram_03_post_0446,2026-06-21T20:00:00-04:00,148,15,2026-06-23T20:00:00-04:00,synthetic,synthetic_fixed_48h
instagram,synthetic_instagram_01,synthetic_instagram_01_post_0445,2026-06-22T05:00:00-04:00,82,8,2026-06-24T05:00:00-04:00,synthetic,synthetic_fixed_48h
instagram,synthetic_instagram_01,synthetic_instagram_01_post_0446,2026-06-22T13:00:00-04:00,88,8,2026-06-24T13:00:00-04:00,synthetic,synthetic_fixed_48h
facebook,synthetic_facebook_03,synthetic_facebook_03_post_0437,2026-06-22T22:00:00-04:00,170,8,2026-06-24T22:00:00-04:00,synthetic,synthetic_fixed_48h
facebook,synthetic_facebook_03,synthetic_facebook_03_post_0438,2026-06-22T23:00:00-04:00,97,8,2026-06-24T23:00:00-04:00,synthetic,synthetic_fixed_48h
facebook,synthetic_facebook_01,synthetic_facebook_01_post_0456,2026-06-23T02:00:00-04:00,36,0,2026-06-25T02:00:00-04:00,synthetic,synthetic_fixed_48h
instagram,synthetic_instagram_01,synthetic_instagram_01_post_0447,2026-06-23T07:00:00-04:00,116,8,2026-06-25T07:00:00-04:00,synthetic,synthetic_fixed_48h
instagram,synthetic_instagram_02,synthetic_instagram_02_post_0443,2026-06-23T14:00:00-04:00,186,14,2026-06-25T14:00:00-04:00,synthetic,synthetic_fixed_48h
facebook,synthetic_facebook_02,synthetic_facebook_02_post_0445,2026-06-23T17:00:00-04:00,266,15,2026-06-25T17:00:00-04:00,synthetic,synthetic_fixed_48h
facebook,synthetic_facebook_01,synthetic_facebook_01_post_0457,2026-06-23T18:00:00-04:00,59,2,2026-06-25T18:00:00-04:00,synthetic,synthetic_fixed_48h
instagram,synthetic_instagram_03,synthetic_instagram_03_post_0447,2026-06-23T20:00:00-04:00,122,13,2026-06-25T20:00:00-04:00,synthetic,synthetic_fixed_48h
facebook,synthetic_facebook_02,synthetic_facebook_02_post_0446,2026-06-24T01:00:00-04:00,65,1,2026-06-26T01:00:00-04:00,synthetic,synthetic_fixed_48h
instagram,synthetic_instagram_01,synthetic_instagram_01_post_0448,2026-06-24T03:00:00-04:00,33,1,2026-06-26T03:00:00-04:00,synthetic,synthetic_fixed_48h
facebook,synthetic_facebook_01,synthetic_facebook_01_post_0458,2026-06-24T04:00:00-04:00,94,8,2026-06-26T04:00:00-04:00,synthetic,synthetic_fixed_48h
facebook,synthetic_facebook_01,synthetic_facebook_01_post_0459,2026-06-24T10:00:00-04:00,103,9,2026-06-26T10:00:00-04:00,synthetic,synthetic_fixed_48h
facebook,synthetic_facebook_01,synthetic_facebook_01_post_0460,2026-06-24T13:00:00-04:00,79,4,2026-06-26T13:00:00-04:00,synthetic,synthetic_fixed_48h
facebook,synthetic_facebook_03,synthetic_facebook_03_post_0439,2026-06-24T15:00:00-04:00,121,11,2026-06-26T15:00:00-04:00,synthetic,synthetic_fixed_48h
instagram,synthetic_instagram_02,synthetic_instagram_02_post_0444,2026-06-24T16:00:00-04:00,188,15,2026-06-26T16:00:00-04:00,synthetic,synthetic_fixed_48h
instagram,synthetic_instagram_01,synthetic_instagram_01_post_0449,2026-06-24T22:00:00-04:00,62,6,2026-06-26T22:00:00-04:00,synthetic,synthetic_fixed_48h
facebook,synthetic_facebook_03,synthetic_facebook_03_post_0440,2026-06-25T07:00:00-04:00,98,4,2026-06-27T07:00:00-04:00,synthetic,synthetic_fixed_48h
instagram,synthetic_instagram_01,synthetic_instagram_01_post_0450,2026-06-25T09:00:00-04:00,59,2,2026-06-27T09:00:00-04:00,synthetic,synthetic_fixed_48h
facebook,synthetic_facebook_02,synthetic_facebook_02_post_0447,2026-06-25T12:00:00-04:00,98,6,2026-06-27T12:00:00-04:00,synthetic,synthetic_fixed_48h
facebook,synthetic_facebook_02,synthetic_facebook_02_post_0448,2026-06-26T00:00:00-04:00,25,1,2026-06-28T00:00:00-04:00,synthetic,synthetic_fixed_48h
facebook,synthetic_facebook_01,synthetic_facebook_01_post_0461,2026-06-26T01:00:00-04:00,27,3,2026-06-28T01:00:00-04:00,synthetic,synthetic_fixed_48h
instagram,synthetic_instagram_02,synthetic_instagram_02_post_0445,2026-06-26T02:00:00-04:00,37,5,2026-06-28T02:00:00-04:00,synthetic,synthetic_fixed_48h
instagram,synthetic_instagram_02,synthetic_instagram_02_post_0446,2026-06-26T11:00:00-04:00,72,3,2026-06-28T11:00:00-04:00,synthetic,synthetic_fixed_48h
instagram,synthetic_instagram_01,synthetic_instagram_01_post_0451,2026-06-26T20:00:00-04:00,49,2,2026-06-28T20:00:00-04:00,synthetic,synthetic_fixed_48h
instagram,synthetic_instagram_02,synthetic_instagram_02_post_0447,2026-06-27T01:00:00-04:00,33,6,2026-06-29T01:00:00-04:00,synthetic,synthetic_fixed_48h
instagram,synthetic_instagram_03,synthetic_instagram_03_post_0448,2026-06-27T06:00:00-04:00,72,6,2026-06-29T06:00:00-04:00,synthetic,synthetic_fixed_48h
facebook,synthetic_facebook_02,synthetic_facebook_02_post_0449,2026-06-27T12:00:00-04:00,92,7,2026-06-29T12:00:00-04:00,synthetic,synthetic_fixed_48h
facebook,synthetic_facebook_01,synthetic_facebook_01_post_0462,2026-06-27T17:00:00-04:00,37,0,2026-06-29T17:00:00-04:00,synthetic,synthetic_fixed_48h
instagram,synthetic_instagram_02,synthetic_instagram_02_post_0448,2026-06-27T17:00:00-04:00,125,10,2026-06-29T17:00:00-04:00,synthetic,synthetic_fixed_48h
facebook,synthetic_facebook_02,synthetic_facebook_02_post_0450,2026-06-27T21:00:00-04:00,50,5,2026-06-29T21:00:00-04:00,synthetic,synthetic_fixed_48h
instagram,synthetic_instagram_03,synthetic_instagram_03_post_0449,2026-06-27T23:00:00-04:00,338,30,2026-06-29T23:00:00-04:00,synthetic,synthetic_fixed_48h
facebook,synthetic_facebook_03,synthetic_facebook_03_post_0441,2026-06-28T09:00:00-04:00,57,6,2026-06-30T09:00:00-04:00,synthetic,synthetic_fixed_48h
instagram,synthetic_instagram_01,synthetic_instagram_01_post_0452,2026-06-28T10:00:00-04:00,93,7,2026-06-30T10:00:00-04:00,synthetic,synthetic_fixed_48h
facebook,synthetic_facebook_02,synthetic_facebook_02_post_0451,2026-06-28T14:00:00-04:00,48,0,2026-06-30T14:00:00-04:00,synthetic,synthetic_fixed_48h
facebook,synthetic_facebook_02,synthetic_facebook_02_post_0452,2026-06-29T01:00:00-04:00,29,5,2026-07-01T01:00:00-04:00,synthetic,synthetic_fixed_48h
facebook,synthetic_facebook_03,synthetic_facebook_03_post_0442,2026-06-29T01:00:00-04:00,84,8,2026-07-01T01:00:00-04:00,synthetic,synthetic_fixed_48h
instagram,synthetic_instagram_02,synthetic_instagram_02_post_0449,2026-06-29T03:00:00-04:00,71,4,2026-07-01T03:00:00-04:00,synthetic,synthetic_fixed_48h
instagram,synthetic_instagram_02,synthetic_instagram_02_post_0450,2026-06-29T05:00:00-04:00,51,2,2026-07-01T05:00:00-04:00,synthetic,synthetic_fixed_48h
instagram,synthetic_instagram_01,synthetic_instagram_01_post_0453,2026-06-29T06:00:00-04:00,50,7,2026-07-01T06:00:00-04:00,synthetic,synthetic_fixed_48h
instagram,synthetic_instagram_02,synthetic_instagram_02_post_0451,2026-06-29T09:00:00-04:00,59,1,2026-07-01T09:00:00-04:00,synthetic,synthetic_fixed_48h
facebook,synthetic_facebook_01,synthetic_facebook_01_post_0463,2026-06-29T10:00:00-04:00,69,6,2026-07-01T10:00:00-04:00,synthetic,synthetic_fixed_48h
instagram,synthetic_instagram_01,synthetic_instagram_01_post_0454,2026-06-29T13:00:00-04:00,99,8,2026-07-01T13:00:00-04:00,synthetic,synthetic_fixed_48h
instagram,synthetic_instagram_01,synthetic_instagram_01_post_0455,2026-06-29T14:00:00-04:00,129,10,2026-07-01T14:00:00-04:00,synthetic,synthetic_fixed_48h
facebook,synthetic_facebook_03,synthetic_facebook_03_post_0443,2026-06-29T17:00:00-04:00,105,8,2026-07-01T17:00:00-04:00,synthetic,synthetic_fixed_48h
instagram,synthetic_instagram_01,synthetic_instagram_01_post_0456,2026-06-29T17:00:00-04:00,75,7,2026-07-01T17:00:00-04:00,synthetic,synthetic_fixed_48h
instagram,synthetic_instagram_03,synthetic_instagram_03_post_0450,2026-06-30T09:00:00-04:00,43,2,2026-07-02T09:00:00-04:00,synthetic,synthetic_fixed_48h
facebook,synthetic_facebook_03,synthetic_facebook_03_post_0444,2026-06-30T19:00:00-04:00,85,6,2026-07-02T19:00:00-04:00,synthetic,synthetic_fixed_48h
facebook,synthetic_facebook_03,synthetic_facebook_03_post_0445,2026-07-01T00:00:00-04:00,117,9,2026-07-03T00:00:00-04:00,synthetic,synthetic_fixed_48h
instagram,synthetic_instagram_03,synthetic_instagram_03_post_0451,2026-07-01T05:00:00-04:00,68,6,2026-07-03T05:00:00-04:00,synthetic,synthetic_fixed_48h
facebook,synthetic_facebook_03,synthetic_facebook_03_post_0446,2026-07-01T12:00:00-04:00,73,2,2026-07-03T12:00:00-04:00,synthetic,synthetic_fixed_48h
facebook,synthetic_facebook_03,synthetic_facebook_03_post_0447,2026-07-01T15:00:00-04:00,120,7,2026-07-03T15:00:00-04:00,synthetic,synthetic_fixed_48h
instagram,synthetic_instagram_01,synthetic_instagram_01_post_0457,2026-07-02T01:00:00-04:00,36,0,2026-07-04T01:00:00-04:00,synthetic,synthetic_fixed_48h
facebook,synthetic_facebook_01,synthetic_facebook_01_post_0464,2026-07-02T05:00:00-04:00,61,2,2026-07-04T05:00:00-04:00,synthetic,synthetic_fixed_48h
instagram,synthetic_instagram_03,synthetic_instagram_03_post_0452,2026-07-02T07:00:00-04:00,42,1,2026-07-04T07:00:00-04:00,synthetic,synthetic_fixed_48h
instagram,synthetic_instagram_01,synthetic_instagram_01_post_0458,2026-07-02T11:00:00-04:00,69,5,2026-07-04T11:00:00-04:00,synthetic,synthetic_fixed_48h
facebook,synthetic_facebook_02,synthetic_facebook_02_post_0453,2026-07-02T14:00:00-04:00,76,9,2026-07-04T14:00:00-04:00,synthetic,synthetic_fixed_48h
instagram,synthetic_instagram_01,synthetic_instagram_01_post_0459,2026-07-02T15:00:00-04:00,49,2,2026-07-04T15:00:00-04:00,synthetic,synthetic_fixed_48h
facebook,synthetic_facebook_02,synthetic_facebook_02_post_0454,2026-07-02T16:00:00-04:00,93,7,2026-07-04T16:00:00-04:00,synthetic,synthetic_fixed_48h
facebook,synthetic_facebook_03,synthetic_facebook_03_post_0448,2026-07-02T22:00:00-04:00,187,12,2026-07-04T22:00:00-04:00,synthetic,synthetic_fixed_48h
instagram,synthetic_instagram_03,synthetic_instagram_03_post_0453,2026-07-03T00:00:00-04:00,124,12,2026-07-05T00:00:00-04:00,synthetic,synthetic_fixed_48h
facebook,synthetic_facebook_01,synthetic_facebook_01_post_0465,2026-07-03T06:00:00-04:00,54,4,2026-07-05T06:00:00-04:00,synthetic,synthetic_fixed_48h
facebook,synthetic_facebook_03,synthetic_facebook_03_post_0449,2026-07-03T07:00:00-04:00,50,4,2026-07-05T07:00:00-04:00,synthetic,synthetic_fixed_48h
facebook,synthetic_facebook_02,synthetic_facebook_02_post_0455,2026-07-03T10:00:00-04:00,49,3,2026-07-05T10:00:00-04:00,synthetic,synthetic_fixed_48h
facebook,synthetic_facebook_02,synthetic_facebook_02_post_0456,2026-07-03T16:00:00-04:00,48,4,2026-07-05T16:00:00-04:00,synthetic,synthetic_fixed_48h
instagram,synthetic_instagram_03,synthetic_instagram_03_post_0454,2026-07-04T06:00:00-04:00,112,11,2026-07-06T06:00:00-04:00,synthetic,synthetic_fixed_48h
instagram,synthetic_instagram_01,synthetic_instagram_01_post_0460,2026-07-04T23:00:00-04:00,23,0,2026-07-06T23:00:00-04:00,synthetic,synthetic_fixed_48h
instagram,synthetic_instagram_03,synthetic_instagram_03_post_0455,2026-07-04T23:00:00-04:00,184,13,2026-07-06T23:00:00-04:00,synthetic,synthetic_fixed_48h
instagram,synthetic_instagram_01,synthetic_instagram_01_post_0461,2026-07-05T01:00:00-04:00,23,3,2026-07-07T01:00:00-04:00,synthetic,synthetic_fixed_48h
instagram,synthetic_instagram_03,synthetic_instagram_03_post_0456,2026-07-05T01:00:00-04:00,159,14,2026-07-07T01:00:00-04:00,synthetic,synthetic_fixed_48h
instagram,synthetic_instagram_01,synthetic_instagram_01_post_0462,2026-07-05T02:00:00-04:00,27,3,2026-07-07T02:00:00-04:00,synthetic,synthetic_fixed_48h
instagram,synthetic_instagram_02,synthetic_instagram_02_post_0452,2026-07-05T07:00:00-04:00,53,3,2026-07-07T07:00:00-04:00,synthetic,synthetic_fixed_48h
instagram,synthetic_instagram_01,synthetic_instagram_01_post_0463,2026-07-05T10:00:00-04:00,49,2,2026-07-07T10:00:00-04:00,synthetic,synthetic_fixed_48h
facebook,synthetic_facebook_02,synthetic_facebook_02_post_0457,2026-07-05T18:00:00-04:00,77,6,2026-07-07T18:00:00-04:00,synthetic,synthetic_fixed_48h
instagram,synthetic_instagram_01,synthetic_instagram_01_post_0464,2026-07-05T18:00:00-04:00,45,6,2026-07-07T18:00:00-04:00,synthetic,synthetic_fixed_48h
facebook,synthetic_facebook_02,synthetic_facebook_02_post_0458,2026-07-05T21:00:00-04:00,37,1,2026-07-07T21:00:00-04:00,synthetic,synthetic_fixed_48h
instagram,synthetic_instagram_03,synthetic_instagram_03_post_0457,2026-07-06T12:00:00-04:00,42,3,2026-07-08T12:00:00-04:00,synthetic,synthetic_fixed_48h
facebook,synthetic_facebook_03,synthetic_facebook_03_post_0450,2026-07-06T15:00:00-04:00,83,6,2026-07-08T15:00:00-04:00,synthetic,synthetic_fixed_48h
facebook,synthetic_facebook_03,synthetic_facebook_03_post_0451,2026-07-06T19:00:00-04:00,67,0,2026-07-08T19:00:00-04:00,synthetic,synthetic_fixed_48h
instagram,synthetic_instagram_01,synthetic_instagram_01_post_0465,2026-07-06T19:00:00-04:00,43,3,2026-07-08T19:00:00-04:00,synthetic,synthetic_fixed_48h
facebook,synthetic_facebook_03,synthetic_facebook_03_post_0452,2026-07-06T20:00:00-04:00,70,6,2026-07-08T20:00:00-04:00,synthetic,synthetic_fixed_48h
facebook,synthetic_facebook_03,synthetic_facebook_03_post_0453,2026-07-07T02:00:00-04:00,43,2,2026-07-09T02:00:00-04:00,synthetic,synthetic_fixed_48h
facebook,synthetic_facebook_02,synthetic_facebook_02_post_0459,2026-07-07T10:00:00-04:00,65,7,2026-07-09T10:00:00-04:00,synthetic,synthetic_fixed_48h
instagram,synthetic_instagram_01,synthetic_instagram_01_post_0466,2026-07-07T12:00:00-04:00,96,6,2026-07-09T12:00:00-04:00,synthetic,synthetic_fixed_48h
instagram,synthetic_instagram_01,synthetic_instagram_01_post_0467,2026-07-07T14:00:00-04:00,78,6,2026-07-09T14:00:00-04:00,synthetic,synthetic_fixed_48h
instagram,synthetic_instagram_02,synthetic_instagram_02_post_0453,2026-07-08T02:00:00-04:00,61,4,2026-07-10T02:00:00-04:00,synthetic,synthetic_fixed_48h
instagram,synthetic_instagram_03,synthetic_instagram_03_post_0458,2026-07-08T03:00:00-04:00,65,7,2026-07-10T03:00:00-04:00,synthetic,synthetic_fixed_48h
facebook,synthetic_facebook_01,synthetic_facebook_01_post_0466,2026-07-09T05:00:00-04:00,29,4,2026-07-11T05:00:00-04:00,synthetic,synthetic_fixed_48h
facebook,synthetic_facebook_03,synthetic_facebook_03_post_0454,2026-07-09T07:00:00-04:00,44,1,2026-07-11T07:00:00-04:00,synthetic,synthetic_fixed_48h
facebook,synthetic_facebook_02,synthetic_facebook_02_post_0460,2026-07-10T01:00:00-04:00,28,1,2026-07-12T01:00:00-04:00,synthetic,synthetic_fixed_48h
instagram,synthetic_instagram_01,synthetic_instagram_01_post_0468,2026-07-10T11:00:00-04:00,37,0,2026-07-12T11:00:00-04:00,synthetic,synthetic_fixed_48h
facebook,synthetic_facebook_02,synthetic_facebook_02_post_0461,2026-07-10T13:00:00-04:00,58,4,2026-07-12T13:00:00-04:00,synthetic,synthetic_fixed_48h
instagram,synthetic_instagram_02,synthetic_instagram_02_post_0454,2026-07-10T17:00:00-04:00,201,17,2026-07-12T17:00:00-04:00,synthetic,synthetic_fixed_48h
instagram,synthetic_instagram_02,synthetic_instagram_02_post_0455,2026-07-10T20:00:00-04:00,109,10,2026-07-12T20:00:00-04:00,synthetic,synthetic_fixed_48h
facebook,synthetic_facebook_03,synthetic_facebook_03_post_0455,2026-07-11T06:00:00-04:00,44,4,2026-07-13T06:00:00-04:00,synthetic,synthetic_fixed_48h
instagram,synthetic_instagram_03,synthetic_instagram_03_post_0459,2026-07-11T07:00:00-04:00,62,5,2026-07-13T07:00:00-04:00,synthetic,synthetic_fixed_48h
facebook,synthetic_facebook_03,synthetic_facebook_03_post_0456,2026-07-11T14:00:00-04:00,100,8,2026-07-13T14:00:00-04:00,synthetic,synthetic_fixed_48h
facebook,synthetic_facebook_01,synthetic_facebook_01_post_0467,2026-07-11T21:00:00-04:00,17,3,2026-07-13T21:00:00-04:00,synthetic,synthetic_fixed_48h
facebook,synthetic_facebook_02,synthetic_facebook_02_post_0462,2026-07-12T05:00:00-04:00,17,5,2026-07-14T05:00:00-04:00,synthetic,synthetic_fixed_48h
facebook,synthetic_facebook_03,synthetic_facebook_03_post_0457,2026-07-12T08:00:00-04:00,42,4,2026-07-14T08:00:00-04:00,synthetic,synthetic_fixed_48h
facebook,synthetic_facebook_02,synthetic_facebook_02_post_0463,2026-07-12T12:00:00-04:00,29,1,2026-07-14T12:00:00-04:00,synthetic,synthetic_fixed_48h
instagram,synthetic_instagram_02,synthetic_instagram_02_post_0456,2026-07-12T12:00:00-04:00,68,5,2026-07-14T12:00:00-04:00,synthetic,synthetic_fixed_48h
facebook,synthetic_facebook_02,synthetic_facebook_02_post_0464,2026-07-12T23:00:00-04:00,31,0,2026-07-14T23:00:00-04:00,synthetic,synthetic_fixed_48h
facebook,synthetic_facebook_01,synthetic_facebook_01_post_0468,2026-07-13T02:00:00-04:00,23,1,2026-07-15T02:00:00-04:00,synthetic,synthetic_fixed_48h
facebook,synthetic_facebook_03,synthetic_facebook_03_post_0458,2026-07-13T04:00:00-04:00,31,2,2026-07-15T04:00:00-04:00,synthetic,synthetic_fixed_48h
facebook,synthetic_facebook_01,synthetic_facebook_01_post_0469,2026-07-13T13:00:00-04:00,51,5,2026-07-15T13:00:00-04:00,synthetic,synthetic_fixed_48h
facebook,synthetic_facebook_02,synthetic_facebook_02_post_0465,2026-07-13T13:00:00-04:00,54,1,2026-07-15T13:00:00-04:00,synthetic,synthetic_fixed_48h
instagram,synthetic_instagram_03,synthetic_instagram_03_post_0460,2026-07-13T13:00:00-04:00,46,6,2026-07-15T13:00:00-04:00,synthetic,synthetic_fixed_48h
instagram,synthetic_instagram_01,synthetic_instagram_01_post_0469,2026-07-13T17:00:00-04:00,52,3,2026-07-15T17:00:00-04:00,synthetic,synthetic_fixed_48h
facebook,synthetic_facebook_01,synthetic_facebook_01_post_0470,2026-07-14T05:00:00-04:00,27,3,2026-07-16T05:00:00-04:00,synthetic,synthetic_fixed_48h
instagram,synthetic_instagram_01,synthetic_instagram_01_post_0470,2026-07-14T06:00:00-04:00,36,2,2026-07-16T06:00:00-04:00,synthetic,synthetic_fixed_48h
instagram,synthetic_instagram_03,synthetic_instagram_03_post_0461,2026-07-14T09:00:00-04:00,41,0,2026-07-16T09:00:00-04:00,synthetic,synthetic_fixed_48h
instagram,synthetic_instagram_01,synthetic_instagram_01_post_0471,2026-07-14T10:00:00-04:00,119,10,2026-07-16T10:00:00-04:00,synthetic,synthetic_fixed_48h
instagram,synthetic_instagram_03,synthetic_instagram_03_post_0462,2026-07-14T11:00:00-04:00,42,3,2026-07-16T11:00:00-04:00,synthetic,synthetic_fixed_48h
instagram,synthetic_instagram_02,synthetic_instagram_02_post_0457,2026-07-14T16:00:00-04:00,80,5,2026-07-16T16:00:00-04:00,synthetic,synthetic_fixed_48h
instagram,synthetic_instagram_02,synthetic_instagram_02_post_0458,2026-07-14T17:00:00-04:00,128,9,2026-07-16T17:00:00-04:00,synthetic,synthetic_fixed_48h
instagram,synthetic_instagram_03,synthetic_instagram_03_post_0463,2026-07-14T18:00:00-04:00,66,7,2026-07-16T18:00:00-04:00,synthetic,synthetic_fixed_48h
facebook,synthetic_facebook_03,synthetic_facebook_03_post_0459,2026-07-14T19:00:00-04:00,159,11,2026-07-16T19:00:00-04:00,synthetic,synthetic_fixed_48h
instagram,synthetic_instagram_02,synthetic_instagram_02_post_0459,2026-07-14T23:00:00-04:00,51,0,2026-07-16T23:00:00-04:00,synthetic,synthetic_fixed_48h
instagram,synthetic_instagram_01,synthetic_instagram_01_post_0472,2026-07-15T13:00:00-04:00,62,5,2026-07-17T13:00:00-04:00,synthetic,synthetic_fixed_48h
instagram,synthetic_instagram_01,synthetic_instagram_01_post_0473,2026-07-16T09:00:00-04:00,38,2,2026-07-18T09:00:00-04:00,synthetic,synthetic_fixed_48h
facebook,synthetic_facebook_03,synthetic_facebook_03_post_0460,2026-07-16T12:00:00-04:00,81,4,2026-07-18T12:00:00-04:00,synthetic,synthetic_fixed_48h
facebook,synthetic_facebook_01,synthetic_facebook_01_post_0471,2026-07-16T13:00:00-04:00,38,3,2026-07-18T13:00:00-04:00,synthetic,synthetic_fixed_48h
facebook,synthetic_facebook_02,synthetic_facebook_02_post_0466,2026-07-16T15:00:00-04:00,128,10,2026-07-18T15:00:00-04:00,synthetic,synthetic_fixed_48h
facebook,synthetic_facebook_03,synthetic_facebook_03_post_0461,2026-07-16T16:00:00-04:00,82,6,2026-07-18T16:00:00-04:00,synthetic,synthetic_fixed_48h
instagram,synthetic_instagram_03,synthetic_instagram_03_post_0464,2026-07-16T21:00:00-04:00,79,4,2026-07-18T21:00:00-04:00,synthetic,synthetic_fixed_48h
instagram,synthetic_instagram_02,synthetic_instagram_02_post_0460,2026-07-17T01:00:00-04:00,29,2,2026-07-19T01:00:00-04:00,synthetic,synthetic_fixed_48h
instagram,synthetic_instagram_02,synthetic_instagram_02_post_0461,2026-07-17T02:00:00-04:00,60,7,2026-07-19T02:00:00-04:00,synthetic,synthetic_fixed_48h
instagram,synthetic_instagram_03,synthetic_instagram_03_post_0465,2026-07-17T13:00:00-04:00,41,3,2026-07-19T13:00:00-04:00,synthetic,synthetic_fixed_48h
facebook,synthetic_facebook_03,synthetic_facebook_03_post_0462,2026-07-17T14:00:00-04:00,38,0,2026-07-19T14:00:00-04:00,synthetic,synthetic_fixed_48h
instagram,synthetic_instagram_01,synthetic_instagram_01_post_0474,2026-07-17T16:00:00-04:00,51,3,2026-07-19T16:00:00-04:00,synthetic,synthetic_fixed_48h
instagram,synthetic_instagram_03,synthetic_instagram_03_post_0466,2026-07-17T18:00:00-04:00,65,4,2026-07-19T18:00:00-04:00,synthetic,synthetic_fixed_48h
facebook,synthetic_facebook_03,synthetic_facebook_03_post_0463,2026-07-17T20:00:00-04:00,87,3,2026-07-19T20:00:00-04:00,synthetic,synthetic_fixed_48h
facebook,synthetic_facebook_01,synthetic_facebook_01_post_0472,2026-07-18T00:00:00-04:00,42,0,2026-07-20T00:00:00-04:00,synthetic,synthetic_fixed_48h
instagram,synthetic_instagram_01,synthetic_instagram_01_post_0475,2026-07-18T01:00:00-04:00,41,3,2026-07-20T01:00:00-04:00,synthetic,synthetic_fixed_48h
instagram,synthetic_instagram_02,synthetic_instagram_02_post_0462,2026-07-18T04:00:00-04:00,27,0,2026-07-20T04:00:00-04:00,synthetic,synthetic_fixed_48h
instagram,synthetic_instagram_03,synthetic_instagram_03_post_0467,2026-07-18T07:00:00-04:00,67,4,2026-07-20T07:00:00-04:00,synthetic,synthetic_fixed_48h
facebook,synthetic_facebook_01,synthetic_facebook_01_post_0473,2026-07-18T09:00:00-04:00,57,6,2026-07-20T09:00:00-04:00,synthetic,synthetic_fixed_48h
facebook,synthetic_facebook_03,synthetic_facebook_03_post_0464,2026-07-18T18:00:00-04:00,96,5,2026-07-20T18:00:00-04:00,synthetic,synthetic_fixed_48h
instagram,synthetic_instagram_02,synthetic_instagram_02_post_0463,2026-07-18T18:00:00-04:00,71,7,2026-07-20T18:00:00-04:00,synthetic,synthetic_fixed_48h
facebook,synthetic_facebook_02,synthetic_facebook_02_post_0467,2026-07-18T19:00:00-04:00,42,1,2026-07-20T19:00:00-04:00,synthetic,synthetic_fixed_48h
facebook,synthetic_facebook_03,synthetic_facebook_03_post_0465,2026-07-18T21:00:00-04:00,133,11,2026-07-20T21:00:00-04:00,synthetic,synthetic_fixed_48h
facebook,synthetic_facebook_03,synthetic_facebook_03_post_0466,2026-07-18T23:00:00-04:00,191,12,2026-07-20T23:00:00-04:00,synthetic,synthetic_fixed_48h
instagram,synthetic_instagram_01,synthetic_instagram_01_post_0476,2026-07-19T09:00:00-04:00,71,7,2026-07-21T09:00:00-04:00,synthetic,synthetic_fixed_48h
facebook,synthetic_facebook_02,synthetic_facebook_02_post_0468,2026-07-19T14:00:00-04:00,77,6,2026-07-21T14:00:00-04:00,synthetic,synthetic_fixed_48h
instagram,synthetic_instagram_02,synthetic_instagram_02_post_0464,2026-07-20T00:00:00-04:00,26,3,2026-07-22T00:00:00-04:00,synthetic,synthetic_fixed_48h
instagram,synthetic_instagram_03,synthetic_instagram_03_post_0468,2026-07-20T00:00:00-04:00,60,8,2026-07-22T00:00:00-04:00,synthetic,synthetic_fixed_48h
facebook,synthetic_facebook_01,synthetic_facebook_01_post_0474,2026-07-20T05:00:00-04:00,58,5,2026-07-22T05:00:00-04:00,synthetic,synthetic_fixed_48h
instagram,synthetic_instagram_02,synthetic_instagram_02_post_0465,2026-07-20T12:00:00-04:00,40,2,2026-07-22T12:00:00-04:00,synthetic,synthetic_fixed_48h
instagram,synthetic_instagram_03,synthetic_instagram_03_post_0469,2026-07-20T13:00:00-04:00,35,4,2026-07-22T13:00:00-04:00,synthetic,synthetic_fixed_48h
instagram,synthetic_instagram_01,synthetic_instagram_01_post_0477,2026-07-20T17:00:00-04:00,30,8,2026-07-22T17:00:00-04:00,synthetic,synthetic_fixed_48h
facebook,synthetic_facebook_02,synthetic_facebook_02_post_0469,2026-07-21T00:00:00-04:00,34,1,2026-07-23T00:00:00-04:00,synthetic,synthetic_fixed_48h
facebook,synthetic_facebook_03,synthetic_facebook_03_post_0467,2026-07-21T03:00:00-04:00,59,3,2026-07-23T03:00:00-04:00,synthetic,synthetic_fixed_48h
instagram,synthetic_instagram_02,synthetic_instagram_02_post_0466,2026-07-21T05:00:00-04:00,24,0,2026-07-23T05:00:00-04:00,synthetic,synthetic_fixed_48h
instagram,synthetic_instagram_01,synthetic_instagram_01_post_0478,2026-07-21T07:00:00-04:00,103,9,2026-07-23T07:00:00-04:00,synthetic,synthetic_fixed_48h
facebook,synthetic_facebook_02,synthetic_facebook_02_post_0470,2026-07-21T13:00:00-04:00,49,2,2026-07-23T13:00:00-04:00,synthetic,synthetic_fixed_48h
instagram,synthetic_instagram_02,synthetic_instagram_02_post_0467,2026-07-21T14:00:00-04:00,41,5,2026-07-23T14:00:00-04:00,synthetic,synthetic_fixed_48h
facebook,synthetic_facebook_03,synthetic_facebook_03_post_0468,2026-07-21T15:00:00-04:00,40,6,2026-07-23T15:00:00-04:00,synthetic,synthetic_fixed_48h
instagram,synthetic_instagram_03,synthetic_instagram_03_post_0470,2026-07-21T15:00:00-04:00,82,6,2026-07-23T15:00:00-04:00,synthetic,synthetic_fixed_48h
facebook,synthetic_facebook_03,synthetic_facebook_03_post_0469,2026-07-21T20:00:00-04:00,43,4,2026-07-23T20:00:00-04:00,synthetic,synthetic_fixed_48h
facebook,synthetic_facebook_02,synthetic_facebook_02_post_0471,2026-07-21T21:00:00-04:00,35,1,2026-07-23T21:00:00-04:00,synthetic,synthetic_fixed_48h
facebook,synthetic_facebook_01,synthetic_facebook_01_post_0475,2026-07-21T23:00:00-04:00,29,1,2026-07-23T23:00:00-04:00,synthetic,synthetic_fixed_48h
facebook,synthetic_facebook_02,synthetic_facebook_02_post_0472,2026-07-22T00:00:00-04:00,86,9,2026-07-24T00:00:00-04:00,synthetic,synthetic_fixed_48h
instagram,synthetic_instagram_01,synthetic_instagram_01_post_0479,2026-07-22T08:00:00-04:00,51,1,2026-07-24T08:00:00-04:00,synthetic,synthetic_fixed_48h
facebook,synthetic_facebook_03,synthetic_facebook_03_post_0470,2026-07-22T18:00:00-04:00,85,4,2026-07-24T18:00:00-04:00,synthetic,synthetic_fixed_48h
instagram,synthetic_instagram_03,synthetic_instagram_03_post_0471,2026-07-22T19:00:00-04:00,67,1,2026-07-24T19:00:00-04:00,synthetic,synthetic_fixed_48h
facebook,synthetic_facebook_02,synthetic_facebook_02_post_0473,2026-07-23T05:00:00-04:00,48,4,2026-07-25T05:00:00-04:00,synthetic,synthetic_fixed_48h
instagram,synthetic_instagram_02,synthetic_instagram_02_post_0468,2026-07-23T05:00:00-04:00,48,5,2026-07-25T05:00:00-04:00,synthetic,synthetic_fixed_48h
facebook,synthetic_facebook_03,synthetic_facebook_03_post_0471,2026-07-23T12:00:00-04:00,33,2,2026-07-25T12:00:00-04:00,synthetic,synthetic_fixed_48h
instagram,synthetic_instagram_03,synthetic_instagram_03_post_0472,2026-07-23T12:00:00-04:00,64,3,2026-07-25T12:00:00-04:00,synthetic,synthetic_fixed_48h
facebook,synthetic_facebook_03,synthetic_facebook_03_post_0472,2026-07-23T17:00:00-04:00,72,5,2026-07-25T17:00:00-04:00,synthetic,synthetic_fixed_48h
instagram,synthetic_instagram_03,synthetic_instagram_03_post_0473,2026-07-24T01:00:00-04:00,105,8,2026-07-26T01:00:00-04:00,synthetic,synthetic_fixed_48h
facebook,synthetic_facebook_02,synthetic_facebook_02_post_0474,2026-07-24T04:00:00-04:00,28,1,2026-07-26T04:00:00-04:00,synthetic,synthetic_fixed_48h
instagram,synthetic_instagram_01,synthetic_instagram_01_post_0480,2026-07-24T08:00:00-04:00,64,4,2026-07-26T08:00:00-04:00,synthetic,synthetic_fixed_48h
facebook,synthetic_facebook_02,synthetic_facebook_02_post_0475,2026-07-24T11:00:00-04:00,41,8,2026-07-26T11:00:00-04:00,synthetic,synthetic_fixed_48h
facebook,synthetic_facebook_03,synthetic_facebook_03_post_0473,2026-07-24T14:00:00-04:00,67,5,2026-07-26T14:00:00-04:00,synthetic,synthetic_fixed_48h
instagram,synthetic_instagram_03,synthetic_instagram_03_post_0474,2026-07-24T14:00:00-04:00,122,9,2026-07-26T14:00:00-04:00,synthetic,synthetic_fixed_48h
facebook,synthetic_facebook_03,synthetic_facebook_03_post_0474,2026-07-24T17:00:00-04:00,90,8,2026-07-26T17:00:00-04:00,synthetic,synthetic_fixed_48h
facebook,synthetic_facebook_01,synthetic_facebook_01_post_0476,2026-07-24T18:00:00-04:00,26,1,2026-07-26T18:00:00-04:00,synthetic,synthetic_fixed_48h
facebook,synthetic_facebook_02,synthetic_facebook_02_post_0476,2026-07-24T20:00:00-04:00,60,3,2026-07-26T20:00:00-04:00,synthetic,synthetic_fixed_48h
instagram,synthetic_instagram_01,synthetic_instagram_01_post_0481,2026-07-24T21:00:00-04:00,25,0,2026-07-26T21:00:00-04:00,synthetic,synthetic_fixed_48h
facebook,synthetic_facebook_01,synthetic_facebook_01_post_0477,2026-07-25T05:00:00-04:00,47,0,2026-07-27T05:00:00-04:00,synthetic,synthetic_fixed_48h
instagram,synthetic_instagram_03,synthetic_instagram_03_post_0475,2026-07-25T08:00:00-04:00,69,5,2026-07-27T08:00:00-04:00,synthetic,synthetic_fixed_48h
facebook,synthetic_facebook_01,synthetic_facebook_01_post_0478,2026-07-25T15:00:00-04:00,53,0,2026-07-27T15:00:00-04:00,synthetic,synthetic_fixed_48h
instagram,synthetic_instagram_03,synthetic_instagram_03_post_0476,2026-07-25T15:00:00-04:00,49,2,2026-07-27T15:00:00-04:00,synthetic,synthetic_fixed_48h
instagram,synthetic_instagram_02,synthetic_instagram_02_post_0469,2026-07-26T06:00:00-04:00,27,2,2026-07-28T06:00:00-04:00,synthetic,synthetic_fixed_48h
facebook,synthetic_facebook_02,synthetic_facebook_02_post_0477,2026-07-26T20:00:00-04:00,27,4,2026-07-28T20:00:00-04:00,synthetic,synthetic_fixed_48h
facebook,synthetic_facebook_03,synthetic_facebook_03_post_0475,2026-07-27T04:00:00-04:00,52,6,2026-07-29T04:00:00-04:00,synthetic,synthetic_fixed_48h
facebook,synthetic_facebook_01,synthetic_facebook_01_post_0479,2026-07-27T22:00:00-04:00,32,2,2026-07-29T22:00:00-04:00,synthetic,synthetic_fixed_48h
facebook,synthetic_facebook_01,synthetic_facebook_01_post_0480,2026-07-28T05:00:00-04:00,65,6,2026-07-30T05:00:00-04:00,synthetic,synthetic_fixed_48h
facebook,synthetic_facebook_02,synthetic_facebook_02_post_0478,2026-07-28T11:00:00-04:00,72,2,2026-07-30T11:00:00-04:00,synthetic,synthetic_fixed_48h
facebook,synthetic_facebook_03,synthetic_facebook_03_post_0476,2026-07-28T12:00:00-04:00,35,5,2026-07-30T12:00:00-04:00,synthetic,synthetic_fixed_48h
instagram,synthetic_instagram_03,synthetic_instagram_03_post_0477,2026-07-28T22:00:00-04:00,73,4,2026-07-30T22:00:00-04:00,synthetic,synthetic_fixed_48h
facebook,synthetic_facebook_01,synthetic_facebook_01_post_0481,2026-07-29T00:00:00-04:00,30,1,2026-07-31T00:00:00-04:00,synthetic,synthetic_fixed_48h
facebook,synthetic_facebook_03,synthetic_facebook_03_post_0477,2026-07-29T09:00:00-04:00,24,1,2026-07-31T09:00:00-04:00,synthetic,synthetic_fixed_48h
facebook,synthetic_facebook_03,synthetic_facebook_03_post_0478,2026-07-29T11:00:00-04:00,32,3,2026-07-31T11:00:00-04:00,synthetic,synthetic_fixed_48h
facebook,synthetic_facebook_02,synthetic_facebook_02_post_0479,2026-07-29T22:00:00-04:00,43,2,2026-07-31T22:00:00-04:00,synthetic,synthetic_fixed_48h
facebook,synthetic_facebook_01,synthetic_facebook_01_post_0482,2026-07-29T23:00:00-04:00,15,2,2026-07-31T23:00:00-04:00,synthetic,synthetic_fixed_48h
instagram,synthetic_instagram_01,synthetic_instagram_01_post_0482,2026-07-30T00:00:00-04:00,10,0,2026-08-01T00:00:00-04:00,synthetic,synthetic_fixed_48h
instagram,synthetic_instagram_03,synthetic_instagram_03_post_0478,2026-07-30T02:00:00-04:00,64,3,2026-08-01T02:00:00-04:00,synthetic,synthetic_fixed_48h
instagram,synthetic_instagram_02,synthetic_instagram_02_post_0470,2026-07-30T20:00:00-04:00,68,1,2026-08-01T20:00:00-04:00,synthetic,synthetic_fixed_48h
instagram,synthetic_instagram_02,synthetic_instagram_02_post_0471,2026-07-30T23:00:00-04:00,67,4,2026-08-01T23:00:00-04:00,synthetic,synthetic_fixed_48h
facebook,synthetic_facebook_03,synthetic_facebook_03_post_0479,2026-07-31T02:00:00-04:00,63,2,2026-08-02T02:00:00-04:00,synthetic,synthetic_fixed_48h
facebook,synthetic_facebook_01,synthetic_facebook_01_post_0483,2026-07-31T07:00:00-04:00,60,3,2026-08-02T07:00:00-04:00,synthetic,synthetic_fixed_48h
instagram,synthetic_instagram_02,synthetic_instagram_02_post_0472,2026-07-31T07:00:00-04:00,29,3,2026-08-02T07:00:00-04:00,synthetic,synthetic_fixed_48h
facebook,synthetic_facebook_01,synthetic_facebook_01_post_0484,2026-08-01T04:00:00-04:00,76,6,2026-08-03T04:00:00-04:00,synthetic,synthetic_fixed_48h
facebook,synthetic_facebook_02,synthetic_facebook_02_post_0480,2026-08-01T10:00:00-04:00,29,5,2026-08-03T10:00:00-04:00,synthetic,synthetic_fixed_48h
instagram,synthetic_instagram_03,synthetic_instagram_03_post_0479,2026-08-01T10:00:00-04:00,26,5,2026-08-03T10:00:00-04:00,synthetic,synthetic_fixed_48h
instagram,synthetic_instagram_01,synthetic_instagram_01_post_0483,2026-08-01T12:00:00-04:00,54,2,2026-08-03T12:00:00-04:00,synthetic,synthetic_fixed_48h
facebook,synthetic_facebook_02,synthetic_facebook_02_post_0481,2026-08-01T21:00:00-04:00,23,3,2026-08-03T21:00:00-04:00,synthetic,synthetic_fixed_48h
instagram,synthetic_instagram_03,synthetic_instagram_03_post_0480,2026-08-01T22:00:00-04:00,78,6,2026-08-03T22:00:00-04:00,synthetic,synthetic_fixed_48h
facebook,synthetic_facebook_02,synthetic_facebook_02_post_0482,2026-08-01T23:00:00-04:00,19,1,2026-08-03T23:00:00-04:00,synthetic,synthetic_fixed_48h
instagram,synthetic_instagram_02,synthetic_instagram_02_post_0473,2026-08-01T23:00:00-04:00,45,4,2026-08-03T23:00:00-04:00,synthetic,synthetic_fixed_48h
instagram,synthetic_instagram_02,synthetic_instagram_02_post_0474,2026-08-02T00:00:00-04:00,40,0,2026-08-04T00:00:00-04:00,synthetic,synthetic_fixed_48h
instagram,synthetic_instagram_02,synthetic_instagram_02_post_0475,2026-08-02T01:00:00-04:00,34,5,2026-08-04T01:00:00-04:00,synthetic,synthetic_fixed_48h
instagram,synthetic_instagram_02,synthetic_instagram_02_post_0476,2026-08-02T04:00:00-04:00,27,3,2026-08-04T04:00:00-04:00,synthetic,synthetic_fixed_48h
instagram,synthetic_instagram_01,synthetic_instagram_01_post_0484,2026-08-02T10:00:00-04:00,54,3,2026-08-04T10:00:00-04:00,synthetic,synthetic_fixed_48h
facebook,synthetic_facebook_03,synthetic_facebook_03_post_0480,2026-08-02T11:00:00-04:00,41,2,2026-08-04T11:00:00-04:00,synthetic,synthetic_fixed_48h
facebook,synthetic_facebook_03,synthetic_facebook_03_post_0481,2026-08-02T20:00:00-04:00,57,4,2026-08-04T20:00:00-04:00,synthetic,synthetic_fixed_48h
instagram,synthetic_instagram_01,synthetic_instagram_01_post_0485,2026-08-03T04:00:00-04:00,27,6,2026-08-05T04:00:00-04:00,synthetic,synthetic_fixed_48h
instagram,synthetic_instagram_01,synthetic_instagram_01_post_0486,2026-08-03T11:00:00-04:00,35,3,2026-08-05T11:00:00-04:00,synthetic,synthetic_fixed_48h
instagram,synthetic_instagram_02,synthetic_instagram_02_post_0477,2026-08-03T11:00:00-04:00,34,4,2026-08-05T11:00:00-04:00,synthetic,synthetic_fixed_48h
facebook,synthetic_facebook_02,synthetic_facebook_02_post_0483,2026-08-03T12:00:00-04:00,39,3,2026-08-05T12:00:00-04:00,synthetic,synthetic_fixed_48h
instagram,synthetic_instagram_01,synthetic_instagram_01_post_0487,2026-08-03T15:00:00-04:00,37,7,2026-08-05T15:00:00-04:00,synthetic,synthetic_fixed_48h
instagram,synthetic_instagram_03,synthetic_instagram_03_post_0481,2026-08-03T20:00:00-04:00,103,11,2026-08-05T20:00:00-04:00,synthetic,synthetic_fixed_48h
facebook,synthetic_facebook_03,synthetic_facebook_03_post_0482,2026-08-03T23:00:00-04:00,82,10,2026-08-05T23:00:00-04:00,synthetic,synthetic_fixed_48h
instagram,synthetic_instagram_02,synthetic_instagram_02_post_0478,2026-08-03T23:00:00-04:00,29,0,2026-08-05T23:00:00-04:00,synthetic,synthetic_fixed_48h
instagram,synthetic_instagram_02,synthetic_instagram_02_post_0479,2026-08-04T08:00:00-04:00,41,4,2026-08-06T08:00:00-04:00,synthetic,synthetic_fixed_48h
instagram,synthetic_instagram_03,synthetic_instagram_03_post_0482,2026-08-04T09:00:00-04:00,32,1,2026-08-06T09:00:00-04:00,synthetic,synthetic_fixed_48h
facebook,synthetic_facebook_02,synthetic_facebook_02_post_0484,2026-08-04T12:00:00-04:00,83,7,2026-08-06T12:00:00-04:00,synthetic,synthetic_fixed_48h
instagram,synthetic_instagram_03,synthetic_instagram_03_post_0483,2026-08-04T12:00:00-04:00,27,3,2026-08-06T12:00:00-04:00,synthetic,synthetic_fixed_48h
facebook,synthetic_facebook_02,synthetic_facebook_02_post_0485,2026-08-04T15:00:00-04:00,78,3,2026-08-06T15:00:00-04:00,synthetic,synthetic_fixed_48h
instagram,synthetic_instagram_03,synthetic_instagram_03_post_0484,2026-08-04T19:00:00-04:00,105,11,2026-08-06T19:00:00-04:00,synthetic,synthetic_fixed_48h
facebook,synthetic_facebook_02,synthetic_facebook_02_post_0486,2026-08-04T20:00:00-04:00,36,2,2026-08-06T20:00:00-04:00,synthetic,synthetic_fixed_48h
facebook,synthetic_facebook_03,synthetic_facebook_03_post_0483,2026-08-04T20:00:00-04:00,166,12,2026-08-06T20:00:00-04:00,synthetic,synthetic_fixed_48h
instagram,synthetic_instagram_02,synthetic_instagram_02_post_0480,2026-08-05T01:00:00-04:00,53,9,2026-08-07T01:00:00-04:00,synthetic,synthetic_fixed_48h
instagram,synthetic_instagram_01,synthetic_instagram_01_post_0488,2026-08-05T12:00:00-04:00,107,4,2026-08-07T12:00:00-04:00,synthetic,synthetic_fixed_48h
facebook,synthetic_facebook_03,synthetic_facebook_03_post_0484,2026-08-05T13:00:00-04:00,64,5,2026-08-07T13:00:00-04:00,synthetic,synthetic_fixed_48h
instagram,synthetic_instagram_01,synthetic_instagram_01_post_0489,2026-08-05T15:00:00-04:00,96,9,2026-08-07T15:00:00-04:00,synthetic,synthetic_fixed_48h
instagram,synthetic_instagram_02,synthetic_instagram_02_post_0481,2026-08-05T18:00:00-04:00,86,7,2026-08-07T18:00:00-04:00,synthetic,synthetic_fixed_48h
facebook,synthetic_facebook_02,synthetic_facebook_02_post_0487,2026-08-05T20:00:00-04:00,34,2,2026-08-07T20:00:00-04:00,synthetic,synthetic_fixed_48h
instagram,synthetic_instagram_01,synthetic_instagram_01_post_0490,2026-08-06T03:00:00-04:00,17,2,2026-08-08T03:00:00-04:00,synthetic,synthetic_fixed_48h
facebook,synthetic_facebook_02,synthetic_facebook_02_post_0488,2026-08-06T09:00:00-04:00,44,2,2026-08-08T09:00:00-04:00,synthetic,synthetic_fixed_48h
instagram,synthetic_instagram_01,synthetic_instagram_01_post_0491,2026-08-06T10:00:00-04:00,84,4,2026-08-08T10:00:00-04:00,synthetic,synthetic_fixed_48h
facebook,synthetic_facebook_02,synthetic_facebook_02_post_0489,2026-08-06T21:00:00-04:00,66,2,2026-08-08T21:00:00-04:00,synthetic,synthetic_fixed_48h
facebook,synthetic_facebook_03,synthetic_facebook_03_post_0485,2026-08-06T23:00:00-04:00,80,5,2026-08-08T23:00:00-04:00,synthetic,synthetic_fixed_48h
instagram,synthetic_instagram_01,synthetic_instagram_01_post_0492,2026-08-07T01:00:00-04:00,16,4,2026-08-09T01:00:00-04:00,synthetic,synthetic_fixed_48h
facebook,synthetic_facebook_02,synthetic_facebook_02_post_0490,2026-08-07T02:00:00-04:00,18,0,2026-08-09T02:00:00-04:00,synthetic,synthetic_fixed_48h
instagram,synthetic_instagram_03,synthetic_instagram_03_post_0485,2026-08-07T02:00:00-04:00,71,7,2026-08-09T02:00:00-04:00,synthetic,synthetic_fixed_48h
instagram,synthetic_instagram_02,synthetic_instagram_02_post_0482,2026-08-07T04:00:00-04:00,34,4,2026-08-09T04:00:00-04:00,synthetic,synthetic_fixed_48h
instagram,synthetic_instagram_03,synthetic_instagram_03_post_0486,2026-08-07T13:00:00-04:00,23,1,2026-08-09T13:00:00-04:00,synthetic,synthetic_fixed_48h
facebook,synthetic_facebook_01,synthetic_facebook_01_post_0485,2026-08-08T03:00:00-04:00,46,5,2026-08-10T03:00:00-04:00,synthetic,synthetic_fixed_48h
instagram,synthetic_instagram_01,synthetic_instagram_01_post_0493,2026-08-08T05:00:00-04:00,38,4,2026-08-10T05:00:00-04:00,synthetic,synthetic_fixed_48h
facebook,synthetic_facebook_01,synthetic_facebook_01_post_0486,2026-08-08T07:00:00-04:00,86,8,2026-08-10T07:00:00-04:00,synthetic,synthetic_fixed_48h
facebook,synthetic_facebook_03,synthetic_facebook_03_post_0486,2026-08-08T13:00:00-04:00,105,8,2026-08-10T13:00:00-04:00,synthetic,synthetic_fixed_48h
facebook,synthetic_facebook_03,synthetic_facebook_03_post_0487,2026-08-08T20:00:00-04:00,141,9,2026-08-10T20:00:00-04:00,synthetic,synthetic_fixed_48h
facebook,synthetic_facebook_01,synthetic_facebook_01_post_0487,2026-08-09T01:00:00-04:00,23,1,2026-08-11T01:00:00-04:00,synthetic,synthetic_fixed_48h
instagram,synthetic_instagram_03,synthetic_instagram_03_post_0487,2026-08-09T03:00:00-04:00,43,5,2026-08-11T03:00:00-04:00,synthetic,synthetic_fixed_48h
facebook,synthetic_facebook_03,synthetic_facebook_03_post_0488,2026-08-09T08:00:00-04:00,25,4,2026-08-11T08:00:00-04:00,synthetic,synthetic_fixed_48h
instagram,synthetic_instagram_01,synthetic_instagram_01_post_0494,2026-08-09T09:00:00-04:00,31,5,2026-08-11T09:00:00-04:00,synthetic,synthetic_fixed_48h
instagram,synthetic_instagram_01,synthetic_instagram_01_post_0495,2026-08-09T11:00:00-04:00,34,0,2026-08-11T11:00:00-04:00,synthetic,synthetic_fixed_48h
instagram,synthetic_instagram_02,synthetic_instagram_02_post_0483,2026-08-09T12:00:00-04:00,48,5,2026-08-11T12:00:00-04:00,synthetic,synthetic_fixed_48h
facebook,synthetic_facebook_02,synthetic_facebook_02_post_0491,2026-08-09T20:00:00-04:00,30,2,2026-08-11T20:00:00-04:00,synthetic,synthetic_fixed_48h
facebook,synthetic_facebook_01,synthetic_facebook_01_post_0488,2026-08-10T06:00:00-04:00,94,4,2026-08-12T06:00:00-04:00,synthetic,synthetic_fixed_48h
facebook,synthetic_facebook_03,synthetic_facebook_03_post_0489,2026-08-10T09:00:00-04:00,44,7,2026-08-12T09:00:00-04:00,synthetic,synthetic_fixed_48h
instagram,synthetic_instagram_02,synthetic_instagram_02_post_0484,2026-08-10T14:00:00-04:00,63,6,2026-08-12T14:00:00-04:00,synthetic,synthetic_fixed_48h
facebook,synthetic_facebook_03,synthetic_facebook_03_post_0490,2026-08-10T15:00:00-04:00,55,0,2026-08-12T15:00:00-04:00,synthetic,synthetic_fixed_48h
instagram,synthetic_instagram_03,synthetic_instagram_03_post_0488,2026-08-10T23:00:00-04:00,101,9,2026-08-12T23:00:00-04:00,synthetic,synthetic_fixed_48h
facebook,synthetic_facebook_03,synthetic_facebook_03_post_0491,2026-08-11T01:00:00-04:00,57,2,2026-08-13T01:00:00-04:00,synthetic,synthetic_fixed_48h
facebook,synthetic_facebook_02,synthetic_facebook_02_post_0492,2026-08-11T02:00:00-04:00,24,0,2026-08-13T02:00:00-04:00,synthetic,synthetic_fixed_48h
instagram,synthetic_instagram_02,synthetic_instagram_02_post_0485,2026-08-11T08:00:00-04:00,53,4,2026-08-13T08:00:00-04:00,synthetic,synthetic_fixed_48h
facebook,synthetic_facebook_02,synthetic_facebook_02_post_0493,2026-08-11T10:00:00-04:00,71,6,2026-08-13T10:00:00-04:00,synthetic,synthetic_fixed_48h
facebook,synthetic_facebook_03,synthetic_facebook_03_post_0492,2026-08-11T10:00:00-04:00,47,4,2026-08-13T10:00:00-04:00,synthetic,synthetic_fixed_48h
instagram,synthetic_instagram_02,synthetic_instagram_02_post_0486,2026-08-11T11:00:00-04:00,45,5,2026-08-13T11:00:00-04:00,synthetic,synthetic_fixed_48h
facebook,synthetic_facebook_01,synthetic_facebook_01_post_0489,2026-08-11T12:00:00-04:00,66,4,2026-08-13T12:00:00-04:00,synthetic,synthetic_fixed_48h
instagram,synthetic_instagram_03,synthetic_instagram_03_post_0489,2026-08-11T15:00:00-04:00,47,6,2026-08-13T15:00:00-04:00,synthetic,synthetic_fixed_48h
instagram,synthetic_instagram_01,synthetic_instagram_01_post_0496,2026-08-12T01:00:00-04:00,33,4,2026-08-14T01:00:00-04:00,synthetic,synthetic_fixed_48h
facebook,synthetic_facebook_03,synthetic_facebook_03_post_0493,2026-08-12T04:00:00-04:00,56,5,2026-08-14T04:00:00-04:00,synthetic,synthetic_fixed_48h
instagram,synthetic_instagram_02,synthetic_instagram_02_post_0487,2026-08-12T21:00:00-04:00,66,2,2026-08-14T21:00:00-04:00,synthetic,synthetic_fixed_48h
instagram,synthetic_instagram_03,synthetic_instagram_03_post_0490,2026-08-13T08:00:00-04:00,32,8,2026-08-15T08:00:00-04:00,synthetic,synthetic_fixed_48h
facebook,synthetic_facebook_01,synthetic_facebook_01_post_0490,2026-08-13T20:00:00-04:00,19,3,2026-08-15T20:00:00-04:00,synthetic,synthetic_fixed_48h
facebook,synthetic_facebook_01,synthetic_facebook_01_post_0491,2026-08-14T02:00:00-04:00,59,4,2026-08-16T02:00:00-04:00,synthetic,synthetic_fixed_48h
facebook,synthetic_facebook_01,synthetic_facebook_01_post_0492,2026-08-14T06:00:00-04:00,83,8,2026-08-16T06:00:00-04:00,synthetic,synthetic_fixed_48h
instagram,synthetic_instagram_03,synthetic_instagram_03_post_0491,2026-08-14T12:00:00-04:00,34,7,2026-08-16T12:00:00-04:00,synthetic,synthetic_fixed_48h
facebook,synthetic_facebook_03,synthetic_facebook_03_post_0494,2026-08-14T19:00:00-04:00,218,10,2026-08-16T19:00:00-04:00,synthetic,synthetic_fixed_48h
facebook,synthetic_facebook_02,synthetic_facebook_02_post_0494,2026-08-15T00:00:00-04:00,22,4,2026-08-17T00:00:00-04:00,synthetic,synthetic_fixed_48h
facebook,synthetic_facebook_01,synthetic_facebook_01_post_0493,2026-08-15T06:00:00-04:00,43,0,2026-08-17T06:00:00-04:00,synthetic,synthetic_fixed_48h
facebook,synthetic_facebook_03,synthetic_facebook_03_post_0495,2026-08-15T07:00:00-04:00,38,0,2026-08-17T07:00:00-04:00,synthetic,synthetic_fixed_48h
instagram,synthetic_instagram_02,synthetic_instagram_02_post_0488,2026-08-15T12:00:00-04:00,50,2,2026-08-17T12:00:00-04:00,synthetic,synthetic_fixed_48h
instagram,synthetic_instagram_02,synthetic_instagram_02_post_0489,2026-08-15T15:00:00-04:00,84,6,2026-08-17T15:00:00-04:00,synthetic,synthetic_fixed_48h
instagram,synthetic_instagram_03,synthetic_instagram_03_post_0492,2026-08-15T15:00:00-04:00,50,4,2026-08-17T15:00:00-04:00,synthetic,synthetic_fixed_48h
instagram,synthetic_instagram_01,synthetic_instagram_01_post_0497,2026-08-15T20:00:00-04:00,12,2,2026-08-17T20:00:00-04:00,synthetic,synthetic_fixed_48h
instagram,synthetic_instagram_01,synthetic_instagram_01_post_0498,2026-08-15T21:00:00-04:00,17,0,2026-08-17T21:00:00-04:00,synthetic,synthetic_fixed_48h
facebook,synthetic_facebook_01,synthetic_facebook_01_post_0494,2026-08-15T22:00:00-04:00,34,3,2026-08-17T22:00:00-04:00,synthetic,synthetic_fixed_48h
instagram,synthetic_instagram_02,synthetic_instagram_02_post_0490,2026-08-16T05:00:00-04:00,20,0,2026-08-18T05:00:00-04:00,synthetic,synthetic_fixed_48h
facebook,synthetic_facebook_02,synthetic_facebook_02_post_0495,2026-08-16T14:00:00-04:00,56,7,2026-08-18T14:00:00-04:00,synthetic,synthetic_fixed_48h
instagram,synthetic_instagram_01,synthetic_instagram_01_post_0499,2026-08-16T17:00:00-04:00,53,4,2026-08-18T17:00:00-04:00,synthetic,synthetic_fixed_48h
instagram,synthetic_instagram_02,synthetic_instagram_02_post_0491,2026-08-16T17:00:00-04:00,61,5,2026-08-18T17:00:00-04:00,synthetic,synthetic_fixed_48h
facebook,synthetic_facebook_03,synthetic_facebook_03_post_0496,2026-08-17T15:00:00-04:00,71,4,2026-08-19T15:00:00-04:00,synthetic,synthetic_fixed_48h
facebook,synthetic_facebook_03,synthetic_facebook_03_post_0497,2026-08-17T16:00:00-04:00,131,9,2026-08-19T16:00:00-04:00,synthetic,synthetic_fixed_48h
facebook,synthetic_facebook_01,synthetic_facebook_01_post_0495,2026-08-17T22:00:00-04:00,41,1,2026-08-19T22:00:00-04:00,synthetic,synthetic_fixed_48h
facebook,synthetic_facebook_01,synthetic_facebook_01_post_0496,2026-08-18T02:00:00-04:00,32,0,2026-08-20T02:00:00-04:00,synthetic,synthetic_fixed_48h
facebook,synthetic_facebook_03,synthetic_facebook_03_post_0498,2026-08-18T03:00:00-04:00,35,2,2026-08-20T03:00:00-04:00,synthetic,synthetic_fixed_48h
instagram,synthetic_instagram_03,synthetic_instagram_03_post_0493,2026-08-18T10:00:00-04:00,39,2,2026-08-20T10:00:00-04:00,synthetic,synthetic_fixed_48h
instagram,synthetic_instagram_02,synthetic_instagram_02_post_0492,2026-08-18T11:00:00-04:00,59,4,2026-08-20T11:00:00-04:00,synthetic,synthetic_fixed_48h
instagram,synthetic_instagram_02,synthetic_instagram_02_post_0493,2026-08-18T12:00:00-04:00,53,6,2026-08-20T12:00:00-04:00,synthetic,synthetic_fixed_48h
facebook,synthetic_facebook_01,synthetic_facebook_01_post_0497,2026-08-18T16:00:00-04:00,36,1,2026-08-20T16:00:00-04:00,synthetic,synthetic_fixed_48h
instagram,synthetic_instagram_01,synthetic_instagram_01_post_0500,2026-08-18T22:00:00-04:00,19,0,2026-08-20T22:00:00-04:00,synthetic,synthetic_fixed_48h
facebook,synthetic_facebook_01,synthetic_facebook_01_post_0498,2026-08-18T23:00:00-04:00,40,3,2026-08-20T23:00:00-04:00,synthetic,synthetic_fixed_48h
instagram,synthetic_instagram_03,synthetic_instagram_03_post_0494,2026-08-19T03:00:00-04:00,66,6,2026-08-21T03:00:00-04:00,synthetic,synthetic_fixed_48h
facebook,synthetic_facebook_02,synthetic_facebook_02_post_0496,2026-08-19T10:00:00-04:00,101,6,2026-08-21T10:00:00-04:00,synthetic,synthetic_fixed_48h
instagram,synthetic_instagram_03,synthetic_instagram_03_post_0495,2026-08-19T19:00:00-04:00,54,6,2026-08-21T19:00:00-04:00,synthetic,synthetic_fixed_48h
facebook,synthetic_facebook_02,synthetic_facebook_02_post_0497,2026-08-19T21:00:00-04:00,85,6,2026-08-21T21:00:00-04:00,synthetic,synthetic_fixed_48h
instagram,synthetic_instagram_02,synthetic_instagram_02_post_0494,2026-08-19T22:00:00-04:00,66,5,2026-08-21T22:00:00-04:00,synthetic,synthetic_fixed_48h
instagram,synthetic_instagram_03,synthetic_instagram_03_post_0496,2026-08-20T00:00:00-04:00,119,11,2026-08-22T00:00:00-04:00,synthetic,synthetic_fixed_48h
instagram,synthetic_instagram_02,synthetic_instagram_02_post_0495,2026-08-20T06:00:00-04:00,34,0,2026-08-22T06:00:00-04:00,synthetic,synthetic_fixed_48h
instagram,synthetic_instagram_02,synthetic_instagram_02_post_0496,2026-08-20T09:00:00-04:00,42,3,2026-08-22T09:00:00-04:00,synthetic,synthetic_fixed_48h
facebook,synthetic_facebook_01,synthetic_facebook_01_post_0499,2026-08-20T10:00:00-04:00,127,8,2026-08-22T10:00:00-04:00,synthetic,synthetic_fixed_48h
facebook,synthetic_facebook_03,synthetic_facebook_03_post_0499,2026-08-21T09:00:00-04:00,63,4,2026-08-23T09:00:00-04:00,synthetic,synthetic_fixed_48h
facebook,synthetic_facebook_02,synthetic_facebook_02_post_0498,2026-08-21T11:00:00-04:00,94,3,2026-08-23T11:00:00-04:00,synthetic,synthetic_fixed_48h
facebook,synthetic_facebook_03,synthetic_facebook_03_post_0500,2026-08-21T17:00:00-04:00,155,9,2026-08-23T17:00:00-04:00,synthetic,synthetic_fixed_48h
instagram,synthetic_instagram_02,synthetic_instagram_02_post_0497,2026-08-21T23:00:00-04:00,51,7,2026-08-23T23:00:00-04:00,synthetic,synthetic_fixed_48h
facebook,synthetic_facebook_02,synthetic_facebook_02_post_0499,2026-08-22T00:00:00-04:00,24,0,2026-08-24T00:00:00-04:00,synthetic,synthetic_fixed_48h
instagram,synthetic_instagram_02,synthetic_instagram_02_post_0498,2026-08-22T01:00:00-04:00,34,1,2026-08-24T01:00:00-04:00,synthetic,synthetic_fixed_48h
facebook,synthetic_facebook_02,synthetic_facebook_02_post_0500,2026-08-22T06:00:00-04:00,42,2,2026-08-24T06:00:00-04:00,synthetic,synthetic_fixed_48h
facebook,synthetic_facebook_01,synthetic_facebook_01_post_0500,2026-08-23T06:00:00-04:00,73,7,2026-08-25T06:00:00-04:00,synthetic,synthetic_fixed_48h
instagram,synthetic_instagram_02,synthetic_instagram_02_post_0499,2026-08-23T10:00:00-04:00,33,2,2026-08-25T10:00:00-04:00,synthetic,synthetic_fixed_48h
instagram,synthetic_instagram_02,synthetic_instagram_02_post_0500,2026-08-23T15:00:00-04:00,62,5,2026-08-25T15:00:00-04:00,synthetic,synthetic_fixed_48h
instagram,synthetic_instagram_03,synthetic_instagram_03_post_0497,2026-08-23T18:00:00-04:00,112,11,2026-08-25T18:00:00-04:00,synthetic,synthetic_fixed_48h
instagram,synthetic_instagram_03,synthetic_instagram_03_post_0498,2026-08-23T19:00:00-04:00,126,11,2026-08-25T19:00:00-04:00,synthetic,synthetic_fixed_48h
instagram,synthetic_instagram_03,synthetic_instagram_03_post_0499,2026-08-23T22:00:00-04:00,206,21,2026-08-25T22:00:00-04:00,synthetic,synthetic_fixed_48h
instagram,synthetic_instagram_03,synthetic_instagram_03_post_0500,2026-08-23T23:00:00-04:00,109,8,2026-08-25T23:00:00-04:00,synthetic,synthetic_fixed_48h
