platform,account_id,post_id,published_at,likes,comments,metrics_observed_at,source,measurement_protocol
facebook,legacy_facebook_unknown,legacy_row_000001,2025-01-01T11:00:00-04:00,35,4,,synthetic,unknown
facebook,legacy_facebook_unknown,legacy_row_000002,2025-01-01T12:00:00-04:00,52,7,,synthetic,unknown
facebook,legacy_facebook_unknown,legacy_row_000003,2025-01-01T14:00:00-04:00,73,18,,synthetic,unknown
facebook,legacy_facebook_unknown,legacy_row_000004,2025-01-01T15:00:00-04:00,99,12,,synthetic,unknown
facebook,legacy_facebook_unknown,legacy_row_000005,2025-01-01T18:00:00-04:00,58,20,,synthetic,unknown
facebook,legacy_facebook_unknown,legacy_row_000006,2025-01-01T19:00:00-04:00,50,15,,synthetic,unknown
facebook,legacy_facebook_unknown,legacy_row_000007,2025-01-01T20:00:00-04:00,71,9,,synthetic,unknown
facebook,legacy_facebook_unknown,legacy_row_000008,2025-01-02T13:00:00-04:00,69,13,,synthetic,unknown
facebook,legacy_facebook_unknown,legacy_row_000009,2025-01-02T14:00:00-04:00,36,8,,synthetic,unknown
facebook,legacy_facebook_unknown,legacy_row_000010,2025-01-02T16:00:00-04:00,41,3,,synthetic,unknown
facebook,legacy_facebook_unknown,legacy_row_000011,2025-01-02T20:00:00-04:00,81,9,,synthetic,unknown
facebook,legacy_facebook_unknown,legacy_row_000012,2025-01-03T11:00:00-04:00,34,8,,synthetic,unknown
facebook,legacy_facebook_unknown,legacy_row_000013,2025-01-05T10:00:00-04:00,15,3,,synthetic,unknown
facebook,legacy_facebook_unknown,legacy_row_000014,2025-01-06T10:00:00-04:00,37,4,,synthetic,unknown
facebook,legacy_facebook_unknown,legacy_row_000015,2025-01-06T12:00:00-04:00,41,7,,synthetic,unknown
facebook,legacy_facebook_unknown,legacy_row_000016,2025-01-06T12:00:00-04:00,52,12,,synthetic,unknown
facebook,legacy_facebook_unknown,legacy_row_000017,2025-01-06T13:00:00-04:00,93,9,,synthetic,unknown
facebook,legacy_facebook_unknown,legacy_row_000018,2025-01-07T11:00:00-04:00,15,6,,synthetic,unknown
facebook,legacy_facebook_unknown,legacy_row_000019,2025-01-07T13:00:00-04:00,91,17,,synthetic,unknown
facebook,legacy_facebook_unknown,legacy_row_000020,2025-01-07T14:00:00-04:00,55,13,,synthetic,unknown
facebook,legacy_facebook_unknown,legacy_row_000021,2025-01-07T15:00:00-04:00,66,16,,synthetic,unknown
facebook,legacy_facebook_unknown,legacy_row_000022,2025-01-07T21:00:00-04:00,39,6,,synthetic,unknown
facebook,legacy_facebook_unknown,legacy_row_000023,2025-01-08T07:00:00-04:00,17,1,,synthetic,unknown
facebook,legacy_facebook_unknown,legacy_row_000024,2025-01-08T10:00:00-04:00,42,6,,synthetic,unknown
facebook,legacy_facebook_unknown,legacy_row_000025,2025-01-08T12:00:00-04:00,50,9,,synthetic,unknown
facebook,legacy_facebook_unknown,legacy_row_000026,2025-01-08T13:00:00-04:00,76,8,,synthetic,unknown
facebook,legacy_facebook_unknown,legacy_row_000027,2025-01-09T12:00:00-04:00,39,10,,synthetic,unknown
facebook,legacy_facebook_unknown,legacy_row_000028,2025-01-09T13:00:00-04:00,55,15,,synthetic,unknown
facebook,legacy_facebook_unknown,legacy_row_000029,2025-01-09T13:00:00-04:00,62,11,,synthetic,unknown
facebook,legacy_facebook_unknown,legacy_row_000030,2025-01-09T20:00:00-04:00,45,8,,synthetic,unknown
facebook,legacy_facebook_unknown,legacy_row_000031,2025-01-10T11:00:00-04:00,38,6,,synthetic,unknown
facebook,legacy_facebook_unknown,legacy_row_000032,2025-01-10T12:00:00-04:00,41,7,,synthetic,unknown
facebook,legacy_facebook_unknown,legacy_row_000033,2025-01-10T14:00:00-04:00,19,6,,synthetic,unknown
facebook,legacy_facebook_unknown,legacy_row_000034,2025-01-13T06:00:00-04:00,8,2,,synthetic,unknown
facebook,legacy_facebook_unknown,legacy_row_000035,2025-01-14T15:00:00-04:00,53,21,,synthetic,unknown
facebook,legacy_facebook_unknown,legacy_row_000036,2025-01-14T19:00:00-04:00,65,19,,synthetic,unknown
facebook,legacy_facebook_unknown,legacy_row_000037,2025-01-15T13:00:00-04:00,69,10,,synthetic,unknown
facebook,legacy_facebook_unknown,legacy_row_000038,2025-01-15T16:00:00-04:00,44,19,,synthetic,unknown
facebook,legacy_facebook_unknown,legacy_row_000039,2025-01-15T17:00:00-04:00,74,20,,synthetic,unknown
facebook,legacy_facebook_unknown,legacy_row_000040,2025-01-15T18:00:00-04:00,97,10,,synthetic,unknown
facebook,legacy_facebook_unknown,legacy_row_000041,2025-01-16T12:00:00-04:00,57,20,,synthetic,unknown
facebook,legacy_facebook_unknown,legacy_row_000042,2025-01-16T14:00:00-04:00,63,14,,synthetic,unknown
facebook,legacy_facebook_unknown,legacy_row_000043,2025-01-16T20:00:00-04:00,59,9,,synthetic,unknown
facebook,legacy_facebook_unknown,legacy_row_000044,2025-01-17T12:00:00-04:00,71,15,,synthetic,unknown
facebook,legacy_facebook_unknown,legacy_row_000045,2025-01-17T12:00:00-04:00,44,15,,synthetic,unknown
facebook,legacy_facebook_unknown,legacy_row_000046,2025-01-17T14:00:00-04:00,55,5,,synthetic,unknown
facebook,legacy_facebook_unknown,legacy_row_000047,2025-01-20T12:00:00-04:00,45,12,,synthetic,unknown
facebook,legacy_facebook_unknown,legacy_row_000048,2025-01-20T22:00:00-04:00,9,1,,synthetic,unknown
facebook,legacy_facebook_unknown,legacy_row_000049,2025-01-21T10:00:00-04:00,19,6,,synthetic,unknown
facebook,legacy_facebook_unknown,legacy_row_000050,2025-01-21T12:00:00-04:00,90,18,,synthetic,unknown
facebook,legacy_facebook_unknown,legacy_row_000051,2025-01-21T13:00:00-04:00,44,11,,synthetic,unknown
facebook,legacy_facebook_unknown,legacy_row_000052,2025-01-21T20:00:00-04:00,89,17,,synthetic,unknown
facebook,legacy_facebook_unknown,legacy_row_000053,2025-01-22T07:00:00-04:00,11,1,,synthetic,unknown
facebook,legacy_facebook_unknown,legacy_row_000054,2025-01-23T12:00:00-04:00,60,8,,synthetic,unknown
facebook,legacy_facebook_unknown,legacy_row_000055,2025-01-23T14:00:00-04:00,81,18,,synthetic,unknown
facebook,legacy_facebook_unknown,legacy_row_000056,2025-01-23T20:00:00-04:00,83,16,,synthetic,unknown
facebook,legacy_facebook_unknown,legacy_row_000057,2025-01-23T20:00:00-04:00,87,14,,synthetic,unknown
facebook,legacy_facebook_unknown,legacy_row_000058,2025-01-24T12:00:00-04:00,66,12,,synthetic,unknown
facebook,legacy_facebook_unknown,legacy_row_000059,2025-01-27T07:00:00-04:00,17,1,,synthetic,unknown
facebook,legacy_facebook_unknown,legacy_row_000060,2025-01-27T13:00:00-04:00,73,11,,synthetic,unknown
facebook,legacy_facebook_unknown,legacy_row_000061,2025-01-27T13:00:00-04:00,86,13,,synthetic,unknown
facebook,legacy_facebook_unknown,legacy_row_000062,2025-01-27T15:00:00-04:00,24,2,,synthetic,unknown
facebook,legacy_facebook_unknown,legacy_row_000063,2025-01-28T10:00:00-04:00,14,3,,synthetic,unknown
facebook,legacy_facebook_unknown,legacy_row_000064,2025-01-28T16:00:00-04:00,51,18,,synthetic,unknown
facebook,legacy_facebook_unknown,legacy_row_000065,2025-01-28T16:00:00-04:00,51,16,,synthetic,unknown
facebook,legacy_facebook_unknown,legacy_row_000066,2025-01-28T17:00:00-04:00,102,14,,synthetic,unknown
facebook,legacy_facebook_unknown,legacy_row_000067,2025-01-28T18:00:00-04:00,41,12,,synthetic,unknown
facebook,legacy_facebook_unknown,legacy_row_000068,2025-01-29T12:00:00-04:00,42,11,,synthetic,unknown
facebook,legacy_facebook_unknown,legacy_row_000069,2025-01-29T12:00:00-04:00,72,15,,synthetic,unknown
facebook,legacy_facebook_unknown,legacy_row_000070,2025-01-29T14:00:00-04:00,54,7,,synthetic,unknown
facebook,legacy_facebook_unknown,legacy_row_000071,2025-01-29T15:00:00-04:00,52,14,,synthetic,unknown
facebook,legacy_facebook_unknown,legacy_row_000072,2025-01-29T16:00:00-04:00,75,7,,synthetic,unknown
facebook,legacy_facebook_unknown,legacy_row_000073,2025-01-29T16:00:00-04:00,78,10,,synthetic,unknown
facebook,legacy_facebook_unknown,legacy_row_000074,2025-01-29T17:00:00-04:00,43,15,,synthetic,unknown
facebook,legacy_facebook_unknown,legacy_row_000075,2025-01-29T20:00:00-04:00,57,17,,synthetic,unknown
facebook,legacy_facebook_unknown,legacy_row_000076,2025-01-29T21:00:00-04:00,28,2,,synthetic,unknown
facebook,legacy_facebook_unknown,legacy_row_000077,2025-01-29T22:00:00-04:00,13,2,,synthetic,unknown
facebook,legacy_facebook_unknown,legacy_row_000078,2025-01-30T12:00:00-04:00,58,15,,synthetic,unknown
facebook,legacy_facebook_unknown,legacy_row_000079,2025-01-30T13:00:00-04:00,47,13,,synthetic,unknown
facebook,legacy_facebook_unknown,legacy_row_000080,2025-01-30T14:00:00-04:00,59,8,,synthetic,unknown
facebook,legacy_facebook_unknown,legacy_row_000081,2025-01-30T17:00:00-04:00,12,1,,synthetic,unknown
facebook,legacy_facebook_unknown,legacy_row_000082,2025-02-03T12:00:00-04:00,63,10,,synthetic,unknown
facebook,legacy_facebook_unknown,legacy_row_000083,2025-02-03T12:00:00-04:00,72,15,,synthetic,unknown
facebook,legacy_facebook_unknown,legacy_row_000084,2025-02-03T13:00:00-04:00,83,21,,synthetic,unknown
facebook,legacy_facebook_unknown,legacy_row_000085,2025-02-04T10:00:00-04:00,42,3,,synthetic,unknown
facebook,legacy_facebook_unknown,legacy_row_000086,2025-02-04T11:00:00-04:00,21,4,,synthetic,unknown
facebook,legacy_facebook_unknown,legacy_row_000087,2025-02-04T12:00:00-04:00,81,25,,synthetic,unknown
facebook,legacy_facebook_unknown,legacy_row_000088,2025-02-04T12:00:00-04:00,40,7,,synthetic,unknown
facebook,legacy_facebook_unknown,legacy_row_000089,2025-02-04T13:00:00-04:00,81,19,,synthetic,unknown
facebook,legacy_facebook_unknown,legacy_row_000090,2025-02-04T14:00:00-04:00,63,11,,synthetic,unknown
facebook,legacy_facebook_unknown,legacy_row_000091,2025-02-04T17:00:00-04:00,67,11,,synthetic,unknown
facebook,legacy_facebook_unknown,legacy_row_000092,2025-02-04T18:00:00-04:00,55,18,,synthetic,unknown
facebook,legacy_facebook_unknown,legacy_row_000093,2025-02-04T20:00:00-04:00,85,21,,synthetic,unknown
facebook,legacy_facebook_unknown,legacy_row_000094,2025-02-04T20:00:00-04:00,56,20,,synthetic,unknown
facebook,legacy_facebook_unknown,legacy_row_000095,2025-02-05T10:00:00-04:00,18,2,,synthetic,unknown
facebook,legacy_facebook_unknown,legacy_row_000096,2025-02-05T18:00:00-04:00,77,21,,synthetic,unknown
facebook,legacy_facebook_unknown,legacy_row_000097,2025-02-05T20:00:00-04:00,83,14,,synthetic,unknown
facebook,legacy_facebook_unknown,legacy_row_000098,2025-02-06T14:00:00-04:00,76,19,,synthetic,unknown
facebook,legacy_facebook_unknown,legacy_row_000099,2025-02-06T20:00:00-04:00,71,8,,synthetic,unknown
facebook,legacy_facebook_unknown,legacy_row_000100,2025-02-06T20:00:00-04:00,72,16,,synthetic,unknown
facebook,legacy_facebook_unknown,legacy_row_000101,2025-02-08T11:00:00-04:00,25,4,,synthetic,unknown
facebook,legacy_facebook_unknown,legacy_row_000102,2025-02-08T12:00:00-04:00,22,5,,synthetic,unknown
facebook,legacy_facebook_unknown,legacy_row_000103,2025-02-09T10:00:00-04:00,25,3,,synthetic,unknown
facebook,legacy_facebook_unknown,legacy_row_000104,2025-02-10T12:00:00-04:00,79,10,,synthetic,unknown
facebook,legacy_facebook_unknown,legacy_row_000105,2025-02-10T13:00:00-04:00,63,10,,synthetic,unknown
facebook,legacy_facebook_unknown,legacy_row_000106,2025-02-10T13:00:00-04:00,63,7,,synthetic,unknown
facebook,legacy_facebook_unknown,legacy_row_000107,2025-02-10T15:00:00-04:00,21,6,,synthetic,unknown
facebook,legacy_facebook_unknown,legacy_row_000108,2025-02-10T16:00:00-04:00,10,1,,synthetic,unknown
facebook,legacy_facebook_unknown,legacy_row_000109,2025-02-11T12:00:00-04:00,85,9,,synthetic,unknown
facebook,legacy_facebook_unknown,legacy_row_000110,2025-02-11T15:00:00-04:00,52,13,,synthetic,unknown
facebook,legacy_facebook_unknown,legacy_row_000111,2025-02-11T15:00:00-04:00,89,13,,synthetic,unknown
facebook,legacy_facebook_unknown,legacy_row_000112,2025-02-12T11:00:00-04:00,23,2,,synthetic,unknown
facebook,legacy_facebook_unknown,legacy_row_000113,2025-02-12T13:00:00-04:00,82,18,,synthetic,unknown
facebook,legacy_facebook_unknown,legacy_row_000114,2025-02-12T18:00:00-04:00,83,13,,synthetic,unknown
facebook,legacy_facebook_unknown,legacy_row_000115,2025-02-13T09:00:00-04:00,8,1,,synthetic,unknown
facebook,legacy_facebook_unknown,legacy_row_000116,2025-02-13T13:00:00-04:00,49,14,,synthetic,unknown
facebook,legacy_facebook_unknown,legacy_row_000117,2025-02-13T14:00:00-04:00,83,10,,synthetic,unknown
facebook,legacy_facebook_unknown,legacy_row_000118,2025-02-13T20:00:00-04:00,54,8,,synthetic,unknown
facebook,legacy_facebook_unknown,legacy_row_000119,2025-02-13T20:00:00-04:00,58,12,,synthetic,unknown
facebook,legacy_facebook_unknown,legacy_row_000120,2025-02-14T12:00:00-04:00,61,14,,synthetic,unknown
facebook,legacy_facebook_unknown,legacy_row_000121,2025-02-14T12:00:00-04:00,71,10,,synthetic,unknown
facebook,legacy_facebook_unknown,legacy_row_000122,2025-02-16T10:00:00-04:00,18,2,,synthetic,unknown
facebook,legacy_facebook_unknown,legacy_row_000123,2025-02-17T11:00:00-04:00,20,5,,synthetic,unknown
facebook,legacy_facebook_unknown,legacy_row_000124,2025-02-17T12:00:00-04:00,49,15,,synthetic,unknown
facebook,legacy_facebook_unknown,legacy_row_000125,2025-02-17T12:00:00-04:00,71,12,,synthetic,unknown
facebook,legacy_facebook_unknown,legacy_row_000126,2025-02-17T12:00:00-04:00,42,16,,synthetic,unknown
facebook,legacy_facebook_unknown,legacy_row_000127,2025-02-17T13:00:00-04:00,44,11,,synthetic,unknown
facebook,legacy_facebook_unknown,legacy_row_000128,2025-02-17T13:00:00-04:00,77,14,,synthetic,unknown
facebook,legacy_facebook_unknown,legacy_row_000129,2025-02-17T13:00:00-04:00,72,9,,synthetic,unknown
facebook,legacy_facebook_unknown,legacy_row_000130,2025-02-18T11:00:00-04:00,28,7,,synthetic,unknown
facebook,legacy_facebook_unknown,legacy_row_000131,2025-02-18T13:00:00-04:00,58,9,,synthetic,unknown
facebook,legacy_facebook_unknown,legacy_row_000132,2025-02-18T15:00:00-04:00,56,8,,synthetic,unknown
facebook,legacy_facebook_unknown,legacy_row_000133,2025-02-18T16:00:00-04:00,86,10,,synthetic,unknown
facebook,legacy_facebook_unknown,legacy_row_000134,2025-02-18T18:00:00-04:00,77,8,,synthetic,unknown
facebook,legacy_facebook_unknown,legacy_row_000135,2025-02-18T19:00:00-04:00,46,19,,synthetic,unknown
facebook,legacy_facebook_unknown,legacy_row_000136,2025-02-19T14:00:00-04:00,30,13,,synthetic,unknown
facebook,legacy_facebook_unknown,legacy_row_000137,2025-02-19T18:00:00-04:00,92,17,,synthetic,unknown
facebook,legacy_facebook_unknown,legacy_row_000138,2025-02-20T12:00:00-04:00,59,12,,synthetic,unknown
facebook,legacy_facebook_unknown,legacy_row_000139,2025-02-20T13:00:00-04:00,69,17,,synthetic,unknown
facebook,legacy_facebook_unknown,legacy_row_000140,2025-02-20T13:00:00-04:00,42,9,,synthetic,unknown
facebook,legacy_facebook_unknown,legacy_row_000141,2025-02-20T14:00:00-04:00,99,9,,synthetic,unknown
facebook,legacy_facebook_unknown,legacy_row_000142,2025-02-20T19:00:00-04:00,32,9,,synthetic,unknown
facebook,legacy_facebook_unknown,legacy_row_000143,2025-02-20T22:00:00-04:00,16,2,,synthetic,unknown
facebook,legacy_facebook_unknown,legacy_row_000144,2025-02-22T10:00:00-04:00,27,4,,synthetic,unknown
facebook,legacy_facebook_unknown,legacy_row_000145,2025-02-24T12:00:00-04:00,75,20,,synthetic,unknown
facebook,legacy_facebook_unknown,legacy_row_000146,2025-02-24T13:00:00-04:00,67,14,,synthetic,unknown
facebook,legacy_facebook_unknown,legacy_row_000147,2025-02-25T10:00:00-04:00,37,8,,synthetic,unknown
facebook,legacy_facebook_unknown,legacy_row_000148,2025-02-25T15:00:00-04:00,69,8,,synthetic,unknown
facebook,legacy_facebook_unknown,legacy_row_000149,2025-02-26T10:00:00-04:00,36,5,,synthetic,unknown
facebook,legacy_facebook_unknown,legacy_row_000150,2025-02-26T16:00:00-04:00,85,10,,synthetic,unknown
facebook,legacy_facebook_unknown,legacy_row_000151,2025-02-26T17:00:00-04:00,43,10,,synthetic,unknown
facebook,legacy_facebook_unknown,legacy_row_000152,2025-02-26T17:00:00-04:00,59,15,,synthetic,unknown
facebook,legacy_facebook_unknown,legacy_row_000153,2025-02-26T21:00:00-04:00,24,7,,synthetic,unknown
facebook,legacy_facebook_unknown,legacy_row_000154,2025-02-27T13:00:00-04:00,67,11,,synthetic,unknown
facebook,legacy_facebook_unknown,legacy_row_000155,2025-02-27T14:00:00-04:00,69,15,,synthetic,unknown
facebook,legacy_facebook_unknown,legacy_row_000156,2025-02-27T14:00:00-04:00,43,14,,synthetic,unknown
facebook,legacy_facebook_unknown,legacy_row_000157,2025-02-28T12:00:00-04:00,49,17,,synthetic,unknown
facebook,legacy_facebook_unknown,legacy_row_000158,2025-02-28T12:00:00-04:00,56,8,,synthetic,unknown
facebook,legacy_facebook_unknown,legacy_row_000159,2025-03-01T11:00:00-04:00,14,2,,synthetic,unknown
facebook,legacy_facebook_unknown,legacy_row_000160,2025-03-02T12:00:00-04:00,23,2,,synthetic,unknown
facebook,legacy_facebook_unknown,legacy_row_000161,2025-03-03T11:00:00-04:00,42,5,,synthetic,unknown
facebook,legacy_facebook_unknown,legacy_row_000162,2025-03-03T12:00:00-04:00,82,11,,synthetic,unknown
facebook,legacy_facebook_unknown,legacy_row_000163,2025-03-03T15:00:00-04:00,30,9,,synthetic,unknown
facebook,legacy_facebook_unknown,legacy_row_000164,2025-03-04T14:00:00-04:00,63,10,,synthetic,unknown
facebook,legacy_facebook_unknown,legacy_row_000165,2025-03-04T15:00:00-04:00,62,7,,synthetic,unknown
facebook,legacy_facebook_unknown,legacy_row_000166,2025-03-04T20:00:00-04:00,65,17,,synthetic,unknown
facebook,legacy_facebook_unknown,legacy_row_000167,2025-03-04T20:00:00-04:00,67,17,,synthetic,unknown
facebook,legacy_facebook_unknown,legacy_row_000168,2025-03-04T21:00:00-04:00,36,5,,synthetic,unknown
facebook,legacy_facebook_unknown,legacy_row_000169,2025-03-05T12:00:00-04:00,62,8,,synthetic,unknown
facebook,legacy_facebook_unknown,legacy_row_000170,2025-03-05T21:00:00-04:00,51,10,,synthetic,unknown
facebook,legacy_facebook_unknown,legacy_row_000171,2025-03-06T12:00:00-04:00,56,13,,synthetic,unknown
facebook,legacy_facebook_unknown,legacy_row_000172,2025-03-06T19:00:00-04:00,52,7,,synthetic,unknown
facebook,legacy_facebook_unknown,legacy_row_000173,2025-03-07T12:00:00-04:00,57,10,,synthetic,unknown
facebook,legacy_facebook_unknown,legacy_row_000174,2025-03-08T10:00:00-04:00,20,3,,synthetic,unknown
facebook,legacy_facebook_unknown,legacy_row_000175,2025-03-10T10:00:00-04:00,30,4,,synthetic,unknown
facebook,legacy_facebook_unknown,legacy_row_000176,2025-03-10T13:00:00-04:00,63,5,,synthetic,unknown
facebook,legacy_facebook_unknown,legacy_row_000177,2025-03-10T15:00:00-04:00,37,3,,synthetic,unknown
facebook,legacy_facebook_unknown,legacy_row_000178,2025-03-11T14:00:00-04:00,58,10,,synthetic,unknown
facebook,legacy_facebook_unknown,legacy_row_000179,2025-03-11T14:00:00-04:00,64,12,,synthetic,unknown
facebook,legacy_facebook_unknown,legacy_row_000180,2025-03-11T18:00:00-04:00,81,16,,synthetic,unknown
facebook,legacy_facebook_unknown,legacy_row_000181,2025-03-11T19:00:00-04:00,52,14,,synthetic,unknown
facebook,legacy_facebook_unknown,legacy_row_000182,2025-03-12T16:00:00-04:00,80,15,,synthetic,unknown
facebook,legacy_facebook_unknown,legacy_row_000183,2025-03-12T18:00:00-04:00,61,17,,synthetic,unknown
facebook,legacy_facebook_unknown,legacy_row_000184,2025-03-12T20:00:00-04:00,88,9,,synthetic,unknown
facebook,legacy_facebook_unknown,legacy_row_000185,2025-03-12T20:00:00-04:00,71,16,,synthetic,unknown
facebook,legacy_facebook_unknown,legacy_row_000186,2025-03-12T20:00:00-04:00,78,16,,synthetic,unknown
facebook,legacy_facebook_unknown,legacy_row_000187,2025-03-13T11:00:00-04:00,28,6,,synthetic,unknown
facebook,legacy_facebook_unknown,legacy_row_000188,2025-03-13T12:00:00-04:00,65,12,,synthetic,unknown
facebook,legacy_facebook_unknown,legacy_row_000189,2025-03-13T12:00:00-04:00,62,10,,synthetic,unknown
facebook,legacy_facebook_unknown,legacy_row_000190,2025-03-13T14:00:00-04:00,68,18,,synthetic,unknown
facebook,legacy_facebook_unknown,legacy_row_000191,2025-03-14T12:00:00-04:00,48,9,,synthetic,unknown
facebook,legacy_facebook_unknown,legacy_row_000192,2025-03-14T12:00:00-04:00,48,6,,synthetic,unknown
facebook,legacy_facebook_unknown,legacy_row_000193,2025-03-16T11:00:00-04:00,21,3,,synthetic,unknown
facebook,legacy_facebook_unknown,legacy_row_000194,2025-03-17T14:00:00-04:00,44,9,,synthetic,unknown
facebook,legacy_facebook_unknown,legacy_row_000195,2025-03-18T12:00:00-04:00,57,11,,synthetic,unknown
facebook,legacy_facebook_unknown,legacy_row_000196,2025-03-18T19:00:00-04:00,42,13,,synthetic,unknown
facebook,legacy_facebook_unknown,legacy_row_000197,2025-03-18T21:00:00-04:00,44,5,,synthetic,unknown
facebook,legacy_facebook_unknown,legacy_row_000198,2025-03-18T21:00:00-04:00,29,9,,synthetic,unknown
facebook,legacy_facebook_unknown,legacy_row_000199,2025-03-19T12:00:00-04:00,62,11,,synthetic,unknown
facebook,legacy_facebook_unknown,legacy_row_000200,2025-03-19T14:00:00-04:00,42,13,,synthetic,unknown
facebook,legacy_facebook_unknown,legacy_row_000201,2025-03-19T17:00:00-04:00,65,20,,synthetic,unknown
facebook,legacy_facebook_unknown,legacy_row_000202,2025-03-20T12:00:00-04:00,84,10,,synthetic,unknown
facebook,legacy_facebook_unknown,legacy_row_000203,2025-03-20T13:00:00-04:00,76,9,,synthetic,unknown
facebook,legacy_facebook_unknown,legacy_row_000204,2025-03-20T21:00:00-04:00,16,0,,synthetic,unknown
facebook,legacy_facebook_unknown,legacy_row_000205,2025-03-21T12:00:00-04:00,69,9,,synthetic,unknown
facebook,legacy_facebook_unknown,legacy_row_000206,2025-03-21T12:00:00-04:00,62,15,,synthetic,unknown
facebook,legacy_facebook_unknown,legacy_row_000207,2025-03-22T11:00:00-04:00,28,3,,synthetic,unknown
facebook,legacy_facebook_unknown,legacy_row_000208,2025-03-24T12:00:00-04:00,41,11,,synthetic,unknown
facebook,legacy_facebook_unknown,legacy_row_000209,2025-03-24T12:00:00-04:00,35,16,,synthetic,unknown
facebook,legacy_facebook_unknown,legacy_row_000210,2025-03-25T10:00:00-04:00,42,9,,synthetic,unknown
facebook,legacy_facebook_unknown,legacy_row_000211,2025-03-25T12:00:00-04:00,54,8,,synthetic,unknown
facebook,legacy_facebook_unknown,legacy_row_000212,2025-03-25T14:00:00-04:00,63,22,,synthetic,unknown
facebook,legacy_facebook_unknown,legacy_row_000213,2025-03-25T15:00:00-04:00,92,10,,synthetic,unknown
facebook,legacy_facebook_unknown,legacy_row_000214,2025-03-25T15:00:00-04:00,93,11,,synthetic,unknown
facebook,legacy_facebook_unknown,legacy_row_000215,2025-03-25T17:00:00-04:00,67,19,,synthetic,unknown
facebook,legacy_facebook_unknown,legacy_row_000216,2025-03-25T18:00:00-04:00,47,17,,synthetic,unknown
facebook,legacy_facebook_unknown,legacy_row_000217,2025-03-26T07:00:00-04:00,22,4,,synthetic,unknown
facebook,legacy_facebook_unknown,legacy_row_000218,2025-03-26T10:00:00-04:00,48,5,,synthetic,unknown
facebook,legacy_facebook_unknown,legacy_row_000219,2025-03-26T11:00:00-04:00,47,7,,synthetic,unknown
facebook,legacy_facebook_unknown,legacy_row_000220,2025-03-26T12:00:00-04:00,59,17,,synthetic,unknown
facebook,legacy_facebook_unknown,legacy_row_000221,2025-03-26T13:00:00-04:00,101,13,,synthetic,unknown
facebook,legacy_facebook_unknown,legacy_row_000222,2025-03-26T17:00:00-04:00,57,14,,synthetic,unknown
facebook,legacy_facebook_unknown,legacy_row_000223,2025-03-26T18:00:00-04:00,52,17,,synthetic,unknown
facebook,legacy_facebook_unknown,legacy_row_000224,2025-03-27T07:00:00-04:00,10,2,,synthetic,unknown
facebook,legacy_facebook_unknown,legacy_row_000225,2025-03-27T11:00:00-04:00,46,5,,synthetic,unknown
facebook,legacy_facebook_unknown,legacy_row_000226,2025-03-27T13:00:00-04:00,61,15,,synthetic,unknown
facebook,legacy_facebook_unknown,legacy_row_000227,2025-03-27T13:00:00-04:00,68,21,,synthetic,unknown
facebook,legacy_facebook_unknown,legacy_row_000228,2025-03-27T14:00:00-04:00,36,11,,synthetic,unknown
facebook,legacy_facebook_unknown,legacy_row_000229,2025-03-27T18:00:00-04:00,11,2,,synthetic,unknown
facebook,legacy_facebook_unknown,legacy_row_000230,2025-03-27T19:00:00-04:00,24,10,,synthetic,unknown
facebook,legacy_facebook_unknown,legacy_row_000231,2025-03-28T09:00:00-04:00,8,1,,synthetic,unknown
facebook,legacy_facebook_unknown,legacy_row_000232,2025-03-28T12:00:00-04:00,37,12,,synthetic,unknown
facebook,legacy_facebook_unknown,legacy_row_000233,2025-03-28T12:00:00-04:00,58,18,,synthetic,unknown
facebook,legacy_facebook_unknown,legacy_row_000234,2025-03-30T10:00:00-04:00,28,4,,synthetic,unknown
facebook,legacy_facebook_unknown,legacy_row_000235,2025-03-31T12:00:00-04:00,60,12,,synthetic,unknown
facebook,legacy_facebook_unknown,legacy_row_000236,2025-03-31T12:00:00-04:00,79,15,,synthetic,unknown
facebook,legacy_facebook_unknown,legacy_row_000237,2025-04-01T10:00:00-04:00,14,6,,synthetic,unknown
facebook,legacy_facebook_unknown,legacy_row_000238,2025-04-01T12:00:00-04:00,79,11,,synthetic,unknown
facebook,legacy_facebook_unknown,legacy_row_000239,2025-04-01T16:00:00-04:00,65,17,,synthetic,unknown
facebook,legacy_facebook_unknown,legacy_row_000240,2025-04-01T19:00:00-04:00,64,16,,synthetic,unknown
facebook,legacy_facebook_unknown,legacy_row_000241,2025-04-01T22:00:00-04:00,27,2,,synthetic,unknown
facebook,legacy_facebook_unknown,legacy_row_000242,2025-04-02T10:00:00-04:00,26,7,,synthetic,unknown
facebook,legacy_facebook_unknown,legacy_row_000243,2025-04-02T13:00:00-04:00,83,12,,synthetic,unknown
facebook,legacy_facebook_unknown,legacy_row_000244,2025-04-02T14:00:00-04:00,75,9,,synthetic,unknown
facebook,legacy_facebook_unknown,legacy_row_000245,2025-04-03T12:00:00-04:00,40,15,,synthetic,unknown
facebook,legacy_facebook_unknown,legacy_row_000246,2025-04-03T13:00:00-04:00,58,7,,synthetic,unknown
facebook,legacy_facebook_unknown,legacy_row_000247,2025-04-04T12:00:00-04:00,44,8,,synthetic,unknown
facebook,legacy_facebook_unknown,legacy_row_000248,2025-04-04T12:00:00-04:00,57,5,,synthetic,unknown
facebook,legacy_facebook_unknown,legacy_row_000249,2025-04-06T10:00:00-04:00,34,5,,synthetic,unknown
facebook,legacy_facebook_unknown,legacy_row_000250,2025-04-07T12:00:00-04:00,42,11,,synthetic,unknown
facebook,legacy_facebook_unknown,legacy_row_000251,2025-04-07T13:00:00-04:00,78,10,,synthetic,unknown
facebook,legacy_facebook_unknown,legacy_row_000252,2025-04-08T13:00:00-04:00,59,15,,synthetic,unknown
facebook,legacy_facebook_unknown,legacy_row_000253,2025-04-08T15:00:00-04:00,46,8,,synthetic,unknown
facebook,legacy_facebook_unknown,legacy_row_000254,2025-04-08T18:00:00-04:00,58,19,,synthetic,unknown
facebook,legacy_facebook_unknown,legacy_row_000255,2025-04-08T18:00:00-04:00,67,13,,synthetic,unknown
facebook,legacy_facebook_unknown,legacy_row_000256,2025-04-08T20:00:00-04:00,47,12,,synthetic,unknown
facebook,legacy_facebook_unknown,legacy_row_000257,2025-04-09T07:00:00-04:00,10,3,,synthetic,unknown
facebook,legacy_facebook_unknown,legacy_row_000258,2025-04-09T11:00:00-04:00,25,3,,synthetic,unknown
facebook,legacy_facebook_unknown,legacy_row_000259,2025-04-09T11:00:00-04:00,39,4,,synthetic,unknown
facebook,legacy_facebook_unknown,legacy_row_000260,2025-04-09T11:00:00-04:00,36,5,,synthetic,unknown
facebook,legacy_facebook_unknown,legacy_row_000261,2025-04-09T12:00:00-04:00,65,10,,synthetic,unknown
facebook,legacy_facebook_unknown,legacy_row_000262,2025-04-09T14:00:00-04:00,54,10,,synthetic,unknown
facebook,legacy_facebook_unknown,legacy_row_000263,2025-04-09T15:00:00-04:00,49,11,,synthetic,unknown
facebook,legacy_facebook_unknown,legacy_row_000264,2025-04-09T16:00:00-04:00,63,13,,synthetic,unknown
facebook,legacy_facebook_unknown,legacy_row_000265,2025-04-09T16:00:00-04:00,67,21,,synthetic,unknown
facebook,legacy_facebook_unknown,legacy_row_000266,2025-04-09T18:00:00-04:00,70,9,,synthetic,unknown
facebook,legacy_facebook_unknown,legacy_row_000267,2025-04-09T19:00:00-04:00,72,12,,synthetic,unknown
facebook,legacy_facebook_unknown,legacy_row_000268,2025-04-09T19:00:00-04:00,75,15,,synthetic,unknown
facebook,legacy_facebook_unknown,legacy_row_000269,2025-04-09T22:00:00-04:00,10,2,,synthetic,unknown
facebook,legacy_facebook_unknown,legacy_row_000270,2025-04-10T10:00:00-04:00,25,6,,synthetic,unknown
facebook,legacy_facebook_unknown,legacy_row_000271,2025-04-10T12:00:00-04:00,34,12,,synthetic,unknown
facebook,legacy_facebook_unknown,legacy_row_000272,2025-04-10T13:00:00-04:00,42,9,,synthetic,unknown
facebook,legacy_facebook_unknown,legacy_row_000273,2025-04-10T13:00:00-04:00,52,19,,synthetic,unknown
facebook,legacy_facebook_unknown,legacy_row_000274,2025-04-10T14:00:00-04:00,48,11,,synthetic,unknown
facebook,legacy_facebook_unknown,legacy_row_000275,2025-04-10T20:00:00-04:00,62,20,,synthetic,unknown
facebook,legacy_facebook_unknown,legacy_row_000276,2025-04-10T20:00:00-04:00,66,12,,synthetic,unknown
facebook,legacy_facebook_unknown,legacy_row_000277,2025-04-10T20:00:00-04:00,86,9,,synthetic,unknown
facebook,legacy_facebook_unknown,legacy_row_000278,2025-04-11T12:00:00-04:00,47,10,,synthetic,unknown
facebook,legacy_facebook_unknown,legacy_row_000279,2025-04-11T12:00:00-04:00,83,9,,synthetic,unknown
facebook,legacy_facebook_unknown,legacy_row_000280,2025-04-11T12:00:00-04:00,54,6,,synthetic,unknown
facebook,legacy_facebook_unknown,legacy_row_000281,2025-04-12T12:00:00-04:00,12,3,,synthetic,unknown
facebook,legacy_facebook_unknown,legacy_row_000282,2025-04-14T15:00:00-04:00,25,4,,synthetic,unknown
facebook,legacy_facebook_unknown,legacy_row_000283,2025-04-15T13:00:00-04:00,84,9,,synthetic,unknown
facebook,legacy_facebook_unknown,legacy_row_000284,2025-04-15T16:00:00-04:00,53,9,,synthetic,unknown
facebook,legacy_facebook_unknown,legacy_row_000285,2025-04-15T16:00:00-04:00,51,21,,synthetic,unknown
facebook,legacy_facebook_unknown,legacy_row_000286,2025-04-15T19:00:00-04:00,90,14,,synthetic,unknown
facebook,legacy_facebook_unknown,legacy_row_000287,2025-04-16T16:00:00-04:00,51,15,,synthetic,unknown
facebook,legacy_facebook_unknown,legacy_row_000288,2025-04-16T17:00:00-04:00,52,6,,synthetic,unknown
facebook,legacy_facebook_unknown,legacy_row_000289,2025-04-17T13:00:00-04:00,67,7,,synthetic,unknown
facebook,legacy_facebook_unknown,legacy_row_000290,2025-04-17T19:00:00-04:00,32,8,,synthetic,unknown
facebook,legacy_facebook_unknown,legacy_row_000291,2025-04-18T10:00:00-04:00,25,7,,synthetic,unknown
facebook,legacy_facebook_unknown,legacy_row_000292,2025-04-19T11:00:00-04:00,31,5,,synthetic,unknown
facebook,legacy_facebook_unknown,legacy_row_000293,2025-04-20T10:00:00-04:00,21,3,,synthetic,unknown
facebook,legacy_facebook_unknown,legacy_row_000294,2025-04-21T12:00:00-04:00,87,13,,synthetic,unknown
facebook,legacy_facebook_unknown,legacy_row_000295,2025-04-21T12:00:00-04:00,48,14,,synthetic,unknown
facebook,legacy_facebook_unknown,legacy_row_000296,2025-04-21T13:00:00-04:00,71,13,,synthetic,unknown
facebook,legacy_facebook_unknown,legacy_row_000297,2025-04-22T11:00:00-04:00,25,5,,synthetic,unknown
facebook,legacy_facebook_unknown,legacy_row_000298,2025-04-22T13:00:00-04:00,78,10,,synthetic,unknown
facebook,legacy_facebook_unknown,legacy_row_000299,2025-04-22T14:00:00-04:00,53,10,,synthetic,unknown
facebook,legacy_facebook_unknown,legacy_row_000300,2025-04-22T16:00:00-04:00,63,15,,synthetic,unknown
facebook,legacy_facebook_unknown,legacy_row_000301,2025-04-22T17:00:00-04:00,55,7,,synthetic,unknown
facebook,legacy_facebook_unknown,legacy_row_000302,2025-04-22T19:00:00-04:00,80,9,,synthetic,unknown
facebook,legacy_facebook_unknown,legacy_row_000303,2025-04-22T20:00:00-04:00,75,19,,synthetic,unknown
facebook,legacy_facebook_unknown,legacy_row_000304,2025-04-22T22:00:00-04:00,12,3,,synthetic,unknown
facebook,legacy_facebook_unknown,legacy_row_000305,2025-04-23T10:00:00-04:00,23,2,,synthetic,unknown
facebook,legacy_facebook_unknown,legacy_row_000306,2025-04-23T13:00:00-04:00,66,14,,synthetic,unknown
facebook,legacy_facebook_unknown,legacy_row_000307,2025-04-23T14:00:00-04:00,61,20,,synthetic,unknown
facebook,legacy_facebook_unknown,legacy_row_000308,2025-04-23T14:00:00-04:00,73,21,,synthetic,unknown
facebook,legacy_facebook_unknown,legacy_row_000309,2025-04-23T16:00:00-04:00,76,18,,synthetic,unknown
facebook,legacy_facebook_unknown,legacy_row_000310,2025-04-23T17:00:00-04:00,68,11,,synthetic,unknown
facebook,legacy_facebook_unknown,legacy_row_000311,2025-04-23T18:00:00-04:00,60,7,,synthetic,unknown
facebook,legacy_facebook_unknown,legacy_row_000312,2025-04-23T19:00:00-04:00,44,16,,synthetic,unknown
facebook,legacy_facebook_unknown,legacy_row_000313,2025-04-23T20:00:00-04:00,68,10,,synthetic,unknown
facebook,legacy_facebook_unknown,legacy_row_000314,2025-04-23T21:00:00-04:00,46,7,,synthetic,unknown
facebook,legacy_facebook_unknown,legacy_row_000315,2025-04-24T13:00:00-04:00,79,10,,synthetic,unknown
facebook,legacy_facebook_unknown,legacy_row_000316,2025-04-24T13:00:00-04:00,61,6,,synthetic,unknown
facebook,legacy_facebook_unknown,legacy_row_000317,2025-04-25T12:00:00-04:00,56,15,,synthetic,unknown
facebook,legacy_facebook_unknown,legacy_row_000318,2025-04-26T10:00:00-04:00,7,3,,synthetic,unknown
facebook,legacy_facebook_unknown,legacy_row_000319,2025-04-26T12:00:00-04:00,27,5,,synthetic,unknown
facebook,legacy_facebook_unknown,legacy_row_000320,2025-04-28T12:00:00-04:00,72,16,,synthetic,unknown
facebook,legacy_facebook_unknown,legacy_row_000321,2025-04-28T14:00:00-04:00,40,5,,synthetic,unknown
facebook,legacy_facebook_unknown,legacy_row_000322,2025-04-29T08:00:00-04:00,9,3,,synthetic,unknown
facebook,legacy_facebook_unknown,legacy_row_000323,2025-04-29T10:00:00-04:00,28,3,,synthetic,unknown
facebook,legacy_facebook_unknown,legacy_row_000324,2025-04-29T12:00:00-04:00,60,16,,synthetic,unknown
facebook,legacy_facebook_unknown,legacy_row_000325,2025-04-29T12:00:00-04:00,78,9,,synthetic,unknown
facebook,legacy_facebook_unknown,legacy_row_000326,2025-04-29T14:00:00-04:00,69,7,,synthetic,unknown
facebook,legacy_facebook_unknown,legacy_row_000327,2025-04-29T15:00:00-04:00,63,15,,synthetic,unknown
facebook,legacy_facebook_unknown,legacy_row_000328,2025-04-29T15:00:00-04:00,79,13,,synthetic,unknown
facebook,legacy_facebook_unknown,legacy_row_000329,2025-04-29T20:00:00-04:00,107,12,,synthetic,unknown
facebook,legacy_facebook_unknown,legacy_row_000330,2025-04-30T09:00:00-04:00,12,0,,synthetic,unknown
facebook,legacy_facebook_unknown,legacy_row_000331,2025-04-30T12:00:00-04:00,50,6,,synthetic,unknown
facebook,legacy_facebook_unknown,legacy_row_000332,2025-04-30T13:00:00-04:00,61,23,,synthetic,unknown
facebook,legacy_facebook_unknown,legacy_row_000333,2025-04-30T14:00:00-04:00,41,11,,synthetic,unknown
facebook,legacy_facebook_unknown,legacy_row_000334,2025-04-30T14:00:00-04:00,74,17,,synthetic,unknown
facebook,legacy_facebook_unknown,legacy_row_000335,2025-04-30T18:00:00-04:00,50,18,,synthetic,unknown
facebook,legacy_facebook_unknown,legacy_row_000336,2025-04-30T19:00:00-04:00,61,8,,synthetic,unknown
facebook,legacy_facebook_unknown,legacy_row_000337,2025-04-30T20:00:00-04:00,79,11,,synthetic,unknown
facebook,legacy_facebook_unknown,legacy_row_000338,2025-04-30T21:00:00-04:00,40,4,,synthetic,unknown
facebook,legacy_facebook_unknown,legacy_row_000339,2025-04-30T21:00:00-04:00,26,7,,synthetic,unknown
facebook,legacy_facebook_unknown,legacy_row_000340,2025-05-01T10:00:00-04:00,12,4,,synthetic,unknown
facebook,legacy_facebook_unknown,legacy_row_000341,2025-05-01T12:00:00-04:00,58,13,,synthetic,unknown
facebook,legacy_facebook_unknown,legacy_row_000342,2025-05-01T14:00:00-04:00,99,11,,synthetic,unknown
facebook,legacy_facebook_unknown,legacy_row_000343,2025-05-01T16:00:00-04:00,26,3,,synthetic,unknown
facebook,legacy_facebook_unknown,legacy_row_000344,2025-05-02T12:00:00-04:00,72,15,,synthetic,unknown
facebook,legacy_facebook_unknown,legacy_row_000345,2025-05-02T14:00:00-04:00,59,6,,synthetic,unknown
facebook,legacy_facebook_unknown,legacy_row_000346,2025-05-04T10:00:00-04:00,25,4,,synthetic,unknown
facebook,legacy_facebook_unknown,legacy_row_000347,2025-05-05T12:00:00-04:00,57,6,,synthetic,unknown
facebook,legacy_facebook_unknown,legacy_row_000348,2025-05-05T14:00:00-04:00,32,3,,synthetic,unknown
facebook,legacy_facebook_unknown,legacy_row_000349,2025-05-06T12:00:00-04:00,69,11,,synthetic,unknown
facebook,legacy_facebook_unknown,legacy_row_000350,2025-05-06T17:00:00-04:00,82,10,,synthetic,unknown
facebook,legacy_facebook_unknown,legacy_row_000351,2025-05-06T18:00:00-04:00,89,11,,synthetic,unknown
facebook,legacy_facebook_unknown,legacy_row_000352,2025-05-06T20:00:00-04:00,76,11,,synthetic,unknown
facebook,legacy_facebook_unknown,legacy_row_000353,2025-05-07T11:00:00-04:00,22,4,,synthetic,unknown
facebook,legacy_facebook_unknown,legacy_row_000354,2025-05-07T12:00:00-04:00,88,15,,synthetic,unknown
facebook,legacy_facebook_unknown,legacy_row_000355,2025-05-07T13:00:00-04:00,52,11,,synthetic,unknown
facebook,legacy_facebook_unknown,legacy_row_000356,2025-05-07T13:00:00-04:00,63,17,,synthetic,unknown
facebook,legacy_facebook_unknown,legacy_row_000357,2025-05-07T13:00:00-04:00,47,10,,synthetic,unknown
facebook,legacy_facebook_unknown,legacy_row_000358,2025-05-07T17:00:00-04:00,70,20,,synthetic,unknown
facebook,legacy_facebook_unknown,legacy_row_000359,2025-05-07T20:00:00-04:00,88,11,,synthetic,unknown
facebook,legacy_facebook_unknown,legacy_row_000360,2025-05-08T12:00:00-04:00,54,20,,synthetic,unknown
facebook,legacy_facebook_unknown,legacy_row_000361,2025-05-08T12:00:00-04:00,58,13,,synthetic,unknown
facebook,legacy_facebook_unknown,legacy_row_000362,2025-05-08T14:00:00-04:00,86,18,,synthetic,unknown
facebook,legacy_facebook_unknown,legacy_row_000363,2025-05-08T15:00:00-04:00,28,4,,synthetic,unknown
facebook,legacy_facebook_unknown,legacy_row_000364,2025-05-08T19:00:00-04:00,30,4,,synthetic,unknown
facebook,legacy_facebook_unknown,legacy_row_000365,2025-05-09T12:00:00-04:00,63,18,,synthetic,unknown
facebook,legacy_facebook_unknown,legacy_row_000366,2025-05-09T12:00:00-04:00,47,7,,synthetic,unknown
facebook,legacy_facebook_unknown,legacy_row_000367,2025-05-09T12:00:00-04:00,65,8,,synthetic,unknown
facebook,legacy_facebook_unknown,legacy_row_000368,2025-05-12T12:00:00-04:00,68,9,,synthetic,unknown
facebook,legacy_facebook_unknown,legacy_row_000369,2025-05-12T13:00:00-04:00,42,17,,synthetic,unknown
facebook,legacy_facebook_unknown,legacy_row_000370,2025-05-12T13:00:00-04:00,38,9,,synthetic,unknown
facebook,legacy_facebook_unknown,legacy_row_000371,2025-05-13T14:00:00-04:00,54,18,,synthetic,unknown
facebook,legacy_facebook_unknown,legacy_row_000372,2025-05-13T15:00:00-04:00,44,15,,synthetic,unknown
facebook,legacy_facebook_unknown,legacy_row_000373,2025-05-13T16:00:00-04:00,65,11,,synthetic,unknown
facebook,legacy_facebook_unknown,legacy_row_000374,2025-05-14T17:00:00-04:00,42,11,,synthetic,unknown
facebook,legacy_facebook_unknown,legacy_row_000375,2025-05-14T17:00:00-04:00,64,16,,synthetic,unknown
facebook,legacy_facebook_unknown,legacy_row_000376,2025-05-14T18:00:00-04:00,48,9,,synthetic,unknown
facebook,legacy_facebook_unknown,legacy_row_000377,2025-05-15T12:00:00-04:00,41,9,,synthetic,unknown
facebook,legacy_facebook_unknown,legacy_row_000378,2025-05-15T12:00:00-04:00,52,9,,synthetic,unknown
facebook,legacy_facebook_unknown,legacy_row_000379,2025-05-15T15:00:00-04:00,25,3,,synthetic,unknown
facebook,legacy_facebook_unknown,legacy_row_000380,2025-05-15T19:00:00-04:00,23,5,,synthetic,unknown
facebook,legacy_facebook_unknown,legacy_row_000381,2025-05-15T20:00:00-04:00,44,8,,synthetic,unknown
facebook,legacy_facebook_unknown,legacy_row_000382,2025-05-16T10:00:00-04:00,36,9,,synthetic,unknown
facebook,legacy_facebook_unknown,legacy_row_000383,2025-05-16T12:00:00-04:00,67,8,,synthetic,unknown
facebook,legacy_facebook_unknown,legacy_row_000384,2025-05-18T12:00:00-04:00,19,2,,synthetic,unknown
facebook,legacy_facebook_unknown,legacy_row_000385,2025-05-19T07:00:00-04:00,18,2,,synthetic,unknown
facebook,legacy_facebook_unknown,legacy_row_000386,2025-05-19T12:00:00-04:00,49,12,,synthetic,unknown
facebook,legacy_facebook_unknown,legacy_row_000387,2025-05-19T12:00:00-04:00,59,7,,synthetic,unknown
facebook,legacy_facebook_unknown,legacy_row_000388,2025-05-19T13:00:00-04:00,96,12,,synthetic,unknown
facebook,legacy_facebook_unknown,legacy_row_000389,2025-05-19T13:00:00-04:00,78,11,,synthetic,unknown
facebook,legacy_facebook_unknown,legacy_row_000390,2025-05-20T09:00:00-04:00,25,2,,synthetic,unknown
facebook,legacy_facebook_unknown,legacy_row_000391,2025-05-20T10:00:00-04:00,36,7,,synthetic,unknown
facebook,legacy_facebook_unknown,legacy_row_000392,2025-05-20T13:00:00-04:00,77,22,,synthetic,unknown
facebook,legacy_facebook_unknown,legacy_row_000393,2025-05-20T14:00:00-04:00,90,13,,synthetic,unknown
facebook,legacy_facebook_unknown,legacy_row_000394,2025-05-20T16:00:00-04:00,45,13,,synthetic,unknown
facebook,legacy_facebook_unknown,legacy_row_000395,2025-05-20T17:00:00-04:00,44,13,,synthetic,unknown
facebook,legacy_facebook_unknown,legacy_row_000396,2025-05-20T20:00:00-04:00,77,19,,synthetic,unknown
facebook,legacy_facebook_unknown,legacy_row_000397,2025-05-21T10:00:00-04:00,32,11,,synthetic,unknown
facebook,legacy_facebook_unknown,legacy_row_000398,2025-05-21T12:00:00-04:00,79,11,,synthetic,unknown
facebook,legacy_facebook_unknown,legacy_row_000399,2025-05-21T13:00:00-04:00,73,12,,synthetic,unknown
facebook,legacy_facebook_unknown,legacy_row_000400,2025-05-21T17:00:00-04:00,84,10,,synthetic,unknown
facebook,legacy_facebook_unknown,legacy_row_000401,2025-05-21T18:00:00-04:00,77,9,,synthetic,unknown
facebook,legacy_facebook_unknown,legacy_row_000402,2025-05-21T18:00:00-04:00,74,9,,synthetic,unknown
facebook,legacy_facebook_unknown,legacy_row_000403,2025-05-21T18:00:00-04:00,45,15,,synthetic,unknown
facebook,legacy_facebook_unknown,legacy_row_000404,2025-05-23T12:00:00-04:00,60,14,,synthetic,unknown
facebook,legacy_facebook_unknown,legacy_row_000405,2025-05-26T12:00:00-04:00,80,11,,synthetic,unknown
facebook,legacy_facebook_unknown,legacy_row_000406,2025-05-26T13:00:00-04:00,75,9,,synthetic,unknown
facebook,legacy_facebook_unknown,legacy_row_000407,2025-05-27T12:00:00-04:00,60,19,,synthetic,unknown
facebook,legacy_facebook_unknown,legacy_row_000408,2025-05-27T20:00:00-04:00,81,14,,synthetic,unknown
facebook,legacy_facebook_unknown,legacy_row_000409,2025-05-27T20:00:00-04:00,55,15,,synthetic,unknown
facebook,legacy_facebook_unknown,legacy_row_000410,2025-05-28T13:00:00-04:00,78,13,,synthetic,unknown
facebook,legacy_facebook_unknown,legacy_row_000411,2025-05-28T16:00:00-04:00,53,12,,synthetic,unknown
facebook,legacy_facebook_unknown,legacy_row_000412,2025-05-28T19:00:00-04:00,39,13,,synthetic,unknown
facebook,legacy_facebook_unknown,legacy_row_000413,2025-05-28T20:00:00-04:00,71,13,,synthetic,unknown
facebook,legacy_facebook_unknown,legacy_row_000414,2025-05-28T20:00:00-04:00,62,16,,synthetic,unknown
facebook,legacy_facebook_unknown,legacy_row_000415,2025-05-29T09:00:00-04:00,14,4,,synthetic,unknown
facebook,legacy_facebook_unknown,legacy_row_000416,2025-05-29T10:00:00-04:00,33,11,,synthetic,unknown
facebook,legacy_facebook_unknown,legacy_row_000417,2025-05-29T14:00:00-04:00,74,11,,synthetic,unknown
facebook,legacy_facebook_unknown,legacy_row_000418,2025-05-29T14:00:00-04:00,72,7,,synthetic,unknown
facebook,legacy_facebook_unknown,legacy_row_000419,2025-05-29T20:00:00-04:00,63,11,,synthetic,unknown
facebook,legacy_facebook_unknown,legacy_row_000420,2025-05-29T20:00:00-04:00,55,7,,synthetic,unknown
facebook,legacy_facebook_unknown,legacy_row_000421,2025-05-30T12:00:00-04:00,33,10,,synthetic,unknown
facebook,legacy_facebook_unknown,legacy_row_000422,2025-05-31T12:00:00-04:00,18,3,,synthetic,unknown
facebook,legacy_facebook_unknown,legacy_row_000423,2025-06-01T11:00:00-04:00,25,3,,synthetic,unknown
facebook,legacy_facebook_unknown,legacy_row_000424,2025-06-02T12:00:00-04:00,37,13,,synthetic,unknown
facebook,legacy_facebook_unknown,legacy_row_000425,2025-06-02T13:00:00-04:00,103,10,,synthetic,unknown
facebook,legacy_facebook_unknown,legacy_row_000426,2025-06-02T14:00:00-04:00,20,5,,synthetic,unknown
facebook,legacy_facebook_unknown,legacy_row_000427,2025-06-03T13:00:00-04:00,94,22,,synthetic,unknown
facebook,legacy_facebook_unknown,legacy_row_000428,2025-06-03T18:00:00-04:00,58,9,,synthetic,unknown
facebook,legacy_facebook_unknown,legacy_row_000429,2025-06-03T19:00:00-04:00,69,10,,synthetic,unknown
facebook,legacy_facebook_unknown,legacy_row_000430,2025-06-03T21:00:00-04:00,35,7,,synthetic,unknown
facebook,legacy_facebook_unknown,legacy_row_000431,2025-06-04T11:00:00-04:00,35,10,,synthetic,unknown
facebook,legacy_facebook_unknown,legacy_row_000432,2025-06-04T12:00:00-04:00,71,14,,synthetic,unknown
facebook,legacy_facebook_unknown,legacy_row_000433,2025-06-04T13:00:00-04:00,74,23,,synthetic,unknown
facebook,legacy_facebook_unknown,legacy_row_000434,2025-06-04T14:00:00-04:00,74,17,,synthetic,unknown
facebook,legacy_facebook_unknown,legacy_row_000435,2025-06-04T15:00:00-04:00,81,9,,synthetic,unknown
facebook,legacy_facebook_unknown,legacy_row_000436,2025-06-04T17:00:00-04:00,71,12,,synthetic,unknown
facebook,legacy_facebook_unknown,legacy_row_000437,2025-06-05T20:00:00-04:00,59,9,,synthetic,unknown
facebook,legacy_facebook_unknown,legacy_row_000438,2025-06-06T12:00:00-04:00,51,7,,synthetic,unknown
facebook,legacy_facebook_unknown,legacy_row_000439,2025-06-09T13:00:00-04:00,55,14,,synthetic,unknown
facebook,legacy_facebook_unknown,legacy_row_000440,2025-06-10T12:00:00-04:00,55,8,,synthetic,unknown
facebook,legacy_facebook_unknown,legacy_row_000441,2025-06-10T14:00:00-04:00,47,15,,synthetic,unknown
facebook,legacy_facebook_unknown,legacy_row_000442,2025-06-10T15:00:00-04:00,93,8,,synthetic,unknown
facebook,legacy_facebook_unknown,legacy_row_000443,2025-06-10T16:00:00-04:00,67,9,,synthetic,unknown
facebook,legacy_facebook_unknown,legacy_row_000444,2025-06-10T19:00:00-04:00,57,22,,synthetic,unknown
facebook,legacy_facebook_unknown,legacy_row_000445,2025-06-10T20:00:00-04:00,43,13,,synthetic,unknown
facebook,legacy_facebook_unknown,legacy_row_000446,2025-06-11T13:00:00-04:00,63,13,,synthetic,unknown
facebook,legacy_facebook_unknown,legacy_row_000447,2025-06-11T14:00:00-04:00,57,10,,synthetic,unknown
facebook,legacy_facebook_unknown,legacy_row_000448,2025-06-11T14:00:00-04:00,66,10,,synthetic,unknown
facebook,legacy_facebook_unknown,legacy_row_000449,2025-06-11T14:00:00-04:00,67,20,,synthetic,unknown
facebook,legacy_facebook_unknown,legacy_row_000450,2025-06-11T18:00:00-04:00,56,8,,synthetic,unknown
facebook,legacy_facebook_unknown,legacy_row_000451,2025-06-11T19:00:00-04:00,59,16,,synthetic,unknown
facebook,legacy_facebook_unknown,legacy_row_000452,2025-06-12T10:00:00-04:00,55,7,,synthetic,unknown
facebook,legacy_facebook_unknown,legacy_row_000453,2025-06-12T13:00:00-04:00,47,7,,synthetic,unknown
facebook,legacy_facebook_unknown,legacy_row_000454,2025-06-13T10:00:00-04:00,27,3,,synthetic,unknown
facebook,legacy_facebook_unknown,legacy_row_000455,2025-06-13T12:00:00-04:00,59,16,,synthetic,unknown
facebook,legacy_facebook_unknown,legacy_row_000456,2025-06-13T12:00:00-04:00,54,6,,synthetic,unknown
facebook,legacy_facebook_unknown,legacy_row_000457,2025-06-15T12:00:00-04:00,20,1,,synthetic,unknown
facebook,legacy_facebook_unknown,legacy_row_000458,2025-06-16T12:00:00-04:00,56,9,,synthetic,unknown
facebook,legacy_facebook_unknown,legacy_row_000459,2025-06-16T13:00:00-04:00,72,15,,synthetic,unknown
facebook,legacy_facebook_unknown,legacy_row_000460,2025-06-16T14:00:00-04:00,26,3,,synthetic,unknown
facebook,legacy_facebook_unknown,legacy_row_000461,2025-06-17T12:00:00-04:00,65,21,,synthetic,unknown
facebook,legacy_facebook_unknown,legacy_row_000462,2025-06-17T15:00:00-04:00,65,21,,synthetic,unknown
facebook,legacy_facebook_unknown,legacy_row_000463,2025-06-17T18:00:00-04:00,84,11,,synthetic,unknown
facebook,legacy_facebook_unknown,legacy_row_000464,2025-06-17T19:00:00-04:00,73,19,,synthetic,unknown
facebook,legacy_facebook_unknown,legacy_row_000465,2025-06-18T15:00:00-04:00,80,9,,synthetic,unknown
facebook,legacy_facebook_unknown,legacy_row_000466,2025-06-18T16:00:00-04:00,63,8,,synthetic,unknown
facebook,legacy_facebook_unknown,legacy_row_000467,2025-06-18T16:00:00-04:00,85,9,,synthetic,unknown
facebook,legacy_facebook_unknown,legacy_row_000468,2025-06-18T17:00:00-04:00,49,20,,synthetic,unknown
facebook,legacy_facebook_unknown,legacy_row_000469,2025-06-18T20:00:00-04:00,59,21,,synthetic,unknown
facebook,legacy_facebook_unknown,legacy_row_000470,2025-06-19T08:00:00-04:00,15,2,,synthetic,unknown
facebook,legacy_facebook_unknown,legacy_row_000471,2025-06-19T10:00:00-04:00,23,10,,synthetic,unknown
facebook,legacy_facebook_unknown,legacy_row_000472,2025-06-19T13:00:00-04:00,75,7,,synthetic,unknown
facebook,legacy_facebook_unknown,legacy_row_000473,2025-06-19T15:00:00-04:00,34,4,,synthetic,unknown
facebook,legacy_facebook_unknown,legacy_row_000474,2025-06-19T18:00:00-04:00,16,1,,synthetic,unknown
facebook,legacy_facebook_unknown,legacy_row_000475,2025-06-23T10:00:00-04:00,51,8,,synthetic,unknown
facebook,legacy_facebook_unknown,legacy_row_000476,2025-06-23T14:00:00-04:00,34,3,,synthetic,unknown
facebook,legacy_facebook_unknown,legacy_row_000477,2025-06-24T09:00:00-04:00,9,2,,synthetic,unknown
facebook,legacy_facebook_unknown,legacy_row_000478,2025-06-24T12:00:00-04:00,50,13,,synthetic,unknown
facebook,legacy_facebook_unknown,legacy_row_000479,2025-06-24T16:00:00-04:00,66,20,,synthetic,unknown
facebook,legacy_facebook_unknown,legacy_row_000480,2025-06-24T20:00:00-04:00,51,6,,synthetic,unknown
facebook,legacy_facebook_unknown,legacy_row_000481,2025-06-24T20:00:00-04:00,71,17,,synthetic,unknown
facebook,legacy_facebook_unknown,legacy_row_000482,2025-06-25T12:00:00-04:00,56,17,,synthetic,unknown
facebook,legacy_facebook_unknown,legacy_row_000483,2025-06-25T15:00:00-04:00,54,18,,synthetic,unknown
facebook,legacy_facebook_unknown,legacy_row_000484,2025-06-25T18:00:00-04:00,71,24,,synthetic,unknown
facebook,legacy_facebook_unknown,legacy_row_000485,2025-06-25T19:00:00-04:00,82,12,,synthetic,unknown
facebook,legacy_facebook_unknown,legacy_row_000486,2025-06-25T21:00:00-04:00,33,5,,synthetic,unknown
facebook,legacy_facebook_unknown,legacy_row_000487,2025-06-26T12:00:00-04:00,32,14,,synthetic,unknown
facebook,legacy_facebook_unknown,legacy_row_000488,2025-06-26T13:00:00-04:00,70,10,,synthetic,unknown
facebook,legacy_facebook_unknown,legacy_row_000489,2025-06-27T12:00:00-04:00,46,15,,synthetic,unknown
facebook,legacy_facebook_unknown,legacy_row_000490,2025-06-27T14:00:00-04:00,33,4,,synthetic,unknown
facebook,legacy_facebook_unknown,legacy_row_000491,2025-06-28T10:00:00-04:00,11,3,,synthetic,unknown
facebook,legacy_facebook_unknown,legacy_row_000492,2025-06-29T11:00:00-04:00,17,4,,synthetic,unknown
facebook,legacy_facebook_unknown,legacy_row_000493,2025-06-30T12:00:00-04:00,72,21,,synthetic,unknown
facebook,legacy_facebook_unknown,legacy_row_000494,2025-06-30T13:00:00-04:00,40,11,,synthetic,unknown
facebook,legacy_facebook_unknown,legacy_row_000495,2025-07-01T12:00:00-04:00,82,18,,synthetic,unknown
facebook,legacy_facebook_unknown,legacy_row_000496,2025-07-01T14:00:00-04:00,45,6,,synthetic,unknown
facebook,legacy_facebook_unknown,legacy_row_000497,2025-07-01T14:00:00-04:00,55,11,,synthetic,unknown
facebook,legacy_facebook_unknown,legacy_row_000498,2025-07-01T16:00:00-04:00,72,11,,synthetic,unknown
facebook,legacy_facebook_unknown,legacy_row_000499,2025-07-01T16:00:00-04:00,70,13,,synthetic,unknown
facebook,legacy_facebook_unknown,legacy_row_000500,2025-07-01T18:00:00-04:00,63,7,,synthetic,unknown
facebook,legacy_facebook_unknown,legacy_row_000501,2025-07-01T20:00:00-04:00,73,8,,synthetic,unknown
facebook,legacy_facebook_unknown,legacy_row_000502,2025-07-02T12:00:00-04:00,72,8,,synthetic,unknown
facebook,legacy_facebook_unknown,legacy_row_000503,2025-07-02T12:00:00-04:00,69,10,,synthetic,unknown
facebook,legacy_facebook_unknown,legacy_row_000504,2025-07-02T16:00:00-04:00,91,12,,synthetic,unknown
facebook,legacy_facebook_unknown,legacy_row_000505,2025-07-02T19:00:00-04:00,74,7,,synthetic,unknown
facebook,legacy_facebook_unknown,legacy_row_000506,2025-07-03T12:00:00-04:00,68,7,,synthetic,unknown
facebook,legacy_facebook_unknown,legacy_row_000507,2025-07-03T14:00:00-04:00,69,15,,synthetic,unknown
facebook,legacy_facebook_unknown,legacy_row_000508,2025-07-03T16:00:00-04:00,19,3,,synthetic,unknown
facebook,legacy_facebook_unknown,legacy_row_000509,2025-07-07T12:00:00-04:00,59,19,,synthetic,unknown
facebook,legacy_facebook_unknown,legacy_row_000510,2025-07-07T13:00:00-04:00,84,9,,synthetic,unknown
facebook,legacy_facebook_unknown,legacy_row_000511,2025-07-07T22:00:00-04:00,10,2,,synthetic,unknown
facebook,legacy_facebook_unknown,legacy_row_000512,2025-07-08T11:00:00-04:00,47,8,,synthetic,unknown
facebook,legacy_facebook_unknown,legacy_row_000513,2025-07-08T12:00:00-04:00,71,14,,synthetic,unknown
facebook,legacy_facebook_unknown,legacy_row_000514,2025-07-08T15:00:00-04:00,70,11,,synthetic,unknown
facebook,legacy_facebook_unknown,legacy_row_000515,2025-07-08T19:00:00-04:00,59,7,,synthetic,unknown
facebook,legacy_facebook_unknown,legacy_row_000516,2025-07-08T20:00:00-04:00,45,14,,synthetic,unknown
facebook,legacy_facebook_unknown,legacy_row_000517,2025-07-08T21:00:00-04:00,30,7,,synthetic,unknown
facebook,legacy_facebook_unknown,legacy_row_000518,2025-07-09T10:00:00-04:00,30,4,,synthetic,unknown
facebook,legacy_facebook_unknown,legacy_row_000519,2025-07-09T12:00:00-04:00,74,12,,synthetic,unknown
facebook,legacy_facebook_unknown,legacy_row_000520,2025-07-09T12:00:00-04:00,97,9,,synthetic,unknown
facebook,legacy_facebook_unknown,legacy_row_000521,2025-07-09T14:00:00-04:00,56,10,,synthetic,unknown
facebook,legacy_facebook_unknown,legacy_row_000522,2025-07-09T14:00:00-04:00,59,13,,synthetic,unknown
facebook,legacy_facebook_unknown,legacy_row_000523,2025-07-09T14:00:00-04:00,61,16,,synthetic,unknown
facebook,legacy_facebook_unknown,legacy_row_000524,2025-07-09T18:00:00-04:00,42,7,,synthetic,unknown
facebook,legacy_facebook_unknown,legacy_row_000525,2025-07-09T20:00:00-04:00,46,10,,synthetic,unknown
facebook,legacy_facebook_unknown,legacy_row_000526,2025-07-10T11:00:00-04:00,38,5,,synthetic,unknown
facebook,legacy_facebook_unknown,legacy_row_000527,2025-07-10T18:00:00-04:00,11,2,,synthetic,unknown
facebook,legacy_facebook_unknown,legacy_row_000528,2025-07-10T20:00:00-04:00,64,9,,synthetic,unknown
facebook,legacy_facebook_unknown,legacy_row_000529,2025-07-11T12:00:00-04:00,46,12,,synthetic,unknown
facebook,legacy_facebook_unknown,legacy_row_000530,2025-07-11T12:00:00-04:00,50,15,,synthetic,unknown
facebook,legacy_facebook_unknown,legacy_row_000531,2025-07-14T12:00:00-04:00,67,15,,synthetic,unknown
facebook,legacy_facebook_unknown,legacy_row_000532,2025-07-15T06:00:00-04:00,23,2,,synthetic,unknown
facebook,legacy_facebook_unknown,legacy_row_000533,2025-07-15T10:00:00-04:00,31,5,,synthetic,unknown
facebook,legacy_facebook_unknown,legacy_row_000534,2025-07-15T15:00:00-04:00,71,16,,synthetic,unknown
facebook,legacy_facebook_unknown,legacy_row_000535,2025-07-15T15:00:00-04:00,82,12,,synthetic,unknown
facebook,legacy_facebook_unknown,legacy_row_000536,2025-07-15T16:00:00-04:00,46,8,,synthetic,unknown
facebook,legacy_facebook_unknown,legacy_row_000537,2025-07-15T20:00:00-04:00,64,13,,synthetic,unknown
facebook,legacy_facebook_unknown,legacy_row_000538,2025-07-16T08:00:00-04:00,12,0,,synthetic,unknown
facebook,legacy_facebook_unknown,legacy_row_000539,2025-07-16T10:00:00-04:00,38,3,,synthetic,unknown
facebook,legacy_facebook_unknown,legacy_row_000540,2025-07-16T11:00:00-04:00,27,3,,synthetic,unknown
facebook,legacy_facebook_unknown,legacy_row_000541,2025-07-16T12:00:00-04:00,65,11,,synthetic,unknown
facebook,legacy_facebook_unknown,legacy_row_000542,2025-07-16T13:00:00-04:00,52,12,,synthetic,unknown
facebook,legacy_facebook_unknown,legacy_row_000543,2025-07-16T15:00:00-04:00,45,17,,synthetic,unknown
facebook,legacy_facebook_unknown,legacy_row_000544,2025-07-16T16:00:00-04:00,79,19,,synthetic,unknown
facebook,legacy_facebook_unknown,legacy_row_000545,2025-07-16T17:00:00-04:00,63,6,,synthetic,unknown
facebook,legacy_facebook_unknown,legacy_row_000546,2025-07-16T20:00:00-04:00,63,12,,synthetic,unknown
facebook,legacy_facebook_unknown,legacy_row_000547,2025-07-16T20:00:00-04:00,83,10,,synthetic,unknown
facebook,legacy_facebook_unknown,legacy_row_000548,2025-07-16T20:00:00-04:00,65,9,,synthetic,unknown
facebook,legacy_facebook_unknown,legacy_row_000549,2025-07-17T12:00:00-04:00,68,16,,synthetic,unknown
facebook,legacy_facebook_unknown,legacy_row_000550,2025-07-17T14:00:00-04:00,67,9,,synthetic,unknown
facebook,legacy_facebook_unknown,legacy_row_000551,2025-07-17T14:00:00-04:00,56,12,,synthetic,unknown
facebook,legacy_facebook_unknown,legacy_row_000552,2025-07-20T10:00:00-04:00,19,3,,synthetic,unknown
facebook,legacy_facebook_unknown,legacy_row_000553,2025-07-20T11:00:00-04:00,15,3,,synthetic,unknown
facebook,legacy_facebook_unknown,legacy_row_000554,2025-07-20T12:00:00-04:00,16,3,,synthetic,unknown
facebook,legacy_facebook_unknown,legacy_row_000555,2025-07-21T12:00:00-04:00,64,7,,synthetic,unknown
facebook,legacy_facebook_unknown,legacy_row_000556,2025-07-21T12:00:00-04:00,49,5,,synthetic,unknown
facebook,legacy_facebook_unknown,legacy_row_000557,2025-07-21T13:00:00-04:00,50,13,,synthetic,unknown
facebook,legacy_facebook_unknown,legacy_row_000558,2025-07-22T17:00:00-04:00,64,10,,synthetic,unknown
facebook,legacy_facebook_unknown,legacy_row_000559,2025-07-23T13:00:00-04:00,71,12,,synthetic,unknown
facebook,legacy_facebook_unknown,legacy_row_000560,2025-07-23T14:00:00-04:00,75,13,,synthetic,unknown
facebook,legacy_facebook_unknown,legacy_row_000561,2025-07-23T18:00:00-04:00,73,12,,synthetic,unknown
facebook,legacy_facebook_unknown,legacy_row_000562,2025-07-23T18:00:00-04:00,54,5,,synthetic,unknown
facebook,legacy_facebook_unknown,legacy_row_000563,2025-07-23T20:00:00-04:00,95,18,,synthetic,unknown
facebook,legacy_facebook_unknown,legacy_row_000564,2025-07-23T20:00:00-04:00,85,14,,synthetic,unknown
facebook,legacy_facebook_unknown,legacy_row_000565,2025-07-23T20:00:00-04:00,68,22,,synthetic,unknown
facebook,legacy_facebook_unknown,legacy_row_000566,2025-07-24T14:00:00-04:00,66,12,,synthetic,unknown
facebook,legacy_facebook_unknown,legacy_row_000567,2025-07-24T20:00:00-04:00,55,10,,synthetic,unknown
facebook,legacy_facebook_unknown,legacy_row_000568,2025-07-25T12:00:00-04:00,51,15,,synthetic,unknown
facebook,legacy_facebook_unknown,legacy_row_000569,2025-07-26T11:00:00-04:00,16,2,,synthetic,unknown
facebook,legacy_facebook_unknown,legacy_row_000570,2025-07-26T12:00:00-04:00,11,2,,synthetic,unknown
facebook,legacy_facebook_unknown,legacy_row_000571,2025-07-28T12:00:00-04:00,60,8,,synthetic,unknown
facebook,legacy_facebook_unknown,legacy_row_000572,2025-07-28T13:00:00-04:00,51,15,,synthetic,unknown
facebook,legacy_facebook_unknown,legacy_row_000573,2025-07-28T13:00:00-04:00,54,14,,synthetic,unknown
facebook,legacy_facebook_unknown,legacy_row_000574,2025-07-29T10:00:00-04:00,27,6,,synthetic,unknown
facebook,legacy_facebook_unknown,legacy_row_000575,2025-07-29T11:00:00-04:00,38,3,,synthetic,unknown
facebook,legacy_facebook_unknown,legacy_row_000576,2025-07-29T12:00:00-04:00,58,13,,synthetic,unknown
facebook,legacy_facebook_unknown,legacy_row_000577,2025-07-29T17:00:00-04:00,55,6,,synthetic,unknown
facebook,legacy_facebook_unknown,legacy_row_000578,2025-07-29T18:00:00-04:00,62,19,,synthetic,unknown
facebook,legacy_facebook_unknown,legacy_row_000579,2025-07-29T19:00:00-04:00,95,10,,synthetic,unknown
facebook,legacy_facebook_unknown,legacy_row_000580,2025-07-30T12:00:00-04:00,66,16,,synthetic,unknown
facebook,legacy_facebook_unknown,legacy_row_000581,2025-07-31T12:00:00-04:00,55,12,,synthetic,unknown
facebook,legacy_facebook_unknown,legacy_row_000582,2025-07-31T13:00:00-04:00,43,13,,synthetic,unknown
facebook,legacy_facebook_unknown,legacy_row_000583,2025-07-31T16:00:00-04:00,36,6,,synthetic,unknown
facebook,legacy_facebook_unknown,legacy_row_000584,2025-07-31T20:00:00-04:00,45,14,,synthetic,unknown
facebook,legacy_facebook_unknown,legacy_row_000585,2025-08-04T12:00:00-04:00,46,15,,synthetic,unknown
facebook,legacy_facebook_unknown,legacy_row_000586,2025-08-04T13:00:00-04:00,72,6,,synthetic,unknown
facebook,legacy_facebook_unknown,legacy_row_000587,2025-08-04T18:00:00-04:00,14,2,,synthetic,unknown
facebook,legacy_facebook_unknown,legacy_row_000588,2025-08-05T09:00:00-04:00,21,2,,synthetic,unknown
facebook,legacy_facebook_unknown,legacy_row_000589,2025-08-05T13:00:00-04:00,103,9,,synthetic,unknown
facebook,legacy_facebook_unknown,legacy_row_000590,2025-08-05T14:00:00-04:00,62,13,,synthetic,unknown
facebook,legacy_facebook_unknown,legacy_row_000591,2025-08-05T16:00:00-04:00,60,15,,synthetic,unknown
facebook,legacy_facebook_unknown,legacy_row_000592,2025-08-05T17:00:00-04:00,59,8,,synthetic,unknown
facebook,legacy_facebook_unknown,legacy_row_000593,2025-08-05T20:00:00-04:00,71,18,,synthetic,unknown
facebook,legacy_facebook_unknown,legacy_row_000594,2025-08-05T20:00:00-04:00,92,9,,synthetic,unknown
facebook,legacy_facebook_unknown,legacy_row_000595,2025-08-05T21:00:00-04:00,44,5,,synthetic,unknown
facebook,legacy_facebook_unknown,legacy_row_000596,2025-08-05T21:00:00-04:00,26,3,,synthetic,unknown
facebook,legacy_facebook_unknown,legacy_row_000597,2025-08-06T10:00:00-04:00,38,7,,synthetic,unknown
facebook,legacy_facebook_unknown,legacy_row_000598,2025-08-06T13:00:00-04:00,65,19,,synthetic,unknown
facebook,legacy_facebook_unknown,legacy_row_000599,2025-08-06T15:00:00-04:00,102,11,,synthetic,unknown
facebook,legacy_facebook_unknown,legacy_row_000600,2025-08-06T18:00:00-04:00,67,19,,synthetic,unknown
facebook,legacy_facebook_unknown,legacy_row_000601,2025-08-06T19:00:00-04:00,49,14,,synthetic,unknown
facebook,legacy_facebook_unknown,legacy_row_000602,2025-08-06T21:00:00-04:00,25,3,,synthetic,unknown
facebook,legacy_facebook_unknown,legacy_row_000603,2025-08-07T09:00:00-04:00,15,3,,synthetic,unknown
facebook,legacy_facebook_unknown,legacy_row_000604,2025-08-07T12:00:00-04:00,52,11,,synthetic,unknown
facebook,legacy_facebook_unknown,legacy_row_000605,2025-08-07T13:00:00-04:00,64,6,,synthetic,unknown
facebook,legacy_facebook_unknown,legacy_row_000606,2025-08-07T14:00:00-04:00,34,10,,synthetic,unknown
facebook,legacy_facebook_unknown,legacy_row_000607,2025-08-07T17:00:00-04:00,17,3,,synthetic,unknown
facebook,legacy_facebook_unknown,legacy_row_000608,2025-08-08T12:00:00-04:00,55,12,,synthetic,unknown
facebook,legacy_facebook_unknown,legacy_row_000609,2025-08-08T12:00:00-04:00,55,20,,synthetic,unknown
facebook,legacy_facebook_unknown,legacy_row_000610,2025-08-11T09:00:00-04:00,14,3,,synthetic,unknown
facebook,legacy_facebook_unknown,legacy_row_000611,2025-08-11T12:00:00-04:00,52,14,,synthetic,unknown
facebook,legacy_facebook_unknown,legacy_row_000612,2025-08-11T12:00:00-04:00,80,12,,synthetic,unknown
facebook,legacy_facebook_unknown,legacy_row_000613,2025-08-11T13:00:00-04:00,62,13,,synthetic,unknown
facebook,legacy_facebook_unknown,legacy_row_000614,2025-08-11T13:00:00-04:00,91,9,,synthetic,unknown
facebook,legacy_facebook_unknown,legacy_row_000615,2025-08-12T09:00:00-04:00,15,2,,synthetic,unknown
facebook,legacy_facebook_unknown,legacy_row_000616,2025-08-12T13:00:00-04:00,56,19,,synthetic,unknown
facebook,legacy_facebook_unknown,legacy_row_000617,2025-08-12T14:00:00-04:00,62,15,,synthetic,unknown
facebook,legacy_facebook_unknown,legacy_row_000618,2025-08-12T16:00:00-04:00,70,8,,synthetic,unknown
facebook,legacy_facebook_unknown,legacy_row_000619,2025-08-12T18:00:00-04:00,76,20,,synthetic,unknown
facebook,legacy_facebook_unknown,legacy_row_000620,2025-08-12T19:00:00-04:00,65,24,,synthetic,unknown
facebook,legacy_facebook_unknown,legacy_row_000621,2025-08-12T20:00:00-04:00,97,12,,synthetic,unknown
facebook,legacy_facebook_unknown,legacy_row_000622,2025-08-13T13:00:00-04:00,50,20,,synthetic,unknown
facebook,legacy_facebook_unknown,legacy_row_000623,2025-08-13T14:00:00-04:00,88,12,,synthetic,unknown
facebook,legacy_facebook_unknown,legacy_row_000624,2025-08-13T15:00:00-04:00,45,13,,synthetic,unknown
facebook,legacy_facebook_unknown,legacy_row_000625,2025-08-13T16:00:00-04:00,74,18,,synthetic,unknown
facebook,legacy_facebook_unknown,legacy_row_000626,2025-08-13T18:00:00-04:00,73,18,,synthetic,unknown
facebook,legacy_facebook_unknown,legacy_row_000627,2025-08-13T20:00:00-04:00,66,21,,synthetic,unknown
facebook,legacy_facebook_unknown,legacy_row_000628,2025-08-13T20:00:00-04:00,59,16,,synthetic,unknown
facebook,legacy_facebook_unknown,legacy_row_000629,2025-08-14T14:00:00-04:00,53,17,,synthetic,unknown
facebook,legacy_facebook_unknown,legacy_row_000630,2025-08-14T18:00:00-04:00,15,1,,synthetic,unknown
facebook,legacy_facebook_unknown,legacy_row_000631,2025-08-15T11:00:00-04:00,33,4,,synthetic,unknown
facebook,legacy_facebook_unknown,legacy_row_000632,2025-08-15T12:00:00-04:00,61,8,,synthetic,unknown
facebook,legacy_facebook_unknown,legacy_row_000633,2025-08-15T12:00:00-04:00,45,18,,synthetic,unknown
facebook,legacy_facebook_unknown,legacy_row_000634,2025-08-16T11:00:00-04:00,6,2,,synthetic,unknown
facebook,legacy_facebook_unknown,legacy_row_000635,2025-08-18T12:00:00-04:00,55,19,,synthetic,unknown
facebook,legacy_facebook_unknown,legacy_row_000636,2025-08-18T12:00:00-04:00,47,14,,synthetic,unknown
facebook,legacy_facebook_unknown,legacy_row_000637,2025-08-18T13:00:00-04:00,76,17,,synthetic,unknown
facebook,legacy_facebook_unknown,legacy_row_000638,2025-08-19T16:00:00-04:00,45,9,,synthetic,unknown
facebook,legacy_facebook_unknown,legacy_row_000639,2025-08-19T17:00:00-04:00,80,14,,synthetic,unknown
facebook,legacy_facebook_unknown,legacy_row_000640,2025-08-19T19:00:00-04:00,63,11,,synthetic,unknown
facebook,legacy_facebook_unknown,legacy_row_000641,2025-08-20T10:00:00-04:00,44,5,,synthetic,unknown
facebook,legacy_facebook_unknown,legacy_row_000642,2025-08-20T11:00:00-04:00,21,5,,synthetic,unknown
facebook,legacy_facebook_unknown,legacy_row_000643,2025-08-20T15:00:00-04:00,58,10,,synthetic,unknown
facebook,legacy_facebook_unknown,legacy_row_000644,2025-08-20T17:00:00-04:00,66,9,,synthetic,unknown
facebook,legacy_facebook_unknown,legacy_row_000645,2025-08-20T18:00:00-04:00,65,11,,synthetic,unknown
facebook,legacy_facebook_unknown,legacy_row_000646,2025-08-22T06:00:00-04:00,10,3,,synthetic,unknown
facebook,legacy_facebook_unknown,legacy_row_000647,2025-08-23T10:00:00-04:00,17,1,,synthetic,unknown
facebook,legacy_facebook_unknown,legacy_row_000648,2025-08-23T11:00:00-04:00,22,4,,synthetic,unknown
facebook,legacy_facebook_unknown,legacy_row_000649,2025-08-25T10:00:00-04:00,21,6,,synthetic,unknown
facebook,legacy_facebook_unknown,legacy_row_000650,2025-08-25T12:00:00-04:00,57,6,,synthetic,unknown
facebook,legacy_facebook_unknown,legacy_row_000651,2025-08-26T13:00:00-04:00,55,17,,synthetic,unknown
facebook,legacy_facebook_unknown,legacy_row_000652,2025-08-26T14:00:00-04:00,86,8,,synthetic,unknown
facebook,legacy_facebook_unknown,legacy_row_000653,2025-08-26T15:00:00-04:00,50,9,,synthetic,unknown
facebook,legacy_facebook_unknown,legacy_row_000654,2025-08-26T19:00:00-04:00,46,14,,synthetic,unknown
facebook,legacy_facebook_unknown,legacy_row_000655,2025-08-26T20:00:00-04:00,48,12,,synthetic,unknown
facebook,legacy_facebook_unknown,legacy_row_000656,2025-08-27T13:00:00-04:00,59,9,,synthetic,unknown
facebook,legacy_facebook_unknown,legacy_row_000657,2025-08-27T13:00:00-04:00,89,12,,synthetic,unknown
facebook,legacy_facebook_unknown,legacy_row_000658,2025-08-27T15:00:00-04:00,53,8,,synthetic,unknown
facebook,legacy_facebook_unknown,legacy_row_000659,2025-08-27T16:00:00-04:00,52,8,,synthetic,unknown
facebook,legacy_facebook_unknown,legacy_row_000660,2025-08-27T16:00:00-04:00,49,8,,synthetic,unknown
facebook,legacy_facebook_unknown,legacy_row_000661,2025-08-27T18:00:00-04:00,63,15,,synthetic,unknown
facebook,legacy_facebook_unknown,legacy_row_000662,2025-08-27T20:00:00-04:00,69,15,,synthetic,unknown
facebook,legacy_facebook_unknown,legacy_row_000663,2025-08-27T21:00:00-04:00,46,8,,synthetic,unknown
facebook,legacy_facebook_unknown,legacy_row_000664,2025-08-28T07:00:00-04:00,4,1,,synthetic,unknown
facebook,legacy_facebook_unknown,legacy_row_000665,2025-08-28T13:00:00-04:00,64,8,,synthetic,unknown
facebook,legacy_facebook_unknown,legacy_row_000666,2025-08-28T20:00:00-04:00,61,17,,synthetic,unknown
facebook,legacy_facebook_unknown,legacy_row_000667,2025-08-31T11:00:00-04:00,28,4,,synthetic,unknown
facebook,legacy_facebook_unknown,legacy_row_000668,2025-09-01T12:00:00-04:00,71,9,,synthetic,unknown
facebook,legacy_facebook_unknown,legacy_row_000669,2025-09-01T12:00:00-04:00,44,12,,synthetic,unknown
facebook,legacy_facebook_unknown,legacy_row_000670,2025-09-01T12:00:00-04:00,41,11,,synthetic,unknown
facebook,legacy_facebook_unknown,legacy_row_000671,2025-09-01T13:00:00-04:00,46,13,,synthetic,unknown
facebook,legacy_facebook_unknown,legacy_row_000672,2025-09-02T13:00:00-04:00,91,11,,synthetic,unknown
facebook,legacy_facebook_unknown,legacy_row_000673,2025-09-02T13:00:00-04:00,82,15,,synthetic,unknown
facebook,legacy_facebook_unknown,legacy_row_000674,2025-09-02T17:00:00-04:00,70,23,,synthetic,unknown
facebook,legacy_facebook_unknown,legacy_row_000675,2025-09-02T18:00:00-04:00,97,12,,synthetic,unknown
facebook,legacy_facebook_unknown,legacy_row_000676,2025-09-02T19:00:00-04:00,55,16,,synthetic,unknown
facebook,legacy_facebook_unknown,legacy_row_000677,2025-09-03T09:00:00-04:00,15,1,,synthetic,unknown
facebook,legacy_facebook_unknown,legacy_row_000678,2025-09-03T11:00:00-04:00,31,11,,synthetic,unknown
facebook,legacy_facebook_unknown,legacy_row_000679,2025-09-03T14:00:00-04:00,87,10,,synthetic,unknown
facebook,legacy_facebook_unknown,legacy_row_000680,2025-09-03T14:00:00-04:00,71,13,,synthetic,unknown
facebook,legacy_facebook_unknown,legacy_row_000681,2025-09-03T14:00:00-04:00,71,11,,synthetic,unknown
facebook,legacy_facebook_unknown,legacy_row_000682,2025-09-03T15:00:00-04:00,47,11,,synthetic,unknown
facebook,legacy_facebook_unknown,legacy_row_000683,2025-09-03T17:00:00-04:00,53,9,,synthetic,unknown
facebook,legacy_facebook_unknown,legacy_row_000684,2025-09-03T20:00:00-04:00,81,14,,synthetic,unknown
facebook,legacy_facebook_unknown,legacy_row_000685,2025-09-04T11:00:00-04:00,30,6,,synthetic,unknown
facebook,legacy_facebook_unknown,legacy_row_000686,2025-09-04T13:00:00-04:00,45,13,,synthetic,unknown
facebook,legacy_facebook_unknown,legacy_row_000687,2025-09-04T15:00:00-04:00,41,5,,synthetic,unknown
facebook,legacy_facebook_unknown,legacy_row_000688,2025-09-04T18:00:00-04:00,19,2,,synthetic,unknown
facebook,legacy_facebook_unknown,legacy_row_000689,2025-09-05T21:00:00-04:00,16,3,,synthetic,unknown
facebook,legacy_facebook_unknown,legacy_row_000690,2025-09-06T10:00:00-04:00,21,2,,synthetic,unknown
facebook,legacy_facebook_unknown,legacy_row_000691,2025-09-08T12:00:00-04:00,93,9,,synthetic,unknown
facebook,legacy_facebook_unknown,legacy_row_000692,2025-09-09T15:00:00-04:00,54,13,,synthetic,unknown
facebook,legacy_facebook_unknown,legacy_row_000693,2025-09-09T17:00:00-04:00,58,15,,synthetic,unknown
facebook,legacy_facebook_unknown,legacy_row_000694,2025-09-09T21:00:00-04:00,23,4,,synthetic,unknown
facebook,legacy_facebook_unknown,legacy_row_000695,2025-09-10T11:00:00-04:00,27,3,,synthetic,unknown
facebook,legacy_facebook_unknown,legacy_row_000696,2025-09-10T12:00:00-04:00,45,13,,synthetic,unknown
facebook,legacy_facebook_unknown,legacy_row_000697,2025-09-10T13:00:00-04:00,68,7,,synthetic,unknown
facebook,legacy_facebook_unknown,legacy_row_000698,2025-09-10T13:00:00-04:00,68,7,,synthetic,unknown
facebook,legacy_facebook_unknown,legacy_row_000699,2025-09-10T13:00:00-04:00,44,14,,synthetic,unknown
facebook,legacy_facebook_unknown,legacy_row_000700,2025-09-10T13:00:00-04:00,48,18,,synthetic,unknown
facebook,legacy_facebook_unknown,legacy_row_000701,2025-09-10T14:00:00-04:00,48,11,,synthetic,unknown
facebook,legacy_facebook_unknown,legacy_row_000702,2025-09-10T16:00:00-04:00,81,15,,synthetic,unknown
facebook,legacy_facebook_unknown,legacy_row_000703,2025-09-10T17:00:00-04:00,83,8,,synthetic,unknown
facebook,legacy_facebook_unknown,legacy_row_000704,2025-09-11T12:00:00-04:00,72,12,,synthetic,unknown
facebook,legacy_facebook_unknown,legacy_row_000705,2025-09-11T13:00:00-04:00,33,12,,synthetic,unknown
facebook,legacy_facebook_unknown,legacy_row_000706,2025-09-11T13:00:00-04:00,47,13,,synthetic,unknown
facebook,legacy_facebook_unknown,legacy_row_000707,2025-09-11T15:00:00-04:00,47,5,,synthetic,unknown
facebook,legacy_facebook_unknown,legacy_row_000708,2025-09-11T19:00:00-04:00,21,4,,synthetic,unknown
facebook,legacy_facebook_unknown,legacy_row_000709,2025-09-11T20:00:00-04:00,37,14,,synthetic,unknown
facebook,legacy_facebook_unknown,legacy_row_000710,2025-09-12T12:00:00-04:00,69,12,,synthetic,unknown
facebook,legacy_facebook_unknown,legacy_row_000711,2025-09-14T12:00:00-04:00,31,3,,synthetic,unknown
facebook,legacy_facebook_unknown,legacy_row_000712,2025-09-15T13:00:00-04:00,81,14,,synthetic,unknown
facebook,legacy_facebook_unknown,legacy_row_000713,2025-09-15T13:00:00-04:00,51,22,,synthetic,unknown
facebook,legacy_facebook_unknown,legacy_row_000714,2025-09-16T13:00:00-04:00,52,10,,synthetic,unknown
facebook,legacy_facebook_unknown,legacy_row_000715,2025-09-16T14:00:00-04:00,35,13,,synthetic,unknown
facebook,legacy_facebook_unknown,legacy_row_000716,2025-09-16T20:00:00-04:00,61,20,,synthetic,unknown
facebook,legacy_facebook_unknown,legacy_row_000717,2025-09-16T20:00:00-04:00,49,14,,synthetic,unknown
facebook,legacy_facebook_unknown,legacy_row_000718,2025-09-17T12:00:00-04:00,55,16,,synthetic,unknown
facebook,legacy_facebook_unknown,legacy_row_000719,2025-09-17T12:00:00-04:00,92,10,,synthetic,unknown
facebook,legacy_facebook_unknown,legacy_row_000720,2025-09-17T17:00:00-04:00,70,17,,synthetic,unknown
facebook,legacy_facebook_unknown,legacy_row_000721,2025-09-17T18:00:00-04:00,56,17,,synthetic,unknown
facebook,legacy_facebook_unknown,legacy_row_000722,2025-09-17T21:00:00-04:00,41,8,,synthetic,unknown
facebook,legacy_facebook_unknown,legacy_row_000723,2025-09-17T21:00:00-04:00,27,3,,synthetic,unknown
facebook,legacy_facebook_unknown,legacy_row_000724,2025-09-18T13:00:00-04:00,91,11,,synthetic,unknown
facebook,legacy_facebook_unknown,legacy_row_000725,2025-09-18T13:00:00-04:00,54,7,,synthetic,unknown
facebook,legacy_facebook_unknown,legacy_row_000726,2025-09-18T14:00:00-04:00,50,6,,synthetic,unknown
facebook,legacy_facebook_unknown,legacy_row_000727,2025-09-18T15:00:00-04:00,33,7,,synthetic,unknown
facebook,legacy_facebook_unknown,legacy_row_000728,2025-09-18T20:00:00-04:00,61,7,,synthetic,unknown
facebook,legacy_facebook_unknown,legacy_row_000729,2025-09-19T12:00:00-04:00,54,14,,synthetic,unknown
facebook,legacy_facebook_unknown,legacy_row_000730,2025-09-19T12:00:00-04:00,83,10,,synthetic,unknown
facebook,legacy_facebook_unknown,legacy_row_000731,2025-09-19T12:00:00-04:00,63,14,,synthetic,unknown
facebook,legacy_facebook_unknown,legacy_row_000732,2025-09-21T12:00:00-04:00,16,3,,synthetic,unknown
facebook,legacy_facebook_unknown,legacy_row_000733,2025-09-22T10:00:00-04:00,41,5,,synthetic,unknown
facebook,legacy_facebook_unknown,legacy_row_000734,2025-09-22T12:00:00-04:00,79,8,,synthetic,unknown
facebook,legacy_facebook_unknown,legacy_row_000735,2025-09-22T12:00:00-04:00,63,15,,synthetic,unknown
facebook,legacy_facebook_unknown,legacy_row_000736,2025-09-23T11:00:00-04:00,27,3,,synthetic,unknown
facebook,legacy_facebook_unknown,legacy_row_000737,2025-09-23T14:00:00-04:00,100,10,,synthetic,unknown
facebook,legacy_facebook_unknown,legacy_row_000738,2025-09-23T20:00:00-04:00,89,8,,synthetic,unknown
facebook,legacy_facebook_unknown,legacy_row_000739,2025-09-24T17:00:00-04:00,70,12,,synthetic,unknown
facebook,legacy_facebook_unknown,legacy_row_000740,2025-09-24T20:00:00-04:00,80,18,,synthetic,unknown
facebook,legacy_facebook_unknown,legacy_row_000741,2025-09-25T11:00:00-04:00,47,6,,synthetic,unknown
facebook,legacy_facebook_unknown,legacy_row_000742,2025-09-25T14:00:00-04:00,66,20,,synthetic,unknown
facebook,legacy_facebook_unknown,legacy_row_000743,2025-09-25T16:00:00-04:00,19,6,,synthetic,unknown
facebook,legacy_facebook_unknown,legacy_row_000744,2025-09-25T20:00:00-04:00,73,10,,synthetic,unknown
facebook,legacy_facebook_unknown,legacy_row_000745,2025-09-26T12:00:00-04:00,38,5,,synthetic,unknown
facebook,legacy_facebook_unknown,legacy_row_000746,2025-09-26T13:00:00-04:00,42,4,,synthetic,unknown
facebook,legacy_facebook_unknown,legacy_row_000747,2025-09-27T11:00:00-04:00,22,2,,synthetic,unknown
facebook,legacy_facebook_unknown,legacy_row_000748,2025-09-29T11:00:00-04:00,40,10,,synthetic,unknown
facebook,legacy_facebook_unknown,legacy_row_000749,2025-09-29T12:00:00-04:00,70,8,,synthetic,unknown
facebook,legacy_facebook_unknown,legacy_row_000750,2025-09-29T12:00:00-04:00,58,9,,synthetic,unknown
facebook,legacy_facebook_unknown,legacy_row_000751,2025-09-30T11:00:00-04:00,15,5,,synthetic,unknown
facebook,legacy_facebook_unknown,legacy_row_000752,2025-09-30T15:00:00-04:00,71,14,,synthetic,unknown
facebook,legacy_facebook_unknown,legacy_row_000753,2025-10-01T19:00:00-04:00,80,12,,synthetic,unknown
facebook,legacy_facebook_unknown,legacy_row_000754,2025-10-01T19:00:00-04:00,43,12,,synthetic,unknown
facebook,legacy_facebook_unknown,legacy_row_000755,2025-10-01T19:00:00-04:00,78,18,,synthetic,unknown
facebook,legacy_facebook_unknown,legacy_row_000756,2025-10-01T20:00:00-04:00,71,6,,synthetic,unknown
facebook,legacy_facebook_unknown,legacy_row_000757,2025-10-02T12:00:00-04:00,76,9,,synthetic,unknown
facebook,legacy_facebook_unknown,legacy_row_000758,2025-10-02T12:00:00-04:00,62,16,,synthetic,unknown
facebook,legacy_facebook_unknown,legacy_row_000759,2025-10-02T14:00:00-04:00,84,10,,synthetic,unknown
facebook,legacy_facebook_unknown,legacy_row_000760,2025-10-02T14:00:00-04:00,80,10,,synthetic,unknown
facebook,legacy_facebook_unknown,legacy_row_000761,2025-10-02T16:00:00-04:00,31,3,,synthetic,unknown
facebook,legacy_facebook_unknown,legacy_row_000762,2025-10-02T22:00:00-04:00,6,1,,synthetic,unknown
facebook,legacy_facebook_unknown,legacy_row_000763,2025-10-03T12:00:00-04:00,57,16,,synthetic,unknown
facebook,legacy_facebook_unknown,legacy_row_000764,2025-10-03T14:00:00-04:00,28,5,,synthetic,unknown
facebook,legacy_facebook_unknown,legacy_row_000765,2025-10-06T13:00:00-04:00,62,14,,synthetic,unknown
facebook,legacy_facebook_unknown,legacy_row_000766,2025-10-06T14:00:00-04:00,32,4,,synthetic,unknown
facebook,legacy_facebook_unknown,legacy_row_000767,2025-10-06T17:00:00-04:00,17,4,,synthetic,unknown
facebook,legacy_facebook_unknown,legacy_row_000768,2025-10-07T13:00:00-04:00,56,13,,synthetic,unknown
facebook,legacy_facebook_unknown,legacy_row_000769,2025-10-07T14:00:00-04:00,51,17,,synthetic,unknown
facebook,legacy_facebook_unknown,legacy_row_000770,2025-10-07T15:00:00-04:00,56,11,,synthetic,unknown
facebook,legacy_facebook_unknown,legacy_row_000771,2025-10-07T16:00:00-04:00,87,9,,synthetic,unknown
facebook,legacy_facebook_unknown,legacy_row_000772,2025-10-07T18:00:00-04:00,80,18,,synthetic,unknown
facebook,legacy_facebook_unknown,legacy_row_000773,2025-10-08T10:00:00-04:00,35,5,,synthetic,unknown
facebook,legacy_facebook_unknown,legacy_row_000774,2025-10-08T10:00:00-04:00,21,7,,synthetic,unknown
facebook,legacy_facebook_unknown,legacy_row_000775,2025-10-08T12:00:00-04:00,88,12,,synthetic,unknown
facebook,legacy_facebook_unknown,legacy_row_000776,2025-10-08T14:00:00-04:00,77,12,,synthetic,unknown
facebook,legacy_facebook_unknown,legacy_row_000777,2025-10-08T16:00:00-04:00,50,18,,synthetic,unknown
facebook,legacy_facebook_unknown,legacy_row_000778,2025-10-08T20:00:00-04:00,48,9,,synthetic,unknown
facebook,legacy_facebook_unknown,legacy_row_000779,2025-10-09T12:00:00-04:00,76,8,,synthetic,unknown
facebook,legacy_facebook_unknown,legacy_row_000780,2025-10-09T13:00:00-04:00,83,15,,synthetic,unknown
facebook,legacy_facebook_unknown,legacy_row_000781,2025-10-09T13:00:00-04:00,45,11,,synthetic,unknown
facebook,legacy_facebook_unknown,legacy_row_000782,2025-10-09T14:00:00-04:00,66,16,,synthetic,unknown
facebook,legacy_facebook_unknown,legacy_row_000783,2025-10-09T14:00:00-04:00,47,12,,synthetic,unknown
facebook,legacy_facebook_unknown,legacy_row_000784,2025-10-10T15:00:00-04:00,8,1,,synthetic,unknown
facebook,legacy_facebook_unknown,legacy_row_000785,2025-10-10T20:00:00-04:00,19,1,,synthetic,unknown
facebook,legacy_facebook_unknown,legacy_row_000786,2025-10-12T10:00:00-04:00,38,4,,synthetic,unknown
facebook,legacy_facebook_unknown,legacy_row_000787,2025-10-13T08:00:00-04:00,12,1,,synthetic,unknown
facebook,legacy_facebook_unknown,legacy_row_000788,2025-10-13T12:00:00-04:00,68,18,,synthetic,unknown
facebook,legacy_facebook_unknown,legacy_row_000789,2025-10-13T13:00:00-04:00,64,13,,synthetic,unknown
facebook,legacy_facebook_unknown,legacy_row_000790,2025-10-14T12:00:00-04:00,76,8,,synthetic,unknown
facebook,legacy_facebook_unknown,legacy_row_000791,2025-10-14T13:00:00-04:00,74,14,,synthetic,unknown
facebook,legacy_facebook_unknown,legacy_row_000792,2025-10-14T14:00:00-04:00,64,21,,synthetic,unknown
facebook,legacy_facebook_unknown,legacy_row_000793,2025-10-14T16:00:00-04:00,103,14,,synthetic,unknown
facebook,legacy_facebook_unknown,legacy_row_000794,2025-10-14T18:00:00-04:00,70,14,,synthetic,unknown
facebook,legacy_facebook_unknown,legacy_row_000795,2025-10-15T07:00:00-04:00,19,2,,synthetic,unknown
facebook,legacy_facebook_unknown,legacy_row_000796,2025-10-16T12:00:00-04:00,43,11,,synthetic,unknown
facebook,legacy_facebook_unknown,legacy_row_000797,2025-10-16T14:00:00-04:00,72,11,,synthetic,unknown
facebook,legacy_facebook_unknown,legacy_row_000798,2025-10-16T20:00:00-04:00,72,14,,synthetic,unknown
facebook,legacy_facebook_unknown,legacy_row_000799,2025-10-17T12:00:00-04:00,63,13,,synthetic,unknown
facebook,legacy_facebook_unknown,legacy_row_000800,2025-10-18T10:00:00-04:00,24,1,,synthetic,unknown
facebook,legacy_facebook_unknown,legacy_row_000801,2025-10-20T12:00:00-04:00,57,18,,synthetic,unknown
facebook,legacy_facebook_unknown,legacy_row_000802,2025-10-20T12:00:00-04:00,62,14,,synthetic,unknown
facebook,legacy_facebook_unknown,legacy_row_000803,2025-10-20T13:00:00-04:00,74,20,,synthetic,unknown
facebook,legacy_facebook_unknown,legacy_row_000804,2025-10-21T12:00:00-04:00,82,15,,synthetic,unknown
facebook,legacy_facebook_unknown,legacy_row_000805,2025-10-21T12:00:00-04:00,75,18,,synthetic,unknown
facebook,legacy_facebook_unknown,legacy_row_000806,2025-10-21T13:00:00-04:00,71,7,,synthetic,unknown
facebook,legacy_facebook_unknown,legacy_row_000807,2025-10-21T13:00:00-04:00,56,7,,synthetic,unknown
facebook,legacy_facebook_unknown,legacy_row_000808,2025-10-21T20:00:00-04:00,107,9,,synthetic,unknown
facebook,legacy_facebook_unknown,legacy_row_000809,2025-10-22T12:00:00-04:00,59,20,,synthetic,unknown
facebook,legacy_facebook_unknown,legacy_row_000810,2025-10-22T12:00:00-04:00,45,15,,synthetic,unknown
facebook,legacy_facebook_unknown,legacy_row_000811,2025-10-22T13:00:00-04:00,59,7,,synthetic,unknown
facebook,legacy_facebook_unknown,legacy_row_000812,2025-10-22T14:00:00-04:00,55,12,,synthetic,unknown
facebook,legacy_facebook_unknown,legacy_row_000813,2025-10-22T15:00:00-04:00,59,15,,synthetic,unknown
facebook,legacy_facebook_unknown,legacy_row_000814,2025-10-22T18:00:00-04:00,53,19,,synthetic,unknown
facebook,legacy_facebook_unknown,legacy_row_000815,2025-10-22T20:00:00-04:00,59,14,,synthetic,unknown
facebook,legacy_facebook_unknown,legacy_row_000816,2025-10-22T21:00:00-04:00,46,10,,synthetic,unknown
facebook,legacy_facebook_unknown,legacy_row_000817,2025-10-23T12:00:00-04:00,42,10,,synthetic,unknown
facebook,legacy_facebook_unknown,legacy_row_000818,2025-10-23T12:00:00-04:00,52,9,,synthetic,unknown
facebook,legacy_facebook_unknown,legacy_row_000819,2025-10-23T13:00:00-04:00,66,7,,synthetic,unknown
facebook,legacy_facebook_unknown,legacy_row_000820,2025-10-23T13:00:00-04:00,47,6,,synthetic,unknown
facebook,legacy_facebook_unknown,legacy_row_000821,2025-10-23T20:00:00-04:00,54,9,,synthetic,unknown
facebook,legacy_facebook_unknown,legacy_row_000822,2025-10-23T20:00:00-04:00,77,9,,synthetic,unknown
facebook,legacy_facebook_unknown,legacy_row_000823,2025-10-24T12:00:00-04:00,43,8,,synthetic,unknown
facebook,legacy_facebook_unknown,legacy_row_000824,2025-10-24T12:00:00-04:00,44,8,,synthetic,unknown
facebook,legacy_facebook_unknown,legacy_row_000825,2025-10-24T12:00:00-04:00,69,13,,synthetic,unknown
facebook,legacy_facebook_unknown,legacy_row_000826,2025-10-27T11:00:00-04:00,35,4,,synthetic,unknown
facebook,legacy_facebook_unknown,legacy_row_000827,2025-10-27T12:00:00-04:00,50,15,,synthetic,unknown
facebook,legacy_facebook_unknown,legacy_row_000828,2025-10-27T12:00:00-04:00,59,7,,synthetic,unknown
facebook,legacy_facebook_unknown,legacy_row_000829,2025-10-27T14:00:00-04:00,30,5,,synthetic,unknown
facebook,legacy_facebook_unknown,legacy_row_000830,2025-10-28T09:00:00-04:00,25,3,,synthetic,unknown
facebook,legacy_facebook_unknown,legacy_row_000831,2025-10-28T16:00:00-04:00,88,11,,synthetic,unknown
facebook,legacy_facebook_unknown,legacy_row_000832,2025-10-28T18:00:00-04:00,71,10,,synthetic,unknown
facebook,legacy_facebook_unknown,legacy_row_000833,2025-10-28T20:00:00-04:00,86,17,,synthetic,unknown
facebook,legacy_facebook_unknown,legacy_row_000834,2025-10-28T20:00:00-04:00,50,10,,synthetic,unknown
facebook,legacy_facebook_unknown,legacy_row_000835,2025-10-29T13:00:00-04:00,45,18,,synthetic,unknown
facebook,legacy_facebook_unknown,legacy_row_000836,2025-10-29T14:00:00-04:00,44,13,,synthetic,unknown
facebook,legacy_facebook_unknown,legacy_row_000837,2025-10-29T16:00:00-04:00,44,14,,synthetic,unknown
facebook,legacy_facebook_unknown,legacy_row_000838,2025-10-29T19:00:00-04:00,69,10,,synthetic,unknown
facebook,legacy_facebook_unknown,legacy_row_000839,2025-10-29T20:00:00-04:00,78,13,,synthetic,unknown
facebook,legacy_facebook_unknown,legacy_row_000840,2025-10-29T21:00:00-04:00,46,5,,synthetic,unknown
facebook,legacy_facebook_unknown,legacy_row_000841,2025-10-30T13:00:00-04:00,57,14,,synthetic,unknown
facebook,legacy_facebook_unknown,legacy_row_000842,2025-10-30T15:00:00-04:00,18,5,,synthetic,unknown
facebook,legacy_facebook_unknown,legacy_row_000843,2025-10-31T12:00:00-04:00,46,8,,synthetic,unknown
facebook,legacy_facebook_unknown,legacy_row_000844,2025-11-02T11:00:00-04:00,9,3,,synthetic,unknown
facebook,legacy_facebook_unknown,legacy_row_000845,2025-11-02T12:00:00-04:00,23,4,,synthetic,unknown
facebook,legacy_facebook_unknown,legacy_row_000846,2025-11-03T11:00:00-04:00,49,7,,synthetic,unknown
facebook,legacy_facebook_unknown,legacy_row_000847,2025-11-03T11:00:00-04:00,18,6,,synthetic,unknown
facebook,legacy_facebook_unknown,legacy_row_000848,2025-11-03T13:00:00-04:00,62,18,,synthetic,unknown
facebook,legacy_facebook_unknown,legacy_row_000849,2025-11-03T13:00:00-04:00,86,18,,synthetic,unknown
facebook,legacy_facebook_unknown,legacy_row_000850,2025-11-03T13:00:00-04:00,72,18,,synthetic,unknown
facebook,legacy_facebook_unknown,legacy_row_000851,2025-11-04T06:00:00-04:00,23,2,,synthetic,unknown
facebook,legacy_facebook_unknown,legacy_row_000852,2025-11-04T11:00:00-04:00,47,5,,synthetic,unknown
facebook,legacy_facebook_unknown,legacy_row_000853,2025-11-04T13:00:00-04:00,76,12,,synthetic,unknown
facebook,legacy_facebook_unknown,legacy_row_000854,2025-11-04T13:00:00-04:00,49,14,,synthetic,unknown
facebook,legacy_facebook_unknown,legacy_row_000855,2025-11-04T14:00:00-04:00,75,15,,synthetic,unknown
facebook,legacy_facebook_unknown,legacy_row_000856,2025-11-04T16:00:00-04:00,48,11,,synthetic,unknown
facebook,legacy_facebook_unknown,legacy_row_000857,2025-11-04T17:00:00-04:00,59,6,,synthetic,unknown
facebook,legacy_facebook_unknown,legacy_row_000858,2025-11-04T18:00:00-04:00,73,15,,synthetic,unknown
facebook,legacy_facebook_unknown,legacy_row_000859,2025-11-04T18:00:00-04:00,97,9,,synthetic,unknown
facebook,legacy_facebook_unknown,legacy_row_000860,2025-11-04T22:00:00-04:00,8,1,,synthetic,unknown
facebook,legacy_facebook_unknown,legacy_row_000861,2025-11-05T11:00:00-04:00,27,5,,synthetic,unknown
facebook,legacy_facebook_unknown,legacy_row_000862,2025-11-05T15:00:00-04:00,92,15,,synthetic,unknown
facebook,legacy_facebook_unknown,legacy_row_000863,2025-11-05T17:00:00-04:00,59,10,,synthetic,unknown
facebook,legacy_facebook_unknown,legacy_row_000864,2025-11-05T20:00:00-04:00,67,14,,synthetic,unknown
facebook,legacy_facebook_unknown,legacy_row_000865,2025-11-05T20:00:00-04:00,62,18,,synthetic,unknown
facebook,legacy_facebook_unknown,legacy_row_000866,2025-11-06T10:00:00-04:00,51,6,,synthetic,unknown
facebook,legacy_facebook_unknown,legacy_row_000867,2025-11-06T11:00:00-04:00,45,6,,synthetic,unknown
facebook,legacy_facebook_unknown,legacy_row_000868,2025-11-06T12:00:00-04:00,50,12,,synthetic,unknown
facebook,legacy_facebook_unknown,legacy_row_000869,2025-11-06T13:00:00-04:00,54,17,,synthetic,unknown
facebook,legacy_facebook_unknown,legacy_row_000870,2025-11-06T14:00:00-04:00,45,10,,synthetic,unknown
facebook,legacy_facebook_unknown,legacy_row_000871,2025-11-06T20:00:00-04:00,41,14,,synthetic,unknown
facebook,legacy_facebook_unknown,legacy_row_000872,2025-11-07T12:00:00-04:00,60,11,,synthetic,unknown
facebook,legacy_facebook_unknown,legacy_row_000873,2025-11-07T12:00:00-04:00,82,12,,synthetic,unknown
facebook,legacy_facebook_unknown,legacy_row_000874,2025-11-08T11:00:00-04:00,25,6,,synthetic,unknown
facebook,legacy_facebook_unknown,legacy_row_000875,2025-11-10T10:00:00-04:00,31,5,,synthetic,unknown
facebook,legacy_facebook_unknown,legacy_row_000876,2025-11-10T12:00:00-04:00,90,15,,synthetic,unknown
facebook,legacy_facebook_unknown,legacy_row_000877,2025-11-10T13:00:00-04:00,72,14,,synthetic,unknown
facebook,legacy_facebook_unknown,legacy_row_000878,2025-11-11T12:00:00-04:00,45,13,,synthetic,unknown
facebook,legacy_facebook_unknown,legacy_row_000879,2025-11-11T13:00:00-04:00,46,16,,synthetic,unknown
facebook,legacy_facebook_unknown,legacy_row_000880,2025-11-11T15:00:00-04:00,69,10,,synthetic,unknown
facebook,legacy_facebook_unknown,legacy_row_000881,2025-11-11T16:00:00-04:00,71,9,,synthetic,unknown
facebook,legacy_facebook_unknown,legacy_row_000882,2025-11-11T18:00:00-04:00,45,16,,synthetic,unknown
facebook,legacy_facebook_unknown,legacy_row_000883,2025-11-11T20:00:00-04:00,44,12,,synthetic,unknown
facebook,legacy_facebook_unknown,legacy_row_000884,2025-11-11T21:00:00-04:00,29,7,,synthetic,unknown
facebook,legacy_facebook_unknown,legacy_row_000885,2025-11-11T21:00:00-04:00,29,7,,synthetic,unknown
facebook,legacy_facebook_unknown,legacy_row_000886,2025-11-12T12:00:00-04:00,68,12,,synthetic,unknown
facebook,legacy_facebook_unknown,legacy_row_000887,2025-11-12T12:00:00-04:00,67,14,,synthetic,unknown
facebook,legacy_facebook_unknown,legacy_row_000888,2025-11-12T15:00:00-04:00,71,8,,synthetic,unknown
facebook,legacy_facebook_unknown,legacy_row_000889,2025-11-12T17:00:00-04:00,68,8,,synthetic,unknown
facebook,legacy_facebook_unknown,legacy_row_000890,2025-11-12T20:00:00-04:00,44,11,,synthetic,unknown
facebook,legacy_facebook_unknown,legacy_row_000891,2025-11-12T21:00:00-04:00,46,10,,synthetic,unknown
facebook,legacy_facebook_unknown,legacy_row_000892,2025-11-13T12:00:00-04:00,43,12,,synthetic,unknown
facebook,legacy_facebook_unknown,legacy_row_000893,2025-11-13T12:00:00-04:00,58,18,,synthetic,unknown
facebook,legacy_facebook_unknown,legacy_row_000894,2025-11-13T13:00:00-04:00,61,9,,synthetic,unknown
facebook,legacy_facebook_unknown,legacy_row_000895,2025-11-15T11:00:00-04:00,16,3,,synthetic,unknown
facebook,legacy_facebook_unknown,legacy_row_000896,2025-11-16T12:00:00-04:00,14,2,,synthetic,unknown
facebook,legacy_facebook_unknown,legacy_row_000897,2025-11-17T12:00:00-04:00,64,8,,synthetic,unknown
facebook,legacy_facebook_unknown,legacy_row_000898,2025-11-17T12:00:00-04:00,44,14,,synthetic,unknown
facebook,legacy_facebook_unknown,legacy_row_000899,2025-11-17T13:00:00-04:00,75,14,,synthetic,unknown
facebook,legacy_facebook_unknown,legacy_row_000900,2025-11-18T08:00:00-04:00,8,3,,synthetic,unknown
facebook,legacy_facebook_unknown,legacy_row_000901,2025-11-18T13:00:00-04:00,60,11,,synthetic,unknown
facebook,legacy_facebook_unknown,legacy_row_000902,2025-11-18T16:00:00-04:00,51,12,,synthetic,unknown
facebook,legacy_facebook_unknown,legacy_row_000903,2025-11-19T08:00:00-04:00,21,1,,synthetic,unknown
facebook,legacy_facebook_unknown,legacy_row_000904,2025-11-19T12:00:00-04:00,84,11,,synthetic,unknown
facebook,legacy_facebook_unknown,legacy_row_000905,2025-11-19T13:00:00-04:00,68,10,,synthetic,unknown
facebook,legacy_facebook_unknown,legacy_row_000906,2025-11-19T13:00:00-04:00,88,10,,synthetic,unknown
facebook,legacy_facebook_unknown,legacy_row_000907,2025-11-19T14:00:00-04:00,87,9,,synthetic,unknown
facebook,legacy_facebook_unknown,legacy_row_000908,2025-11-19T15:00:00-04:00,56,16,,synthetic,unknown
facebook,legacy_facebook_unknown,legacy_row_000909,2025-11-19T18:00:00-04:00,59,9,,synthetic,unknown
facebook,legacy_facebook_unknown,legacy_row_000910,2025-11-19T18:00:00-04:00,67,12,,synthetic,unknown
facebook,legacy_facebook_unknown,legacy_row_000911,2025-11-19T20:00:00-04:00,82,11,,synthetic,unknown
facebook,legacy_facebook_unknown,legacy_row_000912,2025-11-19T20:00:00-04:00,73,10,,synthetic,unknown
facebook,legacy_facebook_unknown,legacy_row_000913,2025-11-19T22:00:00-04:00,16,4,,synthetic,unknown
facebook,legacy_facebook_unknown,legacy_row_000914,2025-11-20T12:00:00-04:00,86,9,,synthetic,unknown
facebook,legacy_facebook_unknown,legacy_row_000915,2025-11-20T13:00:00-04:00,58,17,,synthetic,unknown
facebook,legacy_facebook_unknown,legacy_row_000916,2025-11-20T14:00:00-04:00,43,20,,synthetic,unknown
facebook,legacy_facebook_unknown,legacy_row_000917,2025-11-20T19:00:00-04:00,37,7,,synthetic,unknown
facebook,legacy_facebook_unknown,legacy_row_000918,2025-11-21T12:00:00-04:00,56,13,,synthetic,unknown
facebook,legacy_facebook_unknown,legacy_row_000919,2025-11-24T12:00:00-04:00,83,10,,synthetic,unknown
facebook,legacy_facebook_unknown,legacy_row_000920,2025-11-24T13:00:00-04:00,74,12,,synthetic,unknown
facebook,legacy_facebook_unknown,legacy_row_000921,2025-11-24T13:00:00-04:00,92,12,,synthetic,unknown
facebook,legacy_facebook_unknown,legacy_row_000922,2025-11-24T13:00:00-04:00,55,16,,synthetic,unknown
facebook,legacy_facebook_unknown,legacy_row_000923,2025-11-25T14:00:00-04:00,57,11,,synthetic,unknown
facebook,legacy_facebook_unknown,legacy_row_000924,2025-11-25T20:00:00-04:00,55,13,,synthetic,unknown
facebook,legacy_facebook_unknown,legacy_row_000925,2025-11-25T20:00:00-04:00,75,10,,synthetic,unknown
facebook,legacy_facebook_unknown,legacy_row_000926,2025-11-26T15:00:00-04:00,55,13,,synthetic,unknown
facebook,legacy_facebook_unknown,legacy_row_000927,2025-11-26T18:00:00-04:00,48,14,,synthetic,unknown
facebook,legacy_facebook_unknown,legacy_row_000928,2025-11-26T20:00:00-04:00,83,11,,synthetic,unknown
facebook,legacy_facebook_unknown,legacy_row_000929,2025-11-27T14:00:00-04:00,83,21,,synthetic,unknown
facebook,legacy_facebook_unknown,legacy_row_000930,2025-11-27T20:00:00-04:00,33,14,,synthetic,unknown
facebook,legacy_facebook_unknown,legacy_row_000931,2025-11-28T12:00:00-04:00,46,14,,synthetic,unknown
facebook,legacy_facebook_unknown,legacy_row_000932,2025-11-30T10:00:00-04:00,26,3,,synthetic,unknown
facebook,legacy_facebook_unknown,legacy_row_000933,2025-11-30T10:00:00-04:00,17,5,,synthetic,unknown
facebook,legacy_facebook_unknown,legacy_row_000934,2025-12-01T12:00:00-04:00,89,8,,synthetic,unknown
facebook,legacy_facebook_unknown,legacy_row_000935,2025-12-01T12:00:00-04:00,71,17,,synthetic,unknown
facebook,legacy_facebook_unknown,legacy_row_000936,2025-12-01T12:00:00-04:00,50,16,,synthetic,unknown
facebook,legacy_facebook_unknown,legacy_row_000937,2025-12-02T12:00:00-04:00,49,8,,synthetic,unknown
facebook,legacy_facebook_unknown,legacy_row_000938,2025-12-02T13:00:00-04:00,40,17,,synthetic,unknown
facebook,legacy_facebook_unknown,legacy_row_000939,2025-12-02T16:00:00-04:00,52,23,,synthetic,unknown
facebook,legacy_facebook_unknown,legacy_row_000940,2025-12-03T10:00:00-04:00,23,5,,synthetic,unknown
facebook,legacy_facebook_unknown,legacy_row_000941,2025-12-03T12:00:00-04:00,74,10,,synthetic,unknown
facebook,legacy_facebook_unknown,legacy_row_000942,2025-12-03T12:00:00-04:00,59,16,,synthetic,unknown
facebook,legacy_facebook_unknown,legacy_row_000943,2025-12-03T12:00:00-04:00,61,20,,synthetic,unknown
facebook,legacy_facebook_unknown,legacy_row_000944,2025-12-03T15:00:00-04:00,69,9,,synthetic,unknown
facebook,legacy_facebook_unknown,legacy_row_000945,2025-12-03T19:00:00-04:00,73,15,,synthetic,unknown
facebook,legacy_facebook_unknown,legacy_row_000946,2025-12-03T21:00:00-04:00,25,5,,synthetic,unknown
facebook,legacy_facebook_unknown,legacy_row_000947,2025-12-05T15:00:00-04:00,11,2,,synthetic,unknown
facebook,legacy_facebook_unknown,legacy_row_000948,2025-12-06T12:00:00-04:00,14,1,,synthetic,unknown
facebook,legacy_facebook_unknown,legacy_row_000949,2025-12-06T12:00:00-04:00,17,3,,synthetic,unknown
facebook,legacy_facebook_unknown,legacy_row_000950,2025-12-08T12:00:00-04:00,32,15,,synthetic,unknown
facebook,legacy_facebook_unknown,legacy_row_000951,2025-12-08T12:00:00-04:00,44,17,,synthetic,unknown
facebook,legacy_facebook_unknown,legacy_row_000952,2025-12-08T12:00:00-04:00,74,13,,synthetic,unknown
facebook,legacy_facebook_unknown,legacy_row_000953,2025-12-08T13:00:00-04:00,45,11,,synthetic,unknown
facebook,legacy_facebook_unknown,legacy_row_000954,2025-12-08T13:00:00-04:00,75,13,,synthetic,unknown
facebook,legacy_facebook_unknown,legacy_row_000955,2025-12-08T14:00:00-04:00,40,4,,synthetic,unknown
facebook,legacy_facebook_unknown,legacy_row_000956,2025-12-09T10:00:00-04:00,41,4,,synthetic,unknown
facebook,legacy_facebook_unknown,legacy_row_000957,2025-12-09T13:00:00-04:00,64,10,,synthetic,unknown
facebook,legacy_facebook_unknown,legacy_row_000958,2025-12-09T14:00:00-04:00,64,8,,synthetic,unknown
facebook,legacy_facebook_unknown,legacy_row_000959,2025-12-09T15:00:00-04:00,66,9,,synthetic,unknown
facebook,legacy_facebook_unknown,legacy_row_000960,2025-12-09T16:00:00-04:00,83,8,,synthetic,unknown
facebook,legacy_facebook_unknown,legacy_row_000961,2025-12-09T18:00:00-04:00,67,8,,synthetic,unknown
facebook,legacy_facebook_unknown,legacy_row_000962,2025-12-09T19:00:00-04:00,62,15,,synthetic,unknown
facebook,legacy_facebook_unknown,legacy_row_000963,2025-12-09T20:00:00-04:00,68,12,,synthetic,unknown
facebook,legacy_facebook_unknown,legacy_row_000964,2025-12-09T20:00:00-04:00,65,11,,synthetic,unknown
facebook,legacy_facebook_unknown,legacy_row_000965,2025-12-10T08:00:00-04:00,15,1,,synthetic,unknown
facebook,legacy_facebook_unknown,legacy_row_000966,2025-12-10T16:00:00-04:00,41,19,,synthetic,unknown
facebook,legacy_facebook_unknown,legacy_row_000967,2025-12-10T17:00:00-04:00,50,16,,synthetic,unknown
facebook,legacy_facebook_unknown,legacy_row_000968,2025-12-10T20:00:00-04:00,74,16,,synthetic,unknown
facebook,legacy_facebook_unknown,legacy_row_000969,2025-12-11T14:00:00-04:00,63,18,,synthetic,unknown
facebook,legacy_facebook_unknown,legacy_row_000970,2025-12-11T20:00:00-04:00,61,14,,synthetic,unknown
facebook,legacy_facebook_unknown,legacy_row_000971,2025-12-11T20:00:00-04:00,35,11,,synthetic,unknown
facebook,legacy_facebook_unknown,legacy_row_000972,2025-12-13T10:00:00-04:00,28,4,,synthetic,unknown
facebook,legacy_facebook_unknown,legacy_row_000973,2025-12-15T10:00:00-04:00,26,6,,synthetic,unknown
facebook,legacy_facebook_unknown,legacy_row_000974,2025-12-15T11:00:00-04:00,48,9,,synthetic,unknown
facebook,legacy_facebook_unknown,legacy_row_000975,2025-12-15T12:00:00-04:00,69,7,,synthetic,unknown
facebook,legacy_facebook_unknown,legacy_row_000976,2025-12-15T12:00:00-04:00,62,16,,synthetic,unknown
facebook,legacy_facebook_unknown,legacy_row_000977,2025-12-15T13:00:00-04:00,61,18,,synthetic,unknown
facebook,legacy_facebook_unknown,legacy_row_000978,2025-12-15T13:00:00-04:00,48,12,,synthetic,unknown
facebook,legacy_facebook_unknown,legacy_row_000979,2025-12-16T10:00:00-04:00,40,5,,synthetic,unknown
facebook,legacy_facebook_unknown,legacy_row_000980,2025-12-16T11:00:00-04:00,20,4,,synthetic,unknown
facebook,legacy_facebook_unknown,legacy_row_000981,2025-12-16T15:00:00-04:00,90,16,,synthetic,unknown
facebook,legacy_facebook_unknown,legacy_row_000982,2025-12-16T15:00:00-04:00,52,22,,synthetic,unknown
facebook,legacy_facebook_unknown,legacy_row_000983,2025-12-16T17:00:00-04:00,67,12,,synthetic,unknown
facebook,legacy_facebook_unknown,legacy_row_000984,2025-12-16T18:00:00-04:00,74,12,,synthetic,unknown
facebook,legacy_facebook_unknown,legacy_row_000985,2025-12-16T19:00:00-04:00,42,11,,synthetic,unknown
facebook,legacy_facebook_unknown,legacy_row_000986,2025-12-16T21:00:00-04:00,37,10,,synthetic,unknown
facebook,legacy_facebook_unknown,legacy_row_000987,2025-12-17T14:00:00-04:00,68,20,,synthetic,unknown
facebook,legacy_facebook_unknown,legacy_row_000988,2025-12-17T15:00:00-04:00,71,12,,synthetic,unknown
facebook,legacy_facebook_unknown,legacy_row_000989,2025-12-17T16:00:00-04:00,70,9,,synthetic,unknown
facebook,legacy_facebook_unknown,legacy_row_000990,2025-12-17T18:00:00-04:00,52,13,,synthetic,unknown
facebook,legacy_facebook_unknown,legacy_row_000991,2025-12-17T18:00:00-04:00,72,9,,synthetic,unknown
facebook,legacy_facebook_unknown,legacy_row_000992,2025-12-17T19:00:00-04:00,76,13,,synthetic,unknown
facebook,legacy_facebook_unknown,legacy_row_000993,2025-12-17T19:00:00-04:00,72,14,,synthetic,unknown
facebook,legacy_facebook_unknown,legacy_row_000994,2025-12-18T12:00:00-04:00,65,9,,synthetic,unknown
facebook,legacy_facebook_unknown,legacy_row_000995,2025-12-18T12:00:00-04:00,45,9,,synthetic,unknown
facebook,legacy_facebook_unknown,legacy_row_000996,2025-12-21T10:00:00-04:00,18,2,,synthetic,unknown
facebook,legacy_facebook_unknown,legacy_row_000997,2025-12-21T10:00:00-04:00,10,2,,synthetic,unknown
facebook,legacy_facebook_unknown,legacy_row_000998,2025-12-22T06:00:00-04:00,10,1,,synthetic,unknown
facebook,legacy_facebook_unknown,legacy_row_000999,2025-12-22T12:00:00-04:00,47,16,,synthetic,unknown
facebook,legacy_facebook_unknown,legacy_row_001000,2025-12-22T13:00:00-04:00,47,13,,synthetic,unknown
facebook,legacy_facebook_unknown,legacy_row_001001,2025-12-22T13:00:00-04:00,48,19,,synthetic,unknown
facebook,legacy_facebook_unknown,legacy_row_001002,2025-12-22T20:00:00-04:00,14,1,,synthetic,unknown
facebook,legacy_facebook_unknown,legacy_row_001003,2025-12-23T12:00:00-04:00,83,10,,synthetic,unknown
facebook,legacy_facebook_unknown,legacy_row_001004,2025-12-23T13:00:00-04:00,53,10,,synthetic,unknown
facebook,legacy_facebook_unknown,legacy_row_001005,2025-12-23T19:00:00-04:00,51,18,,synthetic,unknown
facebook,legacy_facebook_unknown,legacy_row_001006,2025-12-23T20:00:00-04:00,78,15,,synthetic,unknown
facebook,legacy_facebook_unknown,legacy_row_001007,2025-12-24T13:00:00-04:00,82,16,,synthetic,unknown
facebook,legacy_facebook_unknown,legacy_row_001008,2025-12-24T14:00:00-04:00,50,20,,synthetic,unknown
facebook,legacy_facebook_unknown,legacy_row_001009,2025-12-24T16:00:00-04:00,75,21,,synthetic,unknown
facebook,legacy_facebook_unknown,legacy_row_001010,2025-12-24T17:00:00-04:00,84,21,,synthetic,unknown
facebook,legacy_facebook_unknown,legacy_row_001011,2025-12-24T22:00:00-04:00,7,1,,synthetic,unknown
facebook,legacy_facebook_unknown,legacy_row_001012,2025-12-25T13:00:00-04:00,66,15,,synthetic,unknown
facebook,legacy_facebook_unknown,legacy_row_001013,2025-12-25T16:00:00-04:00,42,8,,synthetic,unknown
facebook,legacy_facebook_unknown,legacy_row_001014,2025-12-25T20:00:00-04:00,50,15,,synthetic,unknown
facebook,legacy_facebook_unknown,legacy_row_001015,2025-12-26T12:00:00-04:00,43,6,,synthetic,unknown
facebook,legacy_facebook_unknown,legacy_row_001016,2025-12-26T12:00:00-04:00,81,10,,synthetic,unknown
facebook,legacy_facebook_unknown,legacy_row_001017,2025-12-28T11:00:00-04:00,19,2,,synthetic,unknown
facebook,legacy_facebook_unknown,legacy_row_001018,2025-12-29T12:00:00-04:00,39,9,,synthetic,unknown
facebook,legacy_facebook_unknown,legacy_row_001019,2025-12-30T13:00:00-04:00,44,10,,synthetic,unknown
facebook,legacy_facebook_unknown,legacy_row_001020,2025-12-30T14:00:00-04:00,40,9,,synthetic,unknown
facebook,legacy_facebook_unknown,legacy_row_001021,2025-12-30T15:00:00-04:00,76,7,,synthetic,unknown
facebook,legacy_facebook_unknown,legacy_row_001022,2025-12-30T16:00:00-04:00,55,18,,synthetic,unknown
facebook,legacy_facebook_unknown,legacy_row_001023,2025-12-30T17:00:00-04:00,94,16,,synthetic,unknown
facebook,legacy_facebook_unknown,legacy_row_001024,2025-12-30T20:00:00-04:00,70,19,,synthetic,unknown
facebook,legacy_facebook_unknown,legacy_row_001025,2025-12-30T21:00:00-04:00,41,4,,synthetic,unknown
facebook,legacy_facebook_unknown,legacy_row_001026,2025-12-31T06:00:00-04:00,8,1,,synthetic,unknown
facebook,legacy_facebook_unknown,legacy_row_001027,2025-12-31T12:00:00-04:00,53,6,,synthetic,unknown
facebook,legacy_facebook_unknown,legacy_row_001028,2025-12-31T13:00:00-04:00,40,10,,synthetic,unknown
facebook,legacy_facebook_unknown,legacy_row_001029,2025-12-31T14:00:00-04:00,66,24,,synthetic,unknown
facebook,legacy_facebook_unknown,legacy_row_001030,2025-12-31T15:00:00-04:00,75,18,,synthetic,unknown
facebook,legacy_facebook_unknown,legacy_row_001031,2025-12-31T16:00:00-04:00,77,15,,synthetic,unknown
facebook,legacy_facebook_unknown,legacy_row_001032,2025-12-31T17:00:00-04:00,57,15,,synthetic,unknown
facebook,legacy_facebook_unknown,legacy_row_001033,2025-12-31T19:00:00-04:00,74,18,,synthetic,unknown
facebook,legacy_facebook_unknown,legacy_row_001034,2025-12-31T20:00:00-04:00,46,10,,synthetic,unknown
facebook,legacy_facebook_unknown,legacy_row_001035,2026-01-02T12:00:00-04:00,38,5,,synthetic,unknown
facebook,legacy_facebook_unknown,legacy_row_001036,2026-01-02T14:00:00-04:00,25,5,,synthetic,unknown
facebook,legacy_facebook_unknown,legacy_row_001037,2026-01-05T12:00:00-04:00,65,8,,synthetic,unknown
facebook,legacy_facebook_unknown,legacy_row_001038,2026-01-05T12:00:00-04:00,71,9,,synthetic,unknown
facebook,legacy_facebook_unknown,legacy_row_001039,2026-01-05T13:00:00-04:00,54,11,,synthetic,unknown
facebook,legacy_facebook_unknown,legacy_row_001040,2026-01-06T11:00:00-04:00,31,3,,synthetic,unknown
facebook,legacy_facebook_unknown,legacy_row_001041,2026-01-06T14:00:00-04:00,69,12,,synthetic,unknown
facebook,legacy_facebook_unknown,legacy_row_001042,2026-01-06T16:00:00-04:00,59,12,,synthetic,unknown
facebook,legacy_facebook_unknown,legacy_row_001043,2026-01-06T18:00:00-04:00,68,10,,synthetic,unknown
facebook,legacy_facebook_unknown,legacy_row_001044,2026-01-06T19:00:00-04:00,36,12,,synthetic,unknown
facebook,legacy_facebook_unknown,legacy_row_001045,2026-01-06T20:00:00-04:00,60,19,,synthetic,unknown
facebook,legacy_facebook_unknown,legacy_row_001046,2026-01-06T21:00:00-04:00,45,6,,synthetic,unknown
facebook,legacy_facebook_unknown,legacy_row_001047,2026-01-07T15:00:00-04:00,47,10,,synthetic,unknown
facebook,legacy_facebook_unknown,legacy_row_001048,2026-01-07T16:00:00-04:00,85,14,,synthetic,unknown
facebook,legacy_facebook_unknown,legacy_row_001049,2026-01-07T16:00:00-04:00,62,13,,synthetic,unknown
facebook,legacy_facebook_unknown,legacy_row_001050,2026-01-08T12:00:00-04:00,61,10,,synthetic,unknown
facebook,legacy_facebook_unknown,legacy_row_001051,2026-01-08T20:00:00-04:00,51,15,,synthetic,unknown
facebook,legacy_facebook_unknown,legacy_row_001052,2026-01-09T11:00:00-04:00,38,8,,synthetic,unknown
facebook,legacy_facebook_unknown,legacy_row_001053,2026-01-09T13:00:00-04:00,29,7,,synthetic,unknown
facebook,legacy_facebook_unknown,legacy_row_001054,2026-01-13T16:00:00-04:00,52,10,,synthetic,unknown
facebook,legacy_facebook_unknown,legacy_row_001055,2026-01-13T18:00:00-04:00,80,15,,synthetic,unknown
facebook,legacy_facebook_unknown,legacy_row_001056,2026-01-13T19:00:00-04:00,59,18,,synthetic,unknown
facebook,legacy_facebook_unknown,legacy_row_001057,2026-01-13T19:00:00-04:00,53,9,,synthetic,unknown
facebook,legacy_facebook_unknown,legacy_row_001058,2026-01-14T10:00:00-04:00,31,11,,synthetic,unknown
facebook,legacy_facebook_unknown,legacy_row_001059,2026-01-14T14:00:00-04:00,49,9,,synthetic,unknown
facebook,legacy_facebook_unknown,legacy_row_001060,2026-01-14T16:00:00-04:00,68,15,,synthetic,unknown
facebook,legacy_facebook_unknown,legacy_row_001061,2026-01-14T19:00:00-04:00,59,15,,synthetic,unknown
facebook,legacy_facebook_unknown,legacy_row_001062,2026-01-14T20:00:00-04:00,60,22,,synthetic,unknown
facebook,legacy_facebook_unknown,legacy_row_001063,2026-01-14T21:00:00-04:00,37,4,,synthetic,unknown
facebook,legacy_facebook_unknown,legacy_row_001064,2026-01-15T13:00:00-04:00,43,11,,synthetic,unknown
facebook,legacy_facebook_unknown,legacy_row_001065,2026-01-15T19:00:00-04:00,39,7,,synthetic,unknown
facebook,legacy_facebook_unknown,legacy_row_001066,2026-01-15T20:00:00-04:00,70,10,,synthetic,unknown
facebook,legacy_facebook_unknown,legacy_row_001067,2026-01-16T12:00:00-04:00,55,6,,synthetic,unknown
facebook,legacy_facebook_unknown,legacy_row_001068,2026-01-18T12:00:00-04:00,19,5,,synthetic,unknown
facebook,legacy_facebook_unknown,legacy_row_001069,2026-01-19T10:00:00-04:00,33,5,,synthetic,unknown
facebook,legacy_facebook_unknown,legacy_row_001070,2026-01-19T13:00:00-04:00,93,8,,synthetic,unknown
facebook,legacy_facebook_unknown,legacy_row_001071,2026-01-19T13:00:00-04:00,81,9,,synthetic,unknown
facebook,legacy_facebook_unknown,legacy_row_001072,2026-01-20T06:00:00-04:00,14,3,,synthetic,unknown
facebook,legacy_facebook_unknown,legacy_row_001073,2026-01-20T11:00:00-04:00,20,5,,synthetic,unknown
facebook,legacy_facebook_unknown,legacy_row_001074,2026-01-20T12:00:00-04:00,69,10,,synthetic,unknown
facebook,legacy_facebook_unknown,legacy_row_001075,2026-01-20T13:00:00-04:00,61,14,,synthetic,unknown
facebook,legacy_facebook_unknown,legacy_row_001076,2026-01-20T17:00:00-04:00,41,13,,synthetic,unknown
facebook,legacy_facebook_unknown,legacy_row_001077,2026-01-20T17:00:00-04:00,71,18,,synthetic,unknown
facebook,legacy_facebook_unknown,legacy_row_001078,2026-01-20T18:00:00-04:00,55,16,,synthetic,unknown
facebook,legacy_facebook_unknown,legacy_row_001079,2026-01-20T19:00:00-04:00,67,21,,synthetic,unknown
facebook,legacy_facebook_unknown,legacy_row_001080,2026-01-20T19:00:00-04:00,67,11,,synthetic,unknown
facebook,legacy_facebook_unknown,legacy_row_001081,2026-01-20T20:00:00-04:00,60,19,,synthetic,unknown
facebook,legacy_facebook_unknown,legacy_row_001082,2026-01-21T10:00:00-04:00,23,5,,synthetic,unknown
facebook,legacy_facebook_unknown,legacy_row_001083,2026-01-21T10:00:00-04:00,19,3,,synthetic,unknown
facebook,legacy_facebook_unknown,legacy_row_001084,2026-01-21T11:00:00-04:00,24,4,,synthetic,unknown
facebook,legacy_facebook_unknown,legacy_row_001085,2026-01-21T14:00:00-04:00,52,13,,synthetic,unknown
facebook,legacy_facebook_unknown,legacy_row_001086,2026-01-21T15:00:00-04:00,54,7,,synthetic,unknown
facebook,legacy_facebook_unknown,legacy_row_001087,2026-01-21T16:00:00-04:00,56,18,,synthetic,unknown
facebook,legacy_facebook_unknown,legacy_row_001088,2026-01-21T19:00:00-04:00,29,12,,synthetic,unknown
facebook,legacy_facebook_unknown,legacy_row_001089,2026-01-22T13:00:00-04:00,76,13,,synthetic,unknown
facebook,legacy_facebook_unknown,legacy_row_001090,2026-01-22T13:00:00-04:00,43,13,,synthetic,unknown
facebook,legacy_facebook_unknown,legacy_row_001091,2026-01-22T13:00:00-04:00,66,8,,synthetic,unknown
facebook,legacy_facebook_unknown,legacy_row_001092,2026-01-22T14:00:00-04:00,49,9,,synthetic,unknown
facebook,legacy_facebook_unknown,legacy_row_001093,2026-01-22T17:00:00-04:00,17,1,,synthetic,unknown
facebook,legacy_facebook_unknown,legacy_row_001094,2026-01-23T10:00:00-04:00,33,9,,synthetic,unknown
facebook,legacy_facebook_unknown,legacy_row_001095,2026-01-23T12:00:00-04:00,42,6,,synthetic,unknown
facebook,legacy_facebook_unknown,legacy_row_001096,2026-01-23T12:00:00-04:00,33,8,,synthetic,unknown
facebook,legacy_facebook_unknown,legacy_row_001097,2026-01-23T12:00:00-04:00,65,10,,synthetic,unknown
facebook,legacy_facebook_unknown,legacy_row_001098,2026-01-25T12:00:00-04:00,14,2,,synthetic,unknown
facebook,legacy_facebook_unknown,legacy_row_001099,2026-01-26T07:00:00-04:00,11,2,,synthetic,unknown
facebook,legacy_facebook_unknown,legacy_row_001100,2026-01-26T12:00:00-04:00,47,15,,synthetic,unknown
facebook,legacy_facebook_unknown,legacy_row_001101,2026-01-26T12:00:00-04:00,59,11,,synthetic,unknown
facebook,legacy_facebook_unknown,legacy_row_001102,2026-01-26T13:00:00-04:00,54,7,,synthetic,unknown
facebook,legacy_facebook_unknown,legacy_row_001103,2026-01-26T13:00:00-04:00,44,10,,synthetic,unknown
facebook,legacy_facebook_unknown,legacy_row_001104,2026-01-27T11:00:00-04:00,24,6,,synthetic,unknown
facebook,legacy_facebook_unknown,legacy_row_001105,2026-01-27T12:00:00-04:00,94,14,,synthetic,unknown
facebook,legacy_facebook_unknown,legacy_row_001106,2026-01-27T13:00:00-04:00,38,14,,synthetic,unknown
facebook,legacy_facebook_unknown,legacy_row_001107,2026-01-27T13:00:00-04:00,60,15,,synthetic,unknown
facebook,legacy_facebook_unknown,legacy_row_001108,2026-01-27T16:00:00-04:00,51,8,,synthetic,unknown
facebook,legacy_facebook_unknown,legacy_row_001109,2026-01-28T10:00:00-04:00,22,7,,synthetic,unknown
facebook,legacy_facebook_unknown,legacy_row_001110,2026-01-28T12:00:00-04:00,76,24,,synthetic,unknown
facebook,legacy_facebook_unknown,legacy_row_001111,2026-01-28T12:00:00-04:00,64,6,,synthetic,unknown
facebook,legacy_facebook_unknown,legacy_row_001112,2026-01-28T15:00:00-04:00,79,14,,synthetic,unknown
facebook,legacy_facebook_unknown,legacy_row_001113,2026-01-28T17:00:00-04:00,47,17,,synthetic,unknown
facebook,legacy_facebook_unknown,legacy_row_001114,2026-01-28T20:00:00-04:00,77,16,,synthetic,unknown
facebook,legacy_facebook_unknown,legacy_row_001115,2026-01-29T10:00:00-04:00,36,7,,synthetic,unknown
facebook,legacy_facebook_unknown,legacy_row_001116,2026-01-29T11:00:00-04:00,26,7,,synthetic,unknown
facebook,legacy_facebook_unknown,legacy_row_001117,2026-01-29T12:00:00-04:00,71,20,,synthetic,unknown
facebook,legacy_facebook_unknown,legacy_row_001118,2026-01-29T16:00:00-04:00,30,6,,synthetic,unknown
facebook,legacy_facebook_unknown,legacy_row_001119,2026-01-29T20:00:00-04:00,47,5,,synthetic,unknown
facebook,legacy_facebook_unknown,legacy_row_001120,2026-01-29T22:00:00-04:00,18,3,,synthetic,unknown
facebook,legacy_facebook_unknown,legacy_row_001121,2026-01-30T11:00:00-04:00,48,5,,synthetic,unknown
facebook,legacy_facebook_unknown,legacy_row_001122,2026-01-30T12:00:00-04:00,51,10,,synthetic,unknown
facebook,legacy_facebook_unknown,legacy_row_001123,2026-01-30T14:00:00-04:00,20,4,,synthetic,unknown
facebook,legacy_facebook_unknown,legacy_row_001124,2026-01-31T11:00:00-04:00,20,3,,synthetic,unknown
facebook,legacy_facebook_unknown,legacy_row_001125,2026-01-31T12:00:00-04:00,13,2,,synthetic,unknown
facebook,legacy_facebook_unknown,legacy_row_001126,2026-01-31T12:00:00-04:00,23,1,,synthetic,unknown
facebook,legacy_facebook_unknown,legacy_row_001127,2026-02-02T13:00:00-04:00,60,10,,synthetic,unknown
facebook,legacy_facebook_unknown,legacy_row_001128,2026-02-03T07:00:00-04:00,29,1,,synthetic,unknown
facebook,legacy_facebook_unknown,legacy_row_001129,2026-02-03T10:00:00-04:00,29,11,,synthetic,unknown
facebook,legacy_facebook_unknown,legacy_row_001130,2026-02-03T11:00:00-04:00,36,11,,synthetic,unknown
facebook,legacy_facebook_unknown,legacy_row_001131,2026-02-03T12:00:00-04:00,83,11,,synthetic,unknown
facebook,legacy_facebook_unknown,legacy_row_001132,2026-02-03T12:00:00-04:00,79,10,,synthetic,unknown
facebook,legacy_facebook_unknown,legacy_row_001133,2026-02-03T16:00:00-04:00,54,14,,synthetic,unknown
facebook,legacy_facebook_unknown,legacy_row_001134,2026-02-03T17:00:00-04:00,83,10,,synthetic,unknown
facebook,legacy_facebook_unknown,legacy_row_001135,2026-02-03T18:00:00-04:00,91,10,,synthetic,unknown
facebook,legacy_facebook_unknown,legacy_row_001136,2026-02-03T21:00:00-04:00,21,6,,synthetic,unknown
facebook,legacy_facebook_unknown,legacy_row_001137,2026-02-04T10:00:00-04:00,59,6,,synthetic,unknown
facebook,legacy_facebook_unknown,legacy_row_001138,2026-02-04T11:00:00-04:00,20,8,,synthetic,unknown
facebook,legacy_facebook_unknown,legacy_row_001139,2026-02-04T12:00:00-04:00,71,11,,synthetic,unknown
facebook,legacy_facebook_unknown,legacy_row_001140,2026-02-04T13:00:00-04:00,63,7,,synthetic,unknown
facebook,legacy_facebook_unknown,legacy_row_001141,2026-02-04T14:00:00-04:00,74,8,,synthetic,unknown
facebook,legacy_facebook_unknown,legacy_row_001142,2026-02-04T18:00:00-04:00,60,15,,synthetic,unknown
facebook,legacy_facebook_unknown,legacy_row_001143,2026-02-05T12:00:00-04:00,77,9,,synthetic,unknown
facebook,legacy_facebook_unknown,legacy_row_001144,2026-02-05T12:00:00-04:00,82,16,,synthetic,unknown
facebook,legacy_facebook_unknown,legacy_row_001145,2026-02-05T13:00:00-04:00,100,10,,synthetic,unknown
facebook,legacy_facebook_unknown,legacy_row_001146,2026-02-05T20:00:00-04:00,49,6,,synthetic,unknown
facebook,legacy_facebook_unknown,legacy_row_001147,2026-02-05T20:00:00-04:00,51,9,,synthetic,unknown
facebook,legacy_facebook_unknown,legacy_row_001148,2026-02-06T12:00:00-04:00,62,14,,synthetic,unknown
facebook,legacy_facebook_unknown,legacy_row_001149,2026-02-07T10:00:00-04:00,13,2,,synthetic,unknown
facebook,legacy_facebook_unknown,legacy_row_001150,2026-02-09T12:00:00-04:00,55,7,,synthetic,unknown
facebook,legacy_facebook_unknown,legacy_row_001151,2026-02-09T13:00:00-04:00,61,7,,synthetic,unknown
facebook,legacy_facebook_unknown,legacy_row_001152,2026-02-09T13:00:00-04:00,52,23,,synthetic,unknown
facebook,legacy_facebook_unknown,legacy_row_001153,2026-02-09T14:00:00-04:00,27,3,,synthetic,unknown
facebook,legacy_facebook_unknown,legacy_row_001154,2026-02-10T06:00:00-04:00,15,3,,synthetic,unknown
facebook,legacy_facebook_unknown,legacy_row_001155,2026-02-10T10:00:00-04:00,39,4,,synthetic,unknown
facebook,legacy_facebook_unknown,legacy_row_001156,2026-02-10T11:00:00-04:00,20,3,,synthetic,unknown
facebook,legacy_facebook_unknown,legacy_row_001157,2026-02-10T12:00:00-04:00,44,14,,synthetic,unknown
facebook,legacy_facebook_unknown,legacy_row_001158,2026-02-10T14:00:00-04:00,42,21,,synthetic,unknown
facebook,legacy_facebook_unknown,legacy_row_001159,2026-02-10T18:00:00-04:00,44,16,,synthetic,unknown
facebook,legacy_facebook_unknown,legacy_row_001160,2026-02-11T10:00:00-04:00,49,6,,synthetic,unknown
facebook,legacy_facebook_unknown,legacy_row_001161,2026-02-11T14:00:00-04:00,63,7,,synthetic,unknown
facebook,legacy_facebook_unknown,legacy_row_001162,2026-02-11T16:00:00-04:00,95,13,,synthetic,unknown
facebook,legacy_facebook_unknown,legacy_row_001163,2026-02-11T17:00:00-04:00,44,12,,synthetic,unknown
facebook,legacy_facebook_unknown,legacy_row_001164,2026-02-11T17:00:00-04:00,76,14,,synthetic,unknown
facebook,legacy_facebook_unknown,legacy_row_001165,2026-02-12T12:00:00-04:00,57,5,,synthetic,unknown
facebook,legacy_facebook_unknown,legacy_row_001166,2026-02-12T13:00:00-04:00,53,13,,synthetic,unknown
facebook,legacy_facebook_unknown,legacy_row_001167,2026-02-12T14:00:00-04:00,72,8,,synthetic,unknown
facebook,legacy_facebook_unknown,legacy_row_001168,2026-02-16T12:00:00-04:00,39,13,,synthetic,unknown
facebook,legacy_facebook_unknown,legacy_row_001169,2026-02-16T13:00:00-04:00,62,9,,synthetic,unknown
facebook,legacy_facebook_unknown,legacy_row_001170,2026-02-16T13:00:00-04:00,71,9,,synthetic,unknown
facebook,legacy_facebook_unknown,legacy_row_001171,2026-02-17T14:00:00-04:00,72,8,,synthetic,unknown
facebook,legacy_facebook_unknown,legacy_row_001172,2026-02-17T15:00:00-04:00,42,10,,synthetic,unknown
facebook,legacy_facebook_unknown,legacy_row_001173,2026-02-17T20:00:00-04:00,86,20,,synthetic,unknown
facebook,legacy_facebook_unknown,legacy_row_001174,2026-02-17T20:00:00-04:00,59,15,,synthetic,unknown
facebook,legacy_facebook_unknown,legacy_row_001175,2026-02-18T09:00:00-04:00,20,1,,synthetic,unknown
facebook,legacy_facebook_unknown,legacy_row_001176,2026-02-18T10:00:00-04:00,54,7,,synthetic,unknown
facebook,legacy_facebook_unknown,legacy_row_001177,2026-02-18T10:00:00-04:00,30,10,,synthetic,unknown
facebook,legacy_facebook_unknown,legacy_row_001178,2026-02-18T11:00:00-04:00,36,7,,synthetic,unknown
facebook,legacy_facebook_unknown,legacy_row_001179,2026-02-18T13:00:00-04:00,48,10,,synthetic,unknown
facebook,legacy_facebook_unknown,legacy_row_001180,2026-02-18T16:00:00-04:00,61,20,,synthetic,unknown
facebook,legacy_facebook_unknown,legacy_row_001181,2026-02-18T16:00:00-04:00,55,10,,synthetic,unknown
facebook,legacy_facebook_unknown,legacy_row_001182,2026-02-18T17:00:00-04:00,62,14,,synthetic,unknown
facebook,legacy_facebook_unknown,legacy_row_001183,2026-02-19T12:00:00-04:00,68,19,,synthetic,unknown
facebook,legacy_facebook_unknown,legacy_row_001184,2026-02-19T13:00:00-04:00,68,20,,synthetic,unknown
facebook,legacy_facebook_unknown,legacy_row_001185,2026-02-19T13:00:00-04:00,62,9,,synthetic,unknown
facebook,legacy_facebook_unknown,legacy_row_001186,2026-02-21T10:00:00-04:00,25,4,,synthetic,unknown
facebook,legacy_facebook_unknown,legacy_row_001187,2026-02-23T11:00:00-04:00,36,7,,synthetic,unknown
facebook,legacy_facebook_unknown,legacy_row_001188,2026-02-23T12:00:00-04:00,64,11,,synthetic,unknown
facebook,legacy_facebook_unknown,legacy_row_001189,2026-02-24T09:00:00-04:00,17,4,,synthetic,unknown
facebook,legacy_facebook_unknown,legacy_row_001190,2026-02-24T13:00:00-04:00,82,9,,synthetic,unknown
facebook,legacy_facebook_unknown,legacy_row_001191,2026-02-24T14:00:00-04:00,71,14,,synthetic,unknown
facebook,legacy_facebook_unknown,legacy_row_001192,2026-02-24T14:00:00-04:00,46,20,,synthetic,unknown
facebook,legacy_facebook_unknown,legacy_row_001193,2026-02-24T15:00:00-04:00,62,10,,synthetic,unknown
facebook,legacy_facebook_unknown,legacy_row_001194,2026-02-25T10:00:00-04:00,36,4,,synthetic,unknown
facebook,legacy_facebook_unknown,legacy_row_001195,2026-02-25T12:00:00-04:00,67,15,,synthetic,unknown
facebook,legacy_facebook_unknown,legacy_row_001196,2026-02-25T14:00:00-04:00,36,12,,synthetic,unknown
facebook,legacy_facebook_unknown,legacy_row_001197,2026-02-25T14:00:00-04:00,41,13,,synthetic,unknown
facebook,legacy_facebook_unknown,legacy_row_001198,2026-02-25T20:00:00-04:00,54,7,,synthetic,unknown
facebook,legacy_facebook_unknown,legacy_row_001199,2026-02-27T12:00:00-04:00,52,7,,synthetic,unknown
facebook,legacy_facebook_unknown,legacy_row_001200,2026-02-28T12:00:00-04:00,36,5,,synthetic,unknown
